run_id,scenario,method,seed,rmse_m,mean_pos_error_m,max_pos_error_m,tp,fp,fn,precision,recall,f1,fpr,localization_correct,iterations,converged,runtime_s,condition_number,variance_factor,n_flagged,n_true_outliers,outlier_magnitude_sigma
0,magnitude-sweep,WLS,5000,0.012104945197181225,0.019978241503564375,0.029901345668479715,0,0,0,1.0,1.0,1.0,0.0,True,1,True,0.0007447079988196492,77.89357825703257,0.776835117005429,0,0,0
0,magnitude-sweep,DIA-reject,5000,0.012104945197181225,0.019978241503564375,0.029901345668479715,0,0,0,1.0,1.0,1.0,0.0,True,1,True,0.002152125001884997,77.89357825703257,0.776835117005429,0,0,0
0,magnitude-sweep,DIA-inflate,5000,0.012104945197181225,0.019978241503564375,0.029901345668479715,0,0,0,1.0,1.0,1.0,0.0,True,1,True,0.0022870420070830733,77.89357825703257,0.776835117005429,0,0,0
0,magnitude-sweep,Huber,5000,0.012104945197181225,0.019978241503564375,0.029901345668479715,0,0,0,1.0,1.0,1.0,0.0,True,2,True,0.002022874978138134,77.89357825703257,0.776835117005429,0,0,0
0,magnitude-sweep,Hampel,5000,0.012104945197181225,0.019978241503564375,0.029901345668479715,0,0,0,1.0,1.0,1.0,0.0,True,2,True,0.0020132079953327775,77.89357825703257,0.776835117005429,0,0,0
1,magnitude-sweep,WLS,5001,0.010709722070354205,0.018307795712983334,0.02352575846376138,0,0,0,1.0,1.0,1.0,0.0,True,1,True,0.0006446250190492719,126.3583953354341,0.6996754616017545,0,0,0
1,magnitude-sweep,DIA-reject,5001,0.010709722070354205,0.018307795712983334,0.02352575846376138,0,0,0,1.0,1.0,1.0,0.0,True,1,True,0.0021758330112788826,126.3583953354341,0.6996754616017545,0,0,0
1,magnitude-sweep,DIA-inflate,5001,0.010709722070354205,0.018307795712983334,0.02352575846376138,0,0,0,1.0,1.0,1.0,0.0,True,1,True,0.0022160829976201057,126.3583953354341,0.6996754616017545,0,0,0
1,magnitude-sweep,Huber,5001,0.010709722070354205,0.018307795712983334,0.02352575846376138,0,0,0,1.0,1.0,1.0,0.0,True,2,True,0.00199462499585934,126.3583953354341,0.6996754616017545,0,0,0
1,magnitude-sweep,Hampel,5001,0.010709722070354205,0.018307795712983334,0.02352575846376138,0,0,0,1.0,1.0,1.0,0.0,True,2,True,0.0019667079905048013,126.3583953354341,0.6996754616017545,0,0,0
2,magnitude-sweep,WLS,5002,0.0058196529304548736,0.00964478118923072,0.016095728251724707,0,0,0,1.0,1.0,1.0,0.0,True,1,True,0.000657291995594278,52.31468257455563,0.8566820692429531,0,0,0
2,magnitude-sweep,DIA-reject,5002,0.0058196529304548736,0.00964478118923072,0.016095728251724707,0,0,0,1.0,1.0,1.0,0.0,True,1,True,0.002273499994771555,52.31468257455563,0.8566820692429531,0,0,0
2,magnitude-sweep,DIA-inflate,5002,0.0058196529304548736,0.00964478118923072,0.016095728251724707,0,0,0,1.0,1.0,1.0,0.0,True,1,True,0.0020574159862007946,52.31468257455563,0.8566820692429531,0,0,0
2,magnitude-sweep,Huber,5002,0.0058196529304548736,0.00964478118923072,0.016095728251724707,0,0,0,1.0,1.0,1.0,0.0,True,2,True,0.0019690000044647604,52.31468257455563,0.8566820692429531,0,0,0
2,magnitude-sweep,Hampel,5002,0.0058196529304548736,0.00964478118923072,0.016095728251724707,0,0,0,1.0,1.0,1.0,0.0,True,2,True,0.0019770840008277446,52.31468257455563,0.8566820692429531,0,0,0
3,magnitude-sweep,WLS,5003,0.007137435746911673,0.012289890343477808,0.013560114860580086,0,0,0,1.0,1.0,1.0,0.0,True,1,True,0.0008254580025095493,72.33152421690671,1.1092674704391468,0,0,0
3,magnitude-sweep,DIA-reject,5003,0.007137435746911673,0.012289890343477808,0.013560114860580086,0,0,0,1.0,1.0,1.0,0.0,True,1,True,0.0021859999978914857,72.33152421690671,1.1092674704391468,0,0,0
3,magnitude-sweep,DIA-inflate,5003,0.007137435746911673,0.012289890343477808,0.013560114860580086,0,0,0,1.0,1.0,1.0,0.0,True,1,True,0.0020903330005239695,72.33152421690671,1.1092674704391468,0,0,0
3,magnitude-sweep,Huber,5003,0.007168955695633268,0.012343735914277528,0.013646299805442606,0,0,0,1.0,1.0,1.0,0.0,True,9,True,0.006239291018573567,72.09152079268088,1.0772547290518188,0,0,0
3,magnitude-sweep,Hampel,5003,0.007168955695633268,0.012343735914277528,0.013646299805442606,0,0,0,1.0,1.0,1.0,0.0,True,9,True,0.006211957981577143,72.09152079268088,1.0772547290518188,0,0,0
4,magnitude-sweep,WLS,5004,0.005747115706764895,0.008287141517002343,0.020997737275535288,0,0,0,1.0,1.0,1.0,0.0,True,1,True,0.0006493330001831055,53.374676935207624,1.105400584446285,0,0,0
4,magnitude-sweep,DIA-reject,5004,0.005747115706764895,0.008287141517002343,0.020997737275535288,0,0,0,1.0,1.0,1.0,0.0,True,1,True,0.0020711249962914735,53.374676935207624,1.105400584446285,0,0,0
4,magnitude-sweep,DIA-inflate,5004,0.005747115706764895,0.008287141517002343,0.020997737275535288,0,0,0,1.0,1.0,1.0,0.0,True,1,True,0.0021205829980317503,53.374676935207624,1.105400584446285,0,0,0
4,magnitude-sweep,Huber,5004,0.005747115706764895,0.008287141517002343,0.020997737275535288,0,0,0,1.0,1.0,1.0,0.0,True,2,True,0.0021012919896747917,53.374676935207624,1.105400584446285,0,0,0
4,magnitude-sweep,Hampel,5004,0.005747115706764895,0.008287141517002343,0.020997737275535288,0,0,0,1.0,1.0,1.0,0.0,True,2,True,0.0021089579968247563,53.374676935207624,1.105400584446285,0,0,0
5,magnitude-sweep,WLS,5005,0.012213208318555173,0.020741578247486677,0.027307390695576795,0,0,0,1.0,1.0,1.0,0.0,True,1,True,0.0006391250062733889,135.44952135167748,0.6890623666065122,0,0,0
5,magnitude-sweep,DIA-reject,5005,0.012213208318555173,0.020741578247486677,0.027307390695576795,0,0,0,1.0,1.0,1.0,0.0,True,1,True,0.00210791701101698,135.44952135167748,0.6890623666065122,0,0,0
5,magnitude-sweep,DIA-inflate,5005,0.012213208318555173,0.020741578247486677,0.027307390695576795,0,0,0,1.0,1.0,1.0,0.0,True,1,True,0.002106667001498863,135.44952135167748,0.6890623666065122,0,0,0
5,magnitude-sweep,Huber,5005,0.012213208318555173,0.020741578247486677,0.027307390695576795,0,0,0,1.0,1.0,1.0,0.0,True,2,True,0.0020579999836627394,135.44952135167748,0.6890623666065122,0,0,0
5,magnitude-sweep,Hampel,5005,0.012213208318555173,0.020741578247486677,0.027307390695576795,0,0,0,1.0,1.0,1.0,0.0,True,2,True,0.001954250008566305,135.44952135167748,0.6890623666065122,0,0,0
6,magnitude-sweep,WLS,5006,0.00909169937380355,0.01558651408433637,0.01987664874797558,0,0,0,1.0,1.0,1.0,0.0,True,1,True,0.0006292500183917582,75.89726154073111,1.0256685963873688,0,0,0
6,magnitude-sweep,DIA-reject,5006,0.00909169937380355,0.01558651408433637,0.01987664874797558,0,0,0,1.0,1.0,1.0,0.0,True,1,True,0.0020994580117985606,75.89726154073111,1.0256685963873688,0,0,0
6,magnitude-sweep,DIA-inflate,5006,0.00909169937380355,0.01558651408433637,0.01987664874797558,0,0,0,1.0,1.0,1.0,0.0,True,1,True,0.0021353329939302057,75.89726154073111,1.0256685963873688,0,0,0
6,magnitude-sweep,Huber,5006,0.00909169937380355,0.01558651408433637,0.01987664874797558,0,0,0,1.0,1.0,1.0,0.0,True,2,True,0.002004749985644594,75.89726154073111,1.0256685963873688,0,0,0
6,magnitude-sweep,Hampel,5006,0.00909169937380355,0.01558651408433637,0.01987664874797558,0,0,0,1.0,1.0,1.0,0.0,True,2,True,0.001971624995348975,75.89726154073111,1.0256685963873688,0,0,0
7,magnitude-sweep,WLS,5007,0.010095457994618882,0.016506135740434216,0.027711639212674416,0,0,0,1.0,1.0,1.0,0.0,True,1,True,0.0006509579834528267,65.27292794360827,1.0079144452640687,0,0,0
7,magnitude-sweep,DIA-reject,5007,0.010095457994618882,0.016506135740434216,0.027711639212674416,0,0,0,1.0,1.0,1.0,0.0,True,1,True,0.0020990410121157765,65.27292794360827,1.0079144452640687,0,0,0
7,magnitude-sweep,DIA-inflate,5007,0.010095457994618882,0.016506135740434216,0.027711639212674416,0,0,0,1.0,1.0,1.0,0.0,True,1,True,0.002129625005181879,65.27292794360827,1.0079144452640687,0,0,0
7,magnitude-sweep,Huber,5007,0.010095457994618882,0.016506135740434216,0.027711639212674416,0,0,0,1.0,1.0,1.0,0.0,True,2,True,0.001952749997144565,65.27292794360827,1.0079144452640687,0,0,0
7,magnitude-sweep,Hampel,5007,0.010095457994618882,0.016506135740434216,0.027711639212674416,0,0,0,1.0,1.0,1.0,0.0,True,2,True,0.0019440420146565884,65.27292794360827,1.0079144452640687,0,0,0
8,magnitude-sweep,WLS,5008,0.006078300223481316,0.009548137058217322,0.01809366541714203,0,0,0,1.0,1.0,1.0,0.0,True,1,True,0.0006310419994406402,60.60816034448152,1.06691539915091,0,0,0
8,magnitude-sweep,DIA-reject,5008,0.006078300223481316,0.009548137058217322,0.01809366541714203,0,0,0,1.0,1.0,1.0,0.0,True,1,True,0.0021029170020483434,60.60816034448152,1.06691539915091,0,0,0
8,magnitude-sweep,DIA-inflate,5008,0.006078300223481316,0.009548137058217322,0.01809366541714203,0,0,0,1.0,1.0,1.0,0.0,True,1,True,0.0021712089946959168,60.60816034448152,1.06691539915091,0,0,0
8,magnitude-sweep,Huber,5008,0.006054888577938712,0.009526178472735578,0.018019116757609616,0,0,0,1.0,1.0,1.0,0.0,True,7,True,0.0049045000050682575,60.526542012324455,1.0430810733932154,0,0,0
8,magnitude-sweep,Hampel,5008,0.006054888577938712,0.009526178472735578,0.018019116757609616,0,0,0,1.0,1.0,1.0,0.0,True,7,True,0.004975040996214375,60.526542012324455,1.0430810733932154,0,0,0
9,magnitude-sweep,WLS,5009,0.010008296593909831,0.016491842350882833,0.02309033891098333,0,0,0,1.0,1.0,1.0,0.0,True,1,True,0.0006388750043697655,78.64394450809199,0.8079599960423111,0,0,0
9,magnitude-sweep,DIA-reject,5009,0.010008296593909831,0.016491842350882833,0.02309033891098333,0,0,0,1.0,1.0,1.0,0.0,True,1,True,0.002084833016851917,78.64394450809199,0.8079599960423111,0,0,0
9,magnitude-sweep,DIA-inflate,5009,0.010008296593909831,0.016491842350882833,0.02309033891098333,0,0,0,1.0,1.0,1.0,0.0,True,1,True,0.0021929579961579293,78.64394450809199,0.8079599960423111,0,0,0
9,magnitude-sweep,Huber,5009,0.010008296593909831,0.016491842350882833,0.02309033891098333,0,0,0,1.0,1.0,1.0,0.0,True,2,True,0.0019760829745791852,78.64394450809199,0.8079599960423111,0,0,0
9,magnitude-sweep,Hampel,5009,0.010008296593909831,0.016491842350882833,0.02309033891098333,0,0,0,1.0,1.0,1.0,0.0,True,2,True,0.0019457500020507723,78.64394450809199,0.8079599960423111,0,0,0
10,magnitude-sweep,WLS,5010,0.007491669237148682,0.011481633055059953,0.023347482834975286,0,0,0,1.0,1.0,1.0,0.0,True,1,True,0.0006430420035030693,148.68483203629037,1.2107149311205225,0,0,0
10,magnitude-sweep,DIA-reject,5010,0.007491669237148682,0.011481633055059953,0.023347482834975286,0,0,0,1.0,1.0,1.0,0.0,True,1,True,0.002078124991385266,148.68483203629037,1.2107149311205225,0,0,0
10,magnitude-sweep,DIA-inflate,5010,0.007491669237148682,0.011481633055059953,0.023347482834975286,0,0,0,1.0,1.0,1.0,0.0,True,1,True,0.00211516598938033,148.68483203629037,1.2107149311205225,0,0,0
10,magnitude-sweep,Huber,5010,0.007491669237148682,0.011481633055059953,0.023347482834975286,0,0,0,1.0,1.0,1.0,0.0,True,2,True,0.0019946670217905194,148.68483203629037,1.2107149311205225,0,0,0
10,magnitude-sweep,Hampel,5010,0.007491669237148682,0.011481633055059953,0.023347482834975286,0,0,0,1.0,1.0,1.0,0.0,True,2,True,0.0019269170006737113,148.68483203629037,1.2107149311205225,0,0,0
11,magnitude-sweep,WLS,5011,0.0067943058463075115,0.011365199933010096,0.016612714008874215,0,0,0,1.0,1.0,1.0,0.0,True,1,True,0.0006344169960357249,51.61304269760503,0.9003575976000038,0,0,0
11,magnitude-sweep,DIA-reject,5011,0.0067943058463075115,0.011365199933010096,0.016612714008874215,0,0,0,1.0,1.0,1.0,0.0,True,1,True,0.0021260830108076334,51.61304269760503,0.9003575976000038,0,0,0
11,magnitude-sweep,DIA-inflate,5011,0.0067943058463075115,0.011365199933010096,0.016612714008874215,0,0,0,1.0,1.0,1.0,0.0,True,1,True,0.0020576249808073044,51.61304269760503,0.9003575976000038,0,0,0
11,magnitude-sweep,Huber,5011,0.0067943058463075115,0.011365199933010096,0.016612714008874215,0,0,0,1.0,1.0,1.0,0.0,True,2,True,0.0019942079961765558,51.61304269760503,0.9003575976000038,0,0,0
11,magnitude-sweep,Hampel,5011,0.0067943058463075115,0.011365199933010096,0.016612714008874215,0,0,0,1.0,1.0,1.0,0.0,True,2,True,0.0019684580038301647,51.61304269760503,0.9003575976000038,0,0,0
12,magnitude-sweep,WLS,5012,0.007069221321470187,0.01210114768740492,0.014949227618336424,0,0,0,1.0,1.0,1.0,0.0,True,1,True,0.0006392500072252005,247.42007544922987,1.4717739230528197,0,0,0
12,magnitude-sweep,DIA-reject,5012,0.007069221321470187,0.01210114768740492,0.014949227618336424,0,0,0,1.0,1.0,1.0,0.0,True,1,True,0.0021832080092281103,247.42007544922987,1.4717739230528197,0,0,0
12,magnitude-sweep,DIA-inflate,5012,0.007069221321470187,0.01210114768740492,0.014949227618336424,0,0,0,1.0,1.0,1.0,0.0,True,1,True,0.0020730420073959976,247.42007544922987,1.4717739230528197,0,0,0
12,magnitude-sweep,Huber,5012,0.007072959876638319,0.012121635675349162,0.014929303137146112,0,0,0,1.0,1.0,1.0,0.0,True,9,True,0.006107082997914404,247.39872139053514,1.4451572254478653,0,0,0
12,magnitude-sweep,Hampel,5012,0.007072959876638319,0.012121635675349162,0.014929303137146112,0,0,0,1.0,1.0,1.0,0.0,True,9,True,0.0059314160025678575,247.39872139053514,1.4451572254478653,0,0,0
13,magnitude-sweep,WLS,5013,0.005907573265600489,0.009851670487934585,0.014149252319287214,0,0,0,1.0,1.0,1.0,0.0,True,1,True,0.0006715409981552511,54.10956093962194,1.8241043353946649,0,0,0
13,magnitude-sweep,DIA-reject,5013,0.005907573265600489,0.009851670487934585,0.014149252319287214,0,0,0,1.0,1.0,1.0,0.0,True,1,False,0.002166040998417884,54.10956093962194,1.8241043353946649,0,0,0
13,magnitude-sweep,DIA-inflate,5013,0.005907573265600489,0.009851670487934585,0.014149252319287214,0,0,0,1.0,1.0,1.0,0.0,True,1,False,0.0020802500075660646,54.10956093962194,1.8241043353946649,0,0,0
13,magnitude-sweep,Huber,5013,0.005907573265600489,0.009851670487934585,0.014149252319287214,0,0,0,1.0,1.0,1.0,0.0,True,2,True,0.0019680840196087956,54.10956093962194,1.8241043353946649,0,0,0
13,magnitude-sweep,Hampel,5013,0.005907573265600489,0.009851670487934585,0.014149252319287214,0,0,0,1.0,1.0,1.0,0.0,True,2,True,0.001999958010856062,54.10956093962194,1.8241043353946649,0,0,0
14,magnitude-sweep,WLS,5014,0.006387755208446359,0.00889021508531769,0.024454764948591865,0,0,0,1.0,1.0,1.0,0.0,True,1,True,0.0006429589993786067,81.51547843805784,1.536550474582604,0,0,0
14,magnitude-sweep,DIA-reject,5014,0.007270493817658934,0.011840917504073869,0.019726180358075114,0,1,0,0.0,1.0,0.0,0.0625,False,2,True,0.003467208007350564,110.9408816452703,1.0393806637579766,1,0,0
14,magnitude-sweep,DIA-inflate,5014,0.007186708337398993,0.011672133531442185,0.019749215118707603,0,1,0,0.0,1.0,0.0,0.0625,False,2,True,0.0035679159918799996,110.38317309650587,0.9356209307452052,1,0,0
14,magnitude-sweep,Huber,5014,0.006099072984564438,0.008488920496955805,0.023617782947276615,0,0,0,1.0,1.0,1.0,0.0,True,10,True,0.006596124992938712,84.8508427233115,1.4632626516612885,0,0,0
14,magnitude-sweep,Hampel,5014,0.006099072984564438,0.008488920496955805,0.023617782947276615,0,0,0,1.0,1.0,1.0,0.0,True,10,True,0.006704291998175904,84.8508427233115,1.4632626516612885,0,0,0
15,magnitude-sweep,WLS,5015,0.005142107625911434,0.00760990157924083,0.01714246487523852,0,0,0,1.0,1.0,1.0,0.0,True,1,True,0.0006365410226862878,107.28980785162476,0.7988141219913403,0,0,0
15,magnitude-sweep,DIA-reject,5015,0.005142107625911434,0.00760990157924083,0.01714246487523852,0,0,0,1.0,1.0,1.0,0.0,True,1,True,0.0020876659837085754,107.28980785162476,0.7988141219913403,0,0,0
15,magnitude-sweep,DIA-inflate,5015,0.005142107625911434,0.00760990157924083,0.01714246487523852,0,0,0,1.0,1.0,1.0,0.0,True,1,True,0.0021305000118445605,107.28980785162476,0.7988141219913403,0,0,0
15,magnitude-sweep,Huber,5015,0.005142107625911434,0.00760990157924083,0.01714246487523852,0,0,0,1.0,1.0,1.0,0.0,True,2,True,0.0019844579801429063,107.28980785162476,0.7988141219913403,0,0,0
15,magnitude-sweep,Hampel,5015,0.005142107625911434,0.00760990157924083,0.01714246487523852,0,0,0,1.0,1.0,1.0,0.0,True,2,True,0.0019615830096881837,107.28980785162476,0.7988141219913403,0,0,0
16,magnitude-sweep,WLS,5016,0.007557481976641253,0.011590239413058586,0.02406605697898754,0,0,0,1.0,1.0,1.0,0.0,True,1,True,0.0006558749882970005,43.39661661349071,0.7473888032602232,0,0,0
16,magnitude-sweep,DIA-reject,5016,0.007557481976641253,0.011590239413058586,0.02406605697898754,0,0,0,1.0,1.0,1.0,0.0,True,1,True,0.0021614170109387487,43.39661661349071,0.7473888032602232,0,0,0
16,magnitude-sweep,DIA-inflate,5016,0.007557481976641253,0.011590239413058586,0.02406605697898754,0,0,0,1.0,1.0,1.0,0.0,True,1,True,0.002050040988251567,43.39661661349071,0.7473888032602232,0,0,0
16,magnitude-sweep,Huber,5016,0.007557481976641253,0.011590239413058586,0.02406605697898754,0,0,0,1.0,1.0,1.0,0.0,True,2,True,0.0019527089898474514,43.39661661349071,0.7473888032602232,0,0,0
16,magnitude-sweep,Hampel,5016,0.007557481976641253,0.011590239413058586,0.02406605697898754,0,0,0,1.0,1.0,1.0,0.0,True,2,True,0.002007000002777204,43.39661661349071,0.7473888032602232,0,0,0
17,magnitude-sweep,WLS,5017,0.009404519707810498,0.013680354274586814,0.030870456374143398,0,0,0,1.0,1.0,1.0,0.0,True,1,True,0.0006397920078597963,46.675039576941096,0.8099778300321248,0,0,0
17,magnitude-sweep,DIA-reject,5017,0.009404519707810498,0.013680354274586814,0.030870456374143398,0,0,0,1.0,1.0,1.0,0.0,True,1,True,0.002111291978508234,46.675039576941096,0.8099778300321248,0,0,0
17,magnitude-sweep,DIA-inflate,5017,0.009404519707810498,0.013680354274586814,0.030870456374143398,0,0,0,1.0,1.0,1.0,0.0,True,1,True,0.002042250009253621,46.675039576941096,0.8099778300321248,0,0,0
17,magnitude-sweep,Huber,5017,0.009404519707810498,0.013680354274586814,0.030870456374143398,0,0,0,1.0,1.0,1.0,0.0,True,2,True,0.0019417089933995157,46.675039576941096,0.8099778300321248,0,0,0
17,magnitude-sweep,Hampel,5017,0.009404519707810498,0.013680354274586814,0.030870456374143398,0,0,0,1.0,1.0,1.0,0.0,True,2,True,0.0020115409861318767,46.675039576941096,0.8099778300321248,0,0,0
18,magnitude-sweep,WLS,5018,0.004777520029172078,0.00799152636098942,0.010942152678442396,0,0,0,1.0,1.0,1.0,0.0,True,1,True,0.0007267500041052699,44.65495243693963,0.9794162649085989,0,0,0
18,magnitude-sweep,DIA-reject,5018,0.004777520029172078,0.00799152636098942,0.010942152678442396,0,0,0,1.0,1.0,1.0,0.0,True,1,True,0.0020466659916564822,44.65495243693963,0.9794162649085989,0,0,0
18,magnitude-sweep,DIA-inflate,5018,0.004777520029172078,0.00799152636098942,0.010942152678442396,0,0,0,1.0,1.0,1.0,0.0,True,1,True,0.0020381670037750155,44.65495243693963,0.9794162649085989,0,0,0
18,magnitude-sweep,Huber,5018,0.004777520029172078,0.00799152636098942,0.010942152678442396,0,0,0,1.0,1.0,1.0,0.0,True,2,True,0.0019402909965720028,44.65495243693963,0.9794162649085989,0,0,0
18,magnitude-sweep,Hampel,5018,0.004777520029172078,0.00799152636098942,0.010942152678442396,0,0,0,1.0,1.0,1.0,0.0,True,2,True,0.0019659580138977617,44.65495243693963,0.9794162649085989,0,0,0
19,magnitude-sweep,WLS,5019,0.003597188858972336,0.005924457708642714,0.007979256406071573,0,0,0,1.0,1.0,1.0,0.0,True,1,True,0.0006407500186469406,74.88066548938862,0.6069274747131145,0,0,0
19,magnitude-sweep,DIA-reject,5019,0.003597188858972336,0.005924457708642714,0.007979256406071573,0,0,0,1.0,1.0,1.0,0.0,True,1,True,0.0020481249957811087,74.88066548938862,0.6069274747131145,0,0,0
19,magnitude-sweep,DIA-inflate,5019,0.003597188858972336,0.005924457708642714,0.007979256406071573,0,0,0,1.0,1.0,1.0,0.0,True,1,True,0.0020470840099733323,74.88066548938862,0.6069274747131145,0,0,0
19,magnitude-sweep,Huber,5019,0.003597188858972336,0.005924457708642714,0.007979256406071573,0,0,0,1.0,1.0,1.0,0.0,True,2,True,0.0019510409911163151,74.88066548938862,0.6069274747131145,0,0,0
19,magnitude-sweep,Hampel,5019,0.003597188858972336,0.005924457708642714,0.007979256406071573,0,0,0,1.0,1.0,1.0,0.0,True,2,True,0.0019882920023519546,74.88066548938862,0.6069274747131145,0,0,0
20,magnitude-sweep,WLS,5020,0.010727744654559425,0.0172479425659099,0.027698504333163985,0,0,0,1.0,1.0,1.0,0.0,True,1,True,0.0006657090270891786,98.4502054306865,1.011633379913726,0,0,0
20,magnitude-sweep,DIA-reject,5020,0.010727744654559425,0.0172479425659099,0.027698504333163985,0,0,0,1.0,1.0,1.0,0.0,True,1,True,0.002102833997923881,98.4502054306865,1.011633379913726,0,0,0
20,magnitude-sweep,DIA-inflate,5020,0.010727744654559425,0.0172479425659099,0.027698504333163985,0,0,0,1.0,1.0,1.0,0.0,True,1,True,0.0020677089923992753,98.4502054306865,1.011633379913726,0,0,0
20,magnitude-sweep,Huber,5020,0.010727744654559425,0.0172479425659099,0.027698504333163985,0,0,0,1.0,1.0,1.0,0.0,True,2,True,0.0020000829827040434,98.4502054306865,1.011633379913726,0,0,0
20,magnitude-sweep,Hampel,5020,0.010727744654559425,0.0172479425659099,0.027698504333163985,0,0,0,1.0,1.0,1.0,0.0,True,2,True,0.0020316670124884695,98.4502054306865,1.011633379913726,0,0,0
21,magnitude-sweep,WLS,5021,0.00651635845099911,0.010609674891406648,0.016854142199705397,0,0,0,1.0,1.0,1.0,0.0,True,1,True,0.0006364579894579947,105.0404260159168,1.347865570394824,0,0,0
21,magnitude-sweep,DIA-reject,5021,0.00651635845099911,0.010609674891406648,0.016854142199705397,0,0,0,1.0,1.0,1.0,0.0,True,1,True,0.0020682920003309846,105.0404260159168,1.347865570394824,0,0,0
21,magnitude-sweep,DIA-inflate,5021,0.00651635845099911,0.010609674891406648,0.016854142199705397,0,0,0,1.0,1.0,1.0,0.0,True,1,True,0.0021045829926151782,105.0404260159168,1.347865570394824,0,0,0
21,magnitude-sweep,Huber,5021,0.00649968028578601,0.010604583662527037,0.01658840397064308,0,0,0,1.0,1.0,1.0,0.0,True,7,True,0.004904083994915709,104.01340044939614,1.2942638198161358,0,0,0
21,magnitude-sweep,Hampel,5021,0.00649968028578601,0.010604583662527037,0.01658840397064308,0,0,0,1.0,1.0,1.0,0.0,True,7,True,0.004864207992795855,104.01340044939614,1.2942638198161358,0,0,0
22,magnitude-sweep,WLS,5022,0.003806408470788871,0.005997754339116113,0.009324477749300427,0,0,0,1.0,1.0,1.0,0.0,True,1,True,0.0006329170137178153,35.715161985136156,0.6789431528446607,0,0,0
22,magnitude-sweep,DIA-reject,5022,0.003806408470788871,0.005997754339116113,0.009324477749300427,0,0,0,1.0,1.0,1.0,0.0,True,1,True,0.002114583010552451,35.715161985136156,0.6789431528446607,0,0,0
22,magnitude-sweep,DIA-inflate,5022,0.003806408470788871,0.005997754339116113,0.009324477749300427,0,0,0,1.0,1.0,1.0,0.0,True,1,True,0.0020547079911921173,35.715161985136156,0.6789431528446607,0,0,0
22,magnitude-sweep,Huber,5022,0.003806408470788871,0.005997754339116113,0.009324477749300427,0,0,0,1.0,1.0,1.0,0.0,True,2,True,0.001972416997887194,35.715161985136156,0.6789431528446607,0,0,0
22,magnitude-sweep,Hampel,5022,0.003806408470788871,0.005997754339116113,0.009324477749300427,0,0,0,1.0,1.0,1.0,0.0,True,2,True,0.002067749999696389,35.715161985136156,0.6789431528446607,0,0,0
23,magnitude-sweep,WLS,5023,0.011708672817878499,0.019552327492186366,0.02662753054106927,0,0,0,1.0,1.0,1.0,0.0,True,1,True,0.0006333329947665334,95.26385941694977,1.518613651671751,0,0,0
23,magnitude-sweep,DIA-reject,5023,0.011708672817878499,0.019552327492186366,0.02662753054106927,0,0,0,1.0,1.0,1.0,0.0,True,1,False,0.0020732090051751584,95.26385941694977,1.518613651671751,0,0,0
23,magnitude-sweep,DIA-inflate,5023,0.011708672817878499,0.019552327492186366,0.02662753054106927,0,0,0,1.0,1.0,1.0,0.0,True,1,False,0.002076249977108091,95.26385941694977,1.518613651671751,0,0,0
23,magnitude-sweep,Huber,5023,0.01170021724434141,0.019547305813095068,0.02661051856270184,0,0,0,1.0,1.0,1.0,0.0,True,8,True,0.005464916001074016,95.30197907567332,1.4788129782008796,0,0,0
23,magnitude-sweep,Hampel,5023,0.01170021724434141,0.019547305813095068,0.02661051856270184,0,0,0,1.0,1.0,1.0,0.0,True,8,True,0.005463917012093589,95.30197907567332,1.4788129782008796,0,0,0
24,magnitude-sweep,WLS,5024,0.006533749602088093,0.010737444436916793,0.016388712453577314,0,0,0,1.0,1.0,1.0,0.0,True,1,True,0.0006379580008797348,27.82075061096955,0.8887717653419288,0,0,0
24,magnitude-sweep,DIA-reject,5024,0.006533749602088093,0.010737444436916793,0.016388712453577314,0,0,0,1.0,1.0,1.0,0.0,True,1,True,0.0020774169825017452,27.82075061096955,0.8887717653419288,0,0,0
24,magnitude-sweep,DIA-inflate,5024,0.006533749602088093,0.010737444436916793,0.016388712453577314,0,0,0,1.0,1.0,1.0,0.0,True,1,True,0.002074874995741993,27.82075061096955,0.8887717653419288,0,0,0
24,magnitude-sweep,Huber,5024,0.006533749602088093,0.010737444436916793,0.016388712453577314,0,0,0,1.0,1.0,1.0,0.0,True,2,True,0.0019501250062603503,27.82075061096955,0.8887717653419288,0,0,0
24,magnitude-sweep,Hampel,5024,0.006533749602088093,0.010737444436916793,0.016388712453577314,0,0,0,1.0,1.0,1.0,0.0,True,2,True,0.002021874999627471,27.82075061096955,0.8887717653419288,0,0,0
25,magnitude-sweep,WLS,5025,0.01646095182648345,0.02832560679940746,0.035584978699750684,0,0,0,1.0,1.0,1.0,0.0,True,1,True,0.000638832978438586,375.37409049270707,0.5767823571815791,0,0,0
25,magnitude-sweep,DIA-reject,5025,0.01646095182648345,0.02832560679940746,0.035584978699750684,0,0,0,1.0,1.0,1.0,0.0,True,1,True,0.0020751669944729656,375.37409049270707,0.5767823571815791,0,0,0
25,magnitude-sweep,DIA-inflate,5025,0.01646095182648345,0.02832560679940746,0.035584978699750684,0,0,0,1.0,1.0,1.0,0.0,True,1,True,0.0020482079999055713,375.37409049270707,0.5767823571815791,0,0,0
25,magnitude-sweep,Huber,5025,0.01646095182648345,0.02832560679940746,0.035584978699750684,0,0,0,1.0,1.0,1.0,0.0,True,2,True,0.0019964590028394014,375.37409049270707,0.5767823571815791,0,0,0
25,magnitude-sweep,Hampel,5025,0.01646095182648345,0.02832560679940746,0.035584978699750684,0,0,0,1.0,1.0,1.0,0.0,True,2,True,0.001956374995643273,375.37409049270707,0.5767823571815791,0,0,0
26,magnitude-sweep,WLS,5026,0.008172608608627988,0.013775042674230733,0.019855620381255625,0,0,0,1.0,1.0,1.0,0.0,True,1,True,0.0006322499830275774,98.25389016714142,0.928834091821152,0,0,0
26,magnitude-sweep,DIA-reject,5026,0.008172608608627988,0.013775042674230733,0.019855620381255625,0,0,0,1.0,1.0,1.0,0.0,True,1,True,0.002060500002698973,98.25389016714142,0.928834091821152,0,0,0
26,magnitude-sweep,DIA-inflate,5026,0.008172608608627988,0.013775042674230733,0.019855620381255625,0,0,0,1.0,1.0,1.0,0.0,True,1,True,0.002070417016511783,98.25389016714142,0.928834091821152,0,0,0
26,magnitude-sweep,Huber,5026,0.008172608608627988,0.013775042674230733,0.019855620381255625,0,0,0,1.0,1.0,1.0,0.0,True,2,True,0.0020305420039221644,98.25389016714142,0.928834091821152,0,0,0
26,magnitude-sweep,Hampel,5026,0.008172608608627988,0.013775042674230733,0.019855620381255625,0,0,0,1.0,1.0,1.0,0.0,True,2,True,0.001972582977032289,98.25389016714142,0.928834091821152,0,0,0
27,magnitude-sweep,WLS,5027,0.009584558845671805,0.0159811390657685,0.025458393525340125,0,0,0,1.0,1.0,1.0,0.0,True,1,True,0.0006379999977070838,54.90491743233256,0.9736695313478234,0,0,0
27,magnitude-sweep,DIA-reject,5027,0.009584558845671805,0.0159811390657685,0.025458393525340125,0,0,0,1.0,1.0,1.0,0.0,True,1,True,0.002074999996693805,54.90491743233256,0.9736695313478234,0,0,0
27,magnitude-sweep,DIA-inflate,5027,0.009584558845671805,0.0159811390657685,0.025458393525340125,0,0,0,1.0,1.0,1.0,0.0,True,1,True,0.0021699999924749136,54.90491743233256,0.9736695313478234,0,0,0
27,magnitude-sweep,Huber,5027,0.009584558845671805,0.0159811390657685,0.025458393525340125,0,0,0,1.0,1.0,1.0,0.0,True,2,True,0.001949500001501292,54.90491743233256,0.9736695313478234,0,0,0
27,magnitude-sweep,Hampel,5027,0.009584558845671805,0.0159811390657685,0.025458393525340125,0,0,0,1.0,1.0,1.0,0.0,True,2,True,0.0019322079897392541,54.90491743233256,0.9736695313478234,0,0,0
28,magnitude-sweep,WLS,5028,0.007880855594994653,0.012793625768215336,0.01818464281489918,0,0,0,1.0,1.0,1.0,0.0,True,1,True,0.0006330419855657965,46.3734144552942,1.2822645787290528,0,0,0
28,magnitude-sweep,DIA-reject,5028,0.007880855594994653,0.012793625768215336,0.01818464281489918,0,0,0,1.0,1.0,1.0,0.0,True,1,True,0.002069416019367054,46.3734144552942,1.2822645787290528,0,0,0
28,magnitude-sweep,DIA-inflate,5028,0.007880855594994653,0.012793625768215336,0.01818464281489918,0,0,0,1.0,1.0,1.0,0.0,True,1,True,0.0021109590015839785,46.3734144552942,1.2822645787290528,0,0,0
28,magnitude-sweep,Huber,5028,0.007891315077080513,0.012799613050630054,0.01806024508217646,0,0,0,1.0,1.0,1.0,0.0,True,8,True,0.005396499997004867,46.32588707383013,1.2551369711741227,0,0,0
28,magnitude-sweep,Hampel,5028,0.007891315077080513,0.012799613050630054,0.01806024508217646,0,0,0,1.0,1.0,1.0,0.0,True,8,True,0.005490999988978729,46.32588707383013,1.2551369711741227,0,0,0
29,magnitude-sweep,WLS,5029,0.004997354525987873,0.007429266718492902,0.016929682577757666,0,0,0,1.0,1.0,1.0,0.0,True,1,True,0.0006381249986588955,48.879008775737944,1.0054318161444085,0,0,0
29,magnitude-sweep,DIA-reject,5029,0.004997354525987873,0.007429266718492902,0.016929682577757666,0,0,0,1.0,1.0,1.0,0.0,True,1,True,0.002071374998195097,48.879008775737944,1.0054318161444085,0,0,0
29,magnitude-sweep,DIA-inflate,5029,0.004997354525987873,0.007429266718492902,0.016929682577757666,0,0,0,1.0,1.0,1.0,0.0,True,1,True,0.0021727500134147704,48.879008775737944,1.0054318161444085,0,0,0
29,magnitude-sweep,Huber,5029,0.004997354525987873,0.007429266718492902,0.016929682577757666,0,0,0,1.0,1.0,1.0,0.0,True,2,True,0.0019559589854907244,48.879008775737944,1.0054318161444085,0,0,0
29,magnitude-sweep,Hampel,5029,0.004997354525987873,0.007429266718492902,0.016929682577757666,0,0,0,1.0,1.0,1.0,0.0,True,2,True,0.0019208749872632325,48.879008775737944,1.0054318161444085,0,0,0
0,magnitude-sweep,WLS,5000,0.011029602823576816,0.018176355078656285,0.027066923121322507,0,0,1,0.0,0.0,0.0,0.0,False,1,True,0.0006315000064205378,102.25361462716992,1.3517450715752415,0,1,3
0,magnitude-sweep,DIA-reject,5000,0.011029602823576816,0.018176355078656285,0.027066923121322507,0,0,1,0.0,0.0,0.0,0.0,False,1,True,0.0020674999977927655,102.25361462716992,1.3517450715752415,0,1,3
0,magnitude-sweep,DIA-inflate,5000,0.011029602823576816,0.018176355078656285,0.027066923121322507,0,0,1,0.0,0.0,0.0,0.0,False,1,True,0.0021501669834833592,102.25361462716992,1.3517450715752415,0,1,3
0,magnitude-sweep,Huber,5000,0.011029602823576816,0.018176355078656285,0.027066923121322507,0,0,1,0.0,0.0,0.0,0.0,False,2,True,0.0019708750187419355,102.25361462716992,1.3517450715752415,0,1,3
0,magnitude-sweep,Hampel,5000,0.011029602823576816,0.018176355078656285,0.027066923121322507,0,0,1,0.0,0.0,0.0,0.0,False,2,True,0.0019427080114837736,102.25361462716992,1.3517450715752415,0,1,3
1,magnitude-sweep,WLS,5001,0.005241489731710271,0.008546958216596528,0.015323758595808732,0,0,1,0.0,0.0,0.0,0.0,False,1,True,0.0006297919899225235,112.64918311738676,1.3149287164306953,0,1,3
1,magnitude-sweep,DIA-reject,5001,0.005241489731710271,0.008546958216596528,0.015323758595808732,0,0,1,0.0,0.0,0.0,0.0,False,1,True,0.002128958993125707,112.64918311738676,1.3149287164306953,0,1,3
1,magnitude-sweep,DIA-inflate,5001,0.005241489731710271,0.008546958216596528,0.015323758595808732,0,0,1,0.0,0.0,0.0,0.0,False,1,True,0.0020517910015769303,112.64918311738676,1.3149287164306953,0,1,3
1,magnitude-sweep,Huber,5001,0.00510341966833614,0.00833572815518163,0.014783944918849917,0,0,1,0.0,0.0,0.0,0.0,False,10,True,0.006639500003075227,113.03021957095115,1.2932646131946066,0,1,3
1,magnitude-sweep,Hampel,5001,0.00510341966833614,0.00833572815518163,0.014783944918849917,0,0,1,0.0,0.0,0.0,0.0,False,10,True,0.00658183399355039,113.03021957095115,1.2932646131946066,0,1,3
2,magnitude-sweep,WLS,5002,0.005255254117079803,0.00832968970474407,0.015525318053775505,0,0,1,0.0,0.0,0.0,0.0,False,1,True,0.0006919169973116368,47.10096733505945,0.8422759802673214,0,1,3
2,magnitude-sweep,DIA-reject,5002,0.005255254117079803,0.00832968970474407,0.015525318053775505,0,0,1,0.0,0.0,0.0,0.0,False,1,True,0.002068500005407259,47.10096733505945,0.8422759802673214,0,1,3
2,magnitude-sweep,DIA-inflate,5002,0.005255254117079803,0.00832968970474407,0.015525318053775505,0,0,1,0.0,0.0,0.0,0.0,False,1,True,0.002030083996942267,47.10096733505945,0.8422759802673214,0,1,3
2,magnitude-sweep,Huber,5002,0.005255254117079803,0.00832968970474407,0.015525318053775505,0,0,1,0.0,0.0,0.0,0.0,False,2,True,0.0019304579764138907,47.10096733505945,0.8422759802673214,0,1,3
2,magnitude-sweep,Hampel,5002,0.005255254117079803,0.00832968970474407,0.015525318053775505,0,0,1,0.0,0.0,0.0,0.0,False,2,True,0.002003083995077759,47.10096733505945,0.8422759802673214,0,1,3
3,magnitude-sweep,WLS,5003,0.00979930604567245,0.016562031428193284,0.020953120601551772,0,0,1,0.0,0.0,0.0,0.0,False,1,True,0.0006417919939849526,79.23559795243621,1.0485747320140824,0,1,3
3,magnitude-sweep,DIA-reject,5003,0.00979930604567245,0.016562031428193284,0.020953120601551772,0,0,1,0.0,0.0,0.0,0.0,False,1,True,0.002069416019367054,79.23559795243621,1.0485747320140824,0,1,3
3,magnitude-sweep,DIA-inflate,5003,0.00979930604567245,0.016562031428193284,0.020953120601551772,0,0,1,0.0,0.0,0.0,0.0,False,1,True,0.0020760409825015813,79.23559795243621,1.0485747320140824,0,1,3
3,magnitude-sweep,Huber,5003,0.00979930604567245,0.016562031428193284,0.020953120601551772,0,0,1,0.0,0.0,0.0,0.0,False,2,True,0.001960500027053058,79.23559795243621,1.0485747320140824,0,1,3
3,magnitude-sweep,Hampel,5003,0.00979930604567245,0.016562031428193284,0.020953120601551772,0,0,1,0.0,0.0,0.0,0.0,False,2,True,0.0020267500076442957,79.23559795243621,1.0485747320140824,0,1,3
4,magnitude-sweep,WLS,5004,0.004946722517595674,0.007674579355184864,0.015866038032140612,0,0,1,0.0,0.0,0.0,0.0,False,1,True,0.0006261249945964664,49.84357211980339,1.3437084881602601,0,1,3
4,magnitude-sweep,DIA-reject,5004,0.004946722517595674,0.007674579355184864,0.015866038032140612,0,0,1,0.0,0.0,0.0,0.0,False,1,True,0.0020634999964386225,49.84357211980339,1.3437084881602601,0,1,3
4,magnitude-sweep,DIA-inflate,5004,0.004946722517595674,0.007674579355184864,0.015866038032140612,0,0,1,0.0,0.0,0.0,0.0,False,1,True,0.0020286669896449894,49.84357211980339,1.3437084881602601,0,1,3
4,magnitude-sweep,Huber,5004,0.004946722517595674,0.007674579355184864,0.015866038032140612,0,0,1,0.0,0.0,0.0,0.0,False,2,True,0.0019480409973766655,49.84357211980339,1.3437084881602601,0,1,3
4,magnitude-sweep,Hampel,5004,0.004946722517595674,0.007674579355184864,0.015866038032140612,0,0,1,0.0,0.0,0.0,0.0,False,2,True,0.0020187080081086606,49.84357211980339,1.3437084881602601,0,1,3
5,magnitude-sweep,WLS,5005,0.01037997828090975,0.01701939042100977,0.02713485385206104,0,0,1,0.0,0.0,0.0,0.0,False,1,True,0.0006405839812941849,100.36034894163973,1.2478682131828538,0,1,3
5,magnitude-sweep,DIA-reject,5005,0.01037997828090975,0.01701939042100977,0.02713485385206104,0,0,1,0.0,0.0,0.0,0.0,False,1,True,0.002081292012007907,100.36034894163973,1.2478682131828538,0,1,3
5,magnitude-sweep,DIA-inflate,5005,0.01037997828090975,0.01701939042100977,0.02713485385206104,0,0,1,0.0,0.0,0.0,0.0,False,1,True,0.002073958021355793,100.36034894163973,1.2478682131828538,0,1,3
5,magnitude-sweep,Huber,5005,0.01037997828090975,0.01701939042100977,0.02713485385206104,0,0,1,0.0,0.0,0.0,0.0,False,2,True,0.0020077499793842435,100.36034894163973,1.2478682131828538,0,1,3
5,magnitude-sweep,Hampel,5005,0.01037997828090975,0.01701939042100977,0.02713485385206104,0,0,1,0.0,0.0,0.0,0.0,False,2,True,0.001931042002979666,100.36034894163973,1.2478682131828538,0,1,3
6,magnitude-sweep,WLS,5006,0.009604364514502068,0.014876811174039519,0.029861272456004066,0,0,1,0.0,0.0,0.0,0.0,False,1,True,0.0006664159882348031,59.699948189452066,1.655269970265721,0,1,3
6,magnitude-sweep,DIA-reject,5006,0.009604364514502068,0.014876811174039519,0.029861272456004066,0,0,1,0.0,0.0,0.0,0.0,False,1,False,0.002057667006738484,59.699948189452066,1.655269970265721,0,1,3
6,magnitude-sweep,DIA-inflate,5006,0.009604364514502068,0.014876811174039519,0.029861272456004066,0,0,1,0.0,0.0,0.0,0.0,False,1,False,0.0020690829842351377,59.699948189452066,1.655269970265721,0,1,3
6,magnitude-sweep,Huber,5006,0.009480190592683891,0.014608941608458785,0.029695606572660734,0,0,1,0.0,0.0,0.0,0.0,False,10,True,0.0066079170210286975,60.19257141292976,1.6020087298176933,0,1,3
6,magnitude-sweep,Hampel,5006,0.009480190592683891,0.014608941608458785,0.029695606572660734,0,0,1,0.0,0.0,0.0,0.0,False,10,True,0.006592500023543835,60.19257141292976,1.6020087298176933,0,1,3
7,magnitude-sweep,WLS,5007,0.005511111057561712,0.008729373664345069,0.01495472596758216,0,0,1,0.0,0.0,0.0,0.0,False,1,True,0.0006330830219667405,66.39073322137907,0.9262296896813388,0,1,3
7,magnitude-sweep,DIA-reject,5007,0.005511111057561712,0.008729373664345069,0.01495472596758216,0,0,1,0.0,0.0,0.0,0.0,False,1,True,0.0020540419791359454,66.39073322137907,0.9262296896813388,0,1,3
7,magnitude-sweep,DIA-inflate,5007,0.005511111057561712,0.008729373664345069,0.01495472596758216,0,0,1,0.0,0.0,0.0,0.0,False,1,True,0.0020933749910909683,66.39073322137907,0.9262296896813388,0,1,3
7,magnitude-sweep,Huber,5007,0.005511111057561712,0.008729373664345069,0.01495472596758216,0,0,1,0.0,0.0,0.0,0.0,False,2,True,0.0019937500183004886,66.39073322137907,0.9262296896813388,0,1,3
7,magnitude-sweep,Hampel,5007,0.005511111057561712,0.008729373664345069,0.01495472596758216,0,0,1,0.0,0.0,0.0,0.0,False,2,True,0.0019507499819155782,66.39073322137907,0.9262296896813388,0,1,3
8,magnitude-sweep,WLS,5008,0.005527331598470046,0.009061421094156533,0.014998356121140408,0,0,1,0.0,0.0,0.0,0.0,False,1,True,0.0006426660111173987,52.53460316309072,1.3606404701943977,0,1,3
8,magnitude-sweep,DIA-reject,5008,0.005527331598470046,0.009061421094156533,0.014998356121140408,0,0,1,0.0,0.0,0.0,0.0,False,1,True,0.0021344169799704105,52.53460316309072,1.3606404701943977,0,1,3
8,magnitude-sweep,DIA-inflate,5008,0.005527331598470046,0.009061421094156533,0.014998356121140408,0,0,1,0.0,0.0,0.0,0.0,False,1,True,0.002039584011072293,52.53460316309072,1.3606404701943977,0,1,3
8,magnitude-sweep,Huber,5008,0.005222518940150935,0.008549670422617726,0.014232242571616071,0,0,1,0.0,0.0,0.0,0.0,False,9,True,0.0060678329900838435,55.142663805164865,1.2677481028045068,0,1,3
8,magnitude-sweep,Hampel,5008,0.005222518940150935,0.008549670422617726,0.014232242571616071,0,0,1,0.0,0.0,0.0,0.0,False,9,True,0.0060113339859526604,55.142663805164865,1.2677481028045068,0,1,3
9,magnitude-sweep,WLS,5009,0.0050680928951281675,0.008578855483374757,0.011501323196625413,0,0,1,0.0,0.0,0.0,0.0,False,1,True,0.0006306670256890357,83.3993063847311,1.3575394645187446,0,1,3
9,magnitude-sweep,DIA-reject,5009,0.0050680928951281675,0.008578855483374757,0.011501323196625413,0,0,1,0.0,0.0,0.0,0.0,False,1,True,0.002134541020495817,83.3993063847311,1.3575394645187446,0,1,3
9,magnitude-sweep,DIA-inflate,5009,0.0050680928951281675,0.008578855483374757,0.011501323196625413,0,0,1,0.0,0.0,0.0,0.0,False,1,True,0.0020538749813567847,83.3993063847311,1.3575394645187446,0,1,3
9,magnitude-sweep,Huber,5009,0.0049353602193338815,0.008510685606850822,0.009482579689837761,0,0,1,0.0,0.0,0.0,0.0,False,7,True,0.00481412501540035,84.76037857283345,1.1873776743563889,0,1,3
9,magnitude-sweep,Hampel,5009,0.0049353602193338815,0.008510685606850822,0.009482579689837761,0,0,1,0.0,0.0,0.0,0.0,False,7,True,0.004899000021396205,84.76037857283345,1.1873776743563889,0,1,3
10,magnitude-sweep,WLS,5010,0.006759762343937674,0.010934130537872346,0.01781154550966062,0,0,1,0.0,0.0,0.0,0.0,False,1,True,0.0006441250152420253,151.69478204256495,1.5026983118611605,0,1,3
10,magnitude-sweep,DIA-reject,5010,0.006759762343937674,0.010934130537872346,0.01781154550966062,0,0,1,0.0,0.0,0.0,0.0,False,1,False,0.0021058750280644745,151.69478204256495,1.5026983118611605,0,1,3
10,magnitude-sweep,DIA-inflate,5010,0.006759762343937674,0.010934130537872346,0.01781154550966062,0,0,1,0.0,0.0,0.0,0.0,False,1,False,0.0022124590177554637,151.69478204256495,1.5026983118611605,0,1,3
10,magnitude-sweep,Huber,5010,0.006727908100308386,0.010899085357793934,0.017461008460376407,0,0,1,0.0,0.0,0.0,0.0,False,7,True,0.004837957996642217,151.39464780271086,1.4678687068504606,0,1,3
10,magnitude-sweep,Hampel,5010,0.006727908100308386,0.010899085357793934,0.017461008460376407,0,0,1,0.0,0.0,0.0,0.0,False,7,True,0.004871791024925187,151.39464780271086,1.4678687068504606,0,1,3
11,magnitude-sweep,WLS,5011,0.004250479441923791,0.007279902290232099,0.008441010689207187,0,0,1,0.0,0.0,0.0,0.0,False,1,True,0.0006364169821608812,53.09799412051931,1.8477757462393787,0,1,3
11,magnitude-sweep,DIA-reject,5011,0.004995358656380661,0.0076937067803273095,0.01592230827865665,1,0,0,1.0,1.0,1.0,0.0,True,2,True,0.0035067080170847476,51.92979111393939,0.8201094178684265,1,1,3
11,magnitude-sweep,DIA-inflate,5011,0.004967928967566935,0.007664632859338158,0.015773209906028676,1,0,0,1.0,1.0,1.0,0.0,True,2,True,0.003607416001614183,51.938009122222944,0.7436036041493471,1,1,3
11,magnitude-sweep,Huber,5011,0.0041968348885354,0.006979093719211176,0.010377238980427417,1,0,0,1.0,1.0,1.0,0.0,True,7,True,0.004862500005401671,52.39844550939956,1.3340538290591222,1,1,3
11,magnitude-sweep,Hampel,5011,0.0041968348885354,0.006979093719211176,0.010377238980427417,1,0,0,1.0,1.0,1.0,0.0,True,7,True,0.004888416995527223,52.39844550939956,1.3340538290591222,1,1,3
12,magnitude-sweep,WLS,5012,0.013316310383779097,0.02204513800032374,0.03598105311328465,0,0,1,0.0,0.0,0.0,0.0,False,1,True,0.0006307500007096678,260.6244005124697,1.1985633260353807,0,1,3
12,magnitude-sweep,DIA-reject,5012,0.013316310383779097,0.02204513800032374,0.03598105311328465,0,0,1,0.0,0.0,0.0,0.0,False,1,True,0.0020597090187948197,260.6244005124697,1.1985633260353807,0,1,3
12,magnitude-sweep,DIA-inflate,5012,0.013316310383779097,0.02204513800032374,0.03598105311328465,0,0,1,0.0,0.0,0.0,0.0,False,1,True,0.002099834004184231,260.6244005124697,1.1985633260353807,0,1,3
12,magnitude-sweep,Huber,5012,0.013316310383779097,0.02204513800032374,0.03598105311328465,0,0,1,0.0,0.0,0.0,0.0,False,2,True,0.0019887910166289657,260.6244005124697,1.1985633260353807,0,1,3
12,magnitude-sweep,Hampel,5012,0.013316310383779097,0.02204513800032374,0.03598105311328465,0,0,1,0.0,0.0,0.0,0.0,False,2,True,0.0019627499859780073,260.6244005124697,1.1985633260353807,0,1,3
13,magnitude-sweep,WLS,5013,0.006372335361077235,0.010366024681049277,0.014827977982204109,0,0,1,0.0,0.0,0.0,0.0,False,1,True,0.0006362499843817204,54.16925749748203,1.8555998861451926,0,1,3
13,magnitude-sweep,DIA-reject,5013,0.006372335361077235,0.010366024681049277,0.014827977982204109,0,0,1,0.0,0.0,0.0,0.0,False,1,False,0.00211312499595806,54.16925749748203,1.8555998861451926,0,1,3
13,magnitude-sweep,DIA-inflate,5013,0.006372335361077235,0.010366024681049277,0.014827977982204109,0,0,1,0.0,0.0,0.0,0.0,False,1,False,0.002061125007458031,54.16925749748203,1.8555998861451926,0,1,3
13,magnitude-sweep,Huber,5013,0.0064211330547097305,0.01042727528039907,0.014722200831687472,0,0,1,0.0,0.0,0.0,0.0,False,8,True,0.005448416981380433,55.07856568954146,1.829275124733525,0,1,3
13,magnitude-sweep,Hampel,5013,0.0064211330547097305,0.01042727528039907,0.014722200831687472,0,0,1,0.0,0.0,0.0,0.0,False,8,True,0.005486790993018076,55.07856568954146,1.829275124733525,0,1,3
14,magnitude-sweep,WLS,5014,0.011900877020868809,0.017306433093791214,0.035505699590543054,0,0,1,0.0,0.0,0.0,0.0,False,1,True,0.0006366249872371554,78.63026372139232,1.563298612401469,0,1,3
14,magnitude-sweep,DIA-reject,5014,0.011900877020868809,0.017306433093791214,0.035505699590543054,0,0,1,0.0,0.0,0.0,0.0,False,1,False,0.0020819999917875975,78.63026372139232,1.563298612401469,0,1,3
14,magnitude-sweep,DIA-inflate,5014,0.011900877020868809,0.017306433093791214,0.035505699590543054,0,0,1,0.0,0.0,0.0,0.0,False,1,False,0.0021602500055450946,78.63026372139232,1.563298612401469,0,1,3
14,magnitude-sweep,Huber,5014,0.011923152166333894,0.017344955825682063,0.03552772960987656,0,0,1,0.0,0.0,0.0,0.0,False,8,True,0.005441249988507479,78.62607866397363,1.546341220640345,0,1,3
14,magnitude-sweep,Hampel,5014,0.011923152166333894,0.017344955825682063,0.03552772960987656,0,0,1,0.0,0.0,0.0,0.0,False,8,True,0.005495833000168204,78.62607866397363,1.546341220640345,0,1,3
15,magnitude-sweep,WLS,5015,0.007433397077186184,0.011902380414015914,0.02017491191426775,0,0,1,0.0,0.0,0.0,0.0,False,1,True,0.0006390839989762753,133.02059031417113,1.0639871234475067,0,1,3
15,magnitude-sweep,DIA-reject,5015,0.007433397077186184,0.011902380414015914,0.02017491191426775,0,0,1,0.0,0.0,0.0,0.0,False,1,True,0.00207612500526011,133.02059031417113,1.0639871234475067,0,1,3
15,magnitude-sweep,DIA-inflate,5015,0.007433397077186184,0.011902380414015914,0.02017491191426775,0,0,1,0.0,0.0,0.0,0.0,False,1,True,0.0021229170088190585,133.02059031417113,1.0639871234475067,0,1,3
15,magnitude-sweep,Huber,5015,0.007188810308237143,0.011497971589975262,0.019982586345489467,0,0,1,0.0,0.0,0.0,0.0,False,7,True,0.00485487500554882,132.14816692282994,0.925115140947717,0,1,3
15,magnitude-sweep,Hampel,5015,0.007188810308237143,0.011497971589975262,0.019982586345489467,0,0,1,0.0,0.0,0.0,0.0,False,7,True,0.004852792015299201,132.14816692282994,0.925115140947717,0,1,3
16,magnitude-sweep,WLS,5016,0.008528643878903789,0.01276911264764589,0.029713405238284165,0,0,1,0.0,0.0,0.0,0.0,False,1,True,0.000672124995617196,45.318064711766446,1.2792335670078236,0,1,3
16,magnitude-sweep,DIA-reject,5016,0.008528643878903789,0.01276911264764589,0.029713405238284165,0,0,1,0.0,0.0,0.0,0.0,False,1,True,0.0020542079873848706,45.318064711766446,1.2792335670078236,0,1,3
16,magnitude-sweep,DIA-inflate,5016,0.008528643878903789,0.01276911264764589,0.029713405238284165,0,0,1,0.0,0.0,0.0,0.0,False,1,True,0.0020152080105617642,45.318064711766446,1.2792335670078236,0,1,3
16,magnitude-sweep,Huber,5016,0.008528643878903789,0.01276911264764589,0.029713405238284165,0,0,1,0.0,0.0,0.0,0.0,False,2,True,0.0020603339944500476,45.318064711766446,1.2792335670078236,0,1,3
16,magnitude-sweep,Hampel,5016,0.008528643878903789,0.01276911264764589,0.029713405238284165,0,0,1,0.0,0.0,0.0,0.0,False,2,True,0.0019303330045659095,45.318064711766446,1.2792335670078236,0,1,3
17,magnitude-sweep,WLS,5017,0.007672328190815905,0.012329793674915027,0.018593343930900907,0,0,1,0.0,0.0,0.0,0.0,False,1,True,0.000635959004284814,41.529166141894,1.5770427545326724,0,1,3
17,magnitude-sweep,DIA-reject,5017,0.007672328190815905,0.012329793674915027,0.018593343930900907,0,0,1,0.0,0.0,0.0,0.0,False,1,False,0.0020725830108858645,41.529166141894,1.5770427545326724,0,1,3
17,magnitude-sweep,DIA-inflate,5017,0.007672328190815905,0.012329793674915027,0.018593343930900907,0,0,1,0.0,0.0,0.0,0.0,False,1,False,0.0020835000032093376,41.529166141894,1.5770427545326724,0,1,3
17,magnitude-sweep,Huber,5017,0.007150987957777055,0.01160188129160277,0.017733390117396983,0,0,1,0.0,0.0,0.0,0.0,False,7,True,0.004797290981514379,43.15202282678586,1.43467830255351,0,1,3
17,magnitude-sweep,Hampel,5017,0.007150987957777055,0.01160188129160277,0.017733390117396983,0,0,1,0.0,0.0,0.0,0.0,False,7,True,0.004990832996554673,43.15202282678586,1.43467830255351,0,1,3
18,magnitude-sweep,WLS,5018,0.006003496400895807,0.009898238114883997,0.01711416895190989,0,0,1,0.0,0.0,0.0,0.0,False,1,True,0.0006399580161087215,46.035826197507376,1.5731955248225684,0,1,3
18,magnitude-sweep,DIA-reject,5018,0.0053465642133212615,0.008690956323985841,0.015872700459813555,1,0,0,1.0,1.0,1.0,0.0,True,2,True,0.0034764169831760228,46.260134166866074,0.4586644071273575,1,1,3
18,magnitude-sweep,DIA-inflate,5018,0.005307462482434358,0.008620562034642025,0.0158844478362784,1,0,0,1.0,1.0,1.0,0.0,True,2,True,0.003591082990169525,46.25592323593236,0.43763960685273484,1,1,3
18,magnitude-sweep,Huber,5018,0.005495524763500041,0.008941864846241309,0.016675347662751232,0,0,1,0.0,0.0,0.0,0.0,False,20,True,0.012470417015720159,46.4482838299495,1.26786360852884,0,1,3
18,magnitude-sweep,Hampel,5018,0.005495524763500041,0.008941864846241309,0.016675347662751232,0,0,1,0.0,0.0,0.0,0.0,False,20,True,0.012580708018504083,46.4482838299495,1.26786360852884,0,1,3
19,magnitude-sweep,WLS,5019,0.009874133763604654,0.01647029989949938,0.02416096089748,0,0,1,0.0,0.0,0.0,0.0,False,1,True,0.0006328329909592867,75.94071354089597,1.4095716444903845,0,1,3
19,magnitude-sweep,DIA-reject,5019,0.009874133763604654,0.01647029989949938,0.02416096089748,0,0,1,0.0,0.0,0.0,0.0,False,1,True,0.0021324590197764337,75.94071354089597,1.4095716444903845,0,1,3
19,magnitude-sweep,DIA-inflate,5019,0.009874133763604654,0.01647029989949938,0.02416096089748,0,0,1,0.0,0.0,0.0,0.0,False,1,True,0.002042792009888217,75.94071354089597,1.4095716444903845,0,1,3
19,magnitude-sweep,Huber,5019,0.0098000051984086,0.016327325012980655,0.02424656721384543,0,0,1,0.0,0.0,0.0,0.0,False,9,True,0.006003916991176084,70.96563688742316,1.295319867510977,0,1,3
19,magnitude-sweep,Hampel,5019,0.0098000051984086,0.016327325012980655,0.02424656721384543,0,0,1,0.0,0.0,0.0,0.0,False,9,True,0.006044249981641769,70.96563688742316,1.295319867510977,0,1,3
20,magnitude-sweep,WLS,5020,0.0070349339015131265,0.011941402846002425,0.015224069516190153,0,0,1,0.0,0.0,0.0,0.0,False,1,True,0.0006434170063585043,123.15695534097863,1.029260536873111,0,1,3
20,magnitude-sweep,DIA-reject,5020,0.0070349339015131265,0.011941402846002425,0.015224069516190153,0,0,1,0.0,0.0,0.0,0.0,False,1,True,0.002085166983306408,123.15695534097863,1.029260536873111,0,1,3
20,magnitude-sweep,DIA-inflate,5020,0.0070349339015131265,0.011941402846002425,0.015224069516190153,0,0,1,0.0,0.0,0.0,0.0,False,1,True,0.002066333021502942,123.15695534097863,1.029260536873111,0,1,3
20,magnitude-sweep,Huber,5020,0.0070349339015131265,0.011941402846002425,0.015224069516190153,0,0,1,0.0,0.0,0.0,0.0,False,2,True,0.002016875019762665,123.15695534097863,1.029260536873111,0,1,3
20,magnitude-sweep,Hampel,5020,0.0070349339015131265,0.011941402846002425,0.015224069516190153,0,0,1,0.0,0.0,0.0,0.0,False,2,True,0.0019634169875644147,123.15695534097863,1.029260536873111,0,1,3
21,magnitude-sweep,WLS,5021,0.006564698239152464,0.011103792997706528,0.015526893357872515,0,0,1,0.0,0.0,0.0,0.0,False,1,True,0.0006444159953389317,116.99059729066362,1.1602068401682166,0,1,3
21,magnitude-sweep,DIA-reject,5021,0.006564698239152464,0.011103792997706528,0.015526893357872515,0,0,1,0.0,0.0,0.0,0.0,False,1,True,0.002087208005832508,116.99059729066362,1.1602068401682166,0,1,3
21,magnitude-sweep,DIA-inflate,5021,0.006564698239152464,0.011103792997706528,0.015526893357872515,0,0,1,0.0,0.0,0.0,0.0,False,1,True,0.0021723339741583914,116.99059729066362,1.1602068401682166,0,1,3
21,magnitude-sweep,Huber,5021,0.006564698239152464,0.011103792997706528,0.015526893357872515,0,0,1,0.0,0.0,0.0,0.0,False,2,True,0.0019652080081868917,116.99059729066362,1.1602068401682166,0,1,3
21,magnitude-sweep,Hampel,5021,0.006564698239152464,0.011103792997706528,0.015526893357872515,0,0,1,0.0,0.0,0.0,0.0,False,2,True,0.0019452499982435256,116.99059729066362,1.1602068401682166,0,1,3
22,magnitude-sweep,WLS,5022,0.005673455782560266,0.009190656195423813,0.014500037647530266,0,0,1,0.0,0.0,0.0,0.0,False,1,True,0.0006456660048570484,36.686701228760036,1.6529892205352725,0,1,3
22,magnitude-sweep,DIA-reject,5022,0.005898155528032322,0.009820860394217711,0.01415867679531178,1,0,0,1.0,1.0,1.0,0.0,True,2,True,0.0035687909985426813,35.72232535921875,1.054459493964705,1,1,3
22,magnitude-sweep,DIA-inflate,5022,0.00589316821015104,0.009813206538585367,0.014164244675325557,1,0,0,1.0,1.0,1.0,0.0,True,2,True,0.003518250014167279,35.729054489487865,0.94633947897107,1,1,3
22,magnitude-sweep,Huber,5022,0.005699421763115608,0.009398514339476093,0.014404893916458928,0,0,1,0.0,0.0,0.0,0.0,False,7,True,0.0049056670104619116,36.23102605009631,1.4126624443277433,0,1,3
22,magnitude-sweep,Hampel,5022,0.005699421763115608,0.009398514339476093,0.014404893916458928,0,0,1,0.0,0.0,0.0,0.0,False,7,True,0.004851834004512057,36.23102605009631,1.4126624443277433,0,1,3
23,magnitude-sweep,WLS,5023,0.007464459270548945,0.012291826401613493,0.01733485608622927,0,0,1,0.0,0.0,0.0,0.0,False,1,True,0.000631959002930671,75.36942008659577,0.8367580161165713,0,1,3
23,magnitude-sweep,DIA-reject,5023,0.007464459270548945,0.012291826401613493,0.01733485608622927,0,0,1,0.0,0.0,0.0,0.0,False,1,True,0.0021678330085705966,75.36942008659577,0.8367580161165713,0,1,3
23,magnitude-sweep,DIA-inflate,5023,0.007464459270548945,0.012291826401613493,0.01733485608622927,0,0,1,0.0,0.0,0.0,0.0,False,1,True,0.0020448750001378357,75.36942008659577,0.8367580161165713,0,1,3
23,magnitude-sweep,Huber,5023,0.007464459270548945,0.012291826401613493,0.01733485608622927,0,0,1,0.0,0.0,0.0,0.0,False,2,True,0.0019423330086283386,75.36942008659577,0.8367580161165713,0,1,3
23,magnitude-sweep,Hampel,5023,0.007464459270548945,0.012291826401613493,0.01733485608622927,0,0,1,0.0,0.0,0.0,0.0,False,2,True,0.0019311670039314777,75.36942008659577,0.8367580161165713,0,1,3
24,magnitude-sweep,WLS,5024,0.005945681233703727,0.008931750421337634,0.01607794849228282,0,0,1,0.0,0.0,0.0,0.0,False,1,True,0.000639957987004891,28.834053788214437,1.3325634095422163,0,1,3
24,magnitude-sweep,DIA-reject,5024,0.005945681233703727,0.008931750421337634,0.01607794849228282,0,0,1,0.0,0.0,0.0,0.0,False,1,True,0.0021405410079751164,28.834053788214437,1.3325634095422163,0,1,3
24,magnitude-sweep,DIA-inflate,5024,0.005945681233703727,0.008931750421337634,0.01607794849228282,0,0,1,0.0,0.0,0.0,0.0,False,1,True,0.0020318329916335642,28.834053788214437,1.3325634095422163,0,1,3
24,magnitude-sweep,Huber,5024,0.005947944433779726,0.009131041781410328,0.01644338024719468,0,0,1,0.0,0.0,0.0,0.0,False,11,True,0.007202500011771917,27.63634330313965,1.1397995680284536,0,1,3
24,magnitude-sweep,Hampel,5024,0.005947944433779726,0.009131041781410328,0.01644338024719468,0,0,1,0.0,0.0,0.0,0.0,False,11,True,0.00725716698798351,27.63634330313965,1.1397995680284536,0,1,3
25,magnitude-sweep,WLS,5025,0.01704518915676594,0.029298330427318837,0.03421445419153163,0,0,1,0.0,0.0,0.0,0.0,False,1,True,0.0006353749777190387,386.6222781911151,1.7430368921595334,0,1,3
25,magnitude-sweep,DIA-reject,5025,0.017117841335386682,0.02949588438069825,0.03402570391869412,1,0,0,1.0,1.0,1.0,0.0,True,2,True,0.003448582981945947,374.36990182748997,1.0906103358691002,1,1,3
25,magnitude-sweep,DIA-inflate,5025,0.01711309368424282,0.029488613580257228,0.03401323791041707,1,0,0,1.0,1.0,1.0,0.0,True,2,True,0.0035570409963838756,374.4008535112959,0.982846928165783,1,1,3
25,magnitude-sweep,Huber,5025,0.017027190917239917,0.0293066630965151,0.03356846905857787,0,0,1,0.0,0.0,0.0,0.0,False,9,True,0.005958291003480554,378.44556565837576,1.5496125277148576,0,1,3
25,magnitude-sweep,Hampel,5025,0.017027190917239917,0.0293066630965151,0.03356846905857787,0,0,1,0.0,0.0,0.0,0.0,False,9,True,0.006077375001041219,378.44556565837576,1.5496125277148576,0,1,3
26,magnitude-sweep,WLS,5026,0.008113558487846433,0.013416029508985702,0.021995899964147664,0,0,1,0.0,0.0,0.0,0.0,False,1,True,0.000629415997536853,107.25813802736987,1.4742855723298296,0,1,3
26,magnitude-sweep,DIA-reject,5026,0.008113558487846433,0.013416029508985702,0.021995899964147664,0,0,1,0.0,0.0,0.0,0.0,False,1,True,0.0020942089904565364,107.25813802736987,1.4742855723298296,0,1,3
26,magnitude-sweep,DIA-inflate,5026,0.008113558487846433,0.013416029508985702,0.021995899964147664,0,0,1,0.0,0.0,0.0,0.0,False,1,True,0.0020535830117296427,107.25813802736987,1.4742855723298296,0,1,3
26,magnitude-sweep,Huber,5026,0.008113558487846433,0.013416029508985702,0.021995899964147664,0,0,1,0.0,0.0,0.0,0.0,False,2,True,0.0019738329865504056,107.25813802736987,1.4742855723298296,0,1,3
26,magnitude-sweep,Hampel,5026,0.008113558487846433,0.013416029508985702,0.021995899964147664,0,0,1,0.0,0.0,0.0,0.0,False,2,True,0.0019465420045889914,107.25813802736987,1.4742855723298296,0,1,3
27,magnitude-sweep,WLS,5027,0.008472574616521974,0.013651824498612467,0.02314662911502662,0,0,1,0.0,0.0,0.0,0.0,False,1,True,0.0006319159874692559,53.92262814777714,1.1238975127245114,0,1,3
27,magnitude-sweep,DIA-reject,5027,0.008472574616521974,0.013651824498612467,0.02314662911502662,0,0,1,0.0,0.0,0.0,0.0,False,1,True,0.002149083011317998,53.92262814777714,1.1238975127245114,0,1,3
27,magnitude-sweep,DIA-inflate,5027,0.008472574616521974,0.013651824498612467,0.02314662911502662,0,0,1,0.0,0.0,0.0,0.0,False,1,True,0.002051041985396296,53.92262814777714,1.1238975127245114,0,1,3
27,magnitude-sweep,Huber,5027,0.008472574616521974,0.013651824498612467,0.02314662911502662,0,0,1,0.0,0.0,0.0,0.0,False,2,True,0.0019653750059660524,53.92262814777714,1.1238975127245114,0,1,3
27,magnitude-sweep,Hampel,5027,0.008472574616521974,0.013651824498612467,0.02314662911502662,0,0,1,0.0,0.0,0.0,0.0,False,2,True,0.001938958972459659,53.92262814777714,1.1238975127245114,0,1,3
28,magnitude-sweep,WLS,5028,0.005761806892013126,0.009284122026910873,0.01597558625329764,0,0,1,0.0,0.0,0.0,0.0,False,1,True,0.000633457995718345,43.50030976634041,0.7657249332142108,0,1,3
28,magnitude-sweep,DIA-reject,5028,0.005761806892013126,0.009284122026910873,0.01597558625329764,0,0,1,0.0,0.0,0.0,0.0,False,1,True,0.002116625022608787,43.50030976634041,0.7657249332142108,0,1,3
28,magnitude-sweep,DIA-inflate,5028,0.005761806892013126,0.009284122026910873,0.01597558625329764,0,0,1,0.0,0.0,0.0,0.0,False,1,True,0.0020472500182222575,43.50030976634041,0.7657249332142108,0,1,3
28,magnitude-sweep,Huber,5028,0.005761806892013126,0.009284122026910873,0.01597558625329764,0,0,1,0.0,0.0,0.0,0.0,False,2,True,0.001942625007359311,43.50030976634041,0.7657249332142108,0,1,3
28,magnitude-sweep,Hampel,5028,0.005761806892013126,0.009284122026910873,0.01597558625329764,0,0,1,0.0,0.0,0.0,0.0,False,2,True,0.0019548750133253634,43.50030976634041,0.7657249332142108,0,1,3
29,magnitude-sweep,WLS,5029,0.004913936930982914,0.008146974079197625,0.012269396800833502,0,0,1,0.0,0.0,0.0,0.0,False,1,True,0.0006820830167271197,42.73004413433321,1.4368756352253906,0,1,3
29,magnitude-sweep,DIA-reject,5029,0.004913936930982914,0.008146974079197625,0.012269396800833502,0,0,1,0.0,0.0,0.0,0.0,False,1,True,0.0020476250210776925,42.73004413433321,1.4368756352253906,0,1,3
29,magnitude-sweep,DIA-inflate,5029,0.004913936930982914,0.008146974079197625,0.012269396800833502,0,0,1,0.0,0.0,0.0,0.0,False,1,True,0.002037124999333173,42.73004413433321,1.4368756352253906,0,1,3
29,magnitude-sweep,Huber,5029,0.004913936930982914,0.008146974079197625,0.012269396800833502,0,0,1,0.0,0.0,0.0,0.0,False,2,True,0.0019335840188432485,42.73004413433321,1.4368756352253906,0,1,3
29,magnitude-sweep,Hampel,5029,0.004913936930982914,0.008146974079197625,0.012269396800833502,0,0,1,0.0,0.0,0.0,0.0,False,2,True,0.0020001249795313925,42.73004413433321,1.4368756352253906,0,1,3
0,magnitude-sweep,WLS,5000,0.01149520589655316,0.018893084188250617,0.02765109474225441,0,0,1,0.0,0.0,0.0,0.0,False,1,True,0.0006318750092759728,102.25361462716992,1.7903230609901228,0,1,5
0,magnitude-sweep,DIA-reject,5000,0.010658892911724047,0.017856832871840825,0.02454405554802317,1,0,0,1.0,1.0,1.0,0.0,True,2,True,0.003434374986682087,82.44132511296498,1.1083025523555932,1,1,5
0,magnitude-sweep,DIA-inflate,5000,0.01065380179176418,0.017833880629303772,0.0245509755300185,1,0,0,1.0,1.0,1.0,0.0,True,2,True,0.0035659580025821924,82.53157467902989,1.007600744697208,1,1,5
0,magnitude-sweep,Huber,5000,0.011394591417760877,0.0187339565920191,0.02726638265529889,0,0,1,0.0,0.0,0.0,0.0,False,17,True,0.010690416995203122,98.34613883280342,1.7016958118433507,0,1,5
0,magnitude-sweep,Hampel,5000,0.011394591417760877,0.0187339565920191,0.02726638265529889,0,0,1,0.0,0.0,0.0,0.0,False,17,True,0.010548457998083904,98.34613883280342,1.7016958118433507,0,1,5
1,magnitude-sweep,WLS,5001,0.007080524592695091,0.011274823210798679,0.022433093257099457,0,0,1,0.0,0.0,0.0,0.0,False,1,True,0.0006289999873843044,112.64918311738676,1.953981167125021,0,1,5
1,magnitude-sweep,DIA-reject,5001,0.003035505267056777,0.004837521395632873,0.007384261364491481,1,0,0,1.0,1.0,1.0,0.0,True,2,True,0.003526499989675358,121.28567844061979,0.8876900268854845,1,1,5
1,magnitude-sweep,DIA-inflate,5001,0.0030342307820019564,0.004853603105253838,0.007265090127829414,1,0,0,1.0,1.0,1.0,0.0,True,2,True,0.0035882089869119227,121.12879721411436,0.8115035797090892,1,1,5
1,magnitude-sweep,Huber,5001,0.005168292775322798,0.0084234031944129,0.015106528099975734,1,0,0,1.0,1.0,1.0,0.0,True,10,True,0.006640417006565258,115.84887273704848,1.5404991198527394,1,1,5
1,magnitude-sweep,Hampel,5001,0.005168292775322798,0.0084234031944129,0.015106528099975734,1,0,0,1.0,1.0,1.0,0.0,True,10,True,0.006686624983558431,115.84887273704848,1.5404991198527394,1,1,5
2,magnitude-sweep,WLS,5002,0.00597681579706866,0.009292066438016453,0.017735946497016934,0,0,1,0.0,0.0,0.0,0.0,False,1,True,0.0006356670055538416,47.10096733505945,1.2313341801613593,0,1,5
2,magnitude-sweep,DIA-reject,5002,0.00597681579706866,0.009292066438016453,0.017735946497016934,0,0,1,0.0,0.0,0.0,0.0,False,1,True,0.0020648329809773713,47.10096733505945,1.2313341801613593,0,1,5
2,magnitude-sweep,DIA-inflate,5002,0.00597681579706866,0.009292066438016453,0.017735946497016934,0,0,1,0.0,0.0,0.0,0.0,False,1,True,0.002075208001770079,47.10096733505945,1.2313341801613593,0,1,5
2,magnitude-sweep,Huber,5002,0.005598467407825999,0.008758272996650525,0.01675668391111629,0,0,1,0.0,0.0,0.0,0.0,False,7,True,0.004862875008257106,48.13785089474324,1.0982568334819325,0,1,5
2,magnitude-sweep,Hampel,5002,0.005598467407825999,0.008758272996650525,0.01675668391111629,0,0,1,0.0,0.0,0.0,0.0,False,7,True,0.0048307089891750365,48.13785089474324,1.0982568334819325,0,1,5
3,magnitude-sweep,WLS,5003,0.01216991676908578,0.020410211507882307,0.0278374854252734,0,0,1,0.0,0.0,0.0,0.0,False,1,True,0.0006451249937526882,79.23559795243621,1.6537449738331775,0,1,5
3,magnitude-sweep,DIA-reject,5003,0.008373992079606844,0.013944258226002575,0.02026916887756547,1,0,0,1.0,1.0,1.0,0.0,True,2,True,0.003387709002709016,112.74252743459265,0.8859473332071929,1,1,5
3,magnitude-sweep,DIA-inflate,5003,0.008368826358229197,0.013952080005334338,0.02020827293527217,1,0,0,1.0,1.0,1.0,0.0,True,2,True,0.0034726670128293335,112.14198470845274,0.8027257143050432,1,1,5
3,magnitude-sweep,Huber,5003,0.01050467328351669,0.01769035574592987,0.022710555103611096,0,0,1,0.0,0.0,0.0,0.0,False,9,True,0.00598908300162293,88.78921191843226,1.403344124590169,0,1,5
3,magnitude-sweep,Hampel,5003,0.01050467328351669,0.01769035574592987,0.022710555103611096,0,0,1,0.0,0.0,0.0,0.0,False,9,True,0.006081540981540456,88.78921191843226,1.403344124590169,0,1,5
4,magnitude-sweep,WLS,5004,0.005556312818288174,0.00806546448744476,0.01967087144126549,0,0,1,0.0,0.0,0.0,0.0,False,1,True,0.0006342089909594506,49.84357211980339,1.5081763014371807,0,1,5
4,magnitude-sweep,DIA-reject,5004,0.005556312818288174,0.00806546448744476,0.01967087144126549,0,0,1,0.0,0.0,0.0,0.0,False,1,False,0.002064583997707814,49.84357211980339,1.5081763014371807,0,1,5
4,magnitude-sweep,DIA-inflate,5004,0.005556312818288174,0.00806546448744476,0.01967087144126549,0,0,1,0.0,0.0,0.0,0.0,False,1,False,0.002058457990642637,49.84357211980339,1.5081763014371807,0,1,5
4,magnitude-sweep,Huber,5004,0.005556312818288174,0.00806546448744476,0.01967087144126549,0,0,1,0.0,0.0,0.0,0.0,False,2,True,0.0020233749819453806,49.84357211980339,1.5081763014371807,0,1,5
4,magnitude-sweep,Hampel,5004,0.005556312818288174,0.00806546448744476,0.01967087144126549,0,0,1,0.0,0.0,0.0,0.0,False,2,True,0.0019802080059889704,49.84357211980339,1.5081763014371807,0,1,5
5,magnitude-sweep,WLS,5005,0.011033700027832723,0.018154245737692563,0.027857367538112677,0,0,1,0.0,0.0,0.0,0.0,False,1,True,0.0006397909892257303,100.36034894163973,1.7281679954637197,0,1,5
5,magnitude-sweep,DIA-reject,5005,0.010280194209503078,0.016699206673315443,0.02837024011489035,1,0,0,1.0,1.0,1.0,0.0,True,2,True,0.003523166000377387,100.47806769084755,1.1234723012689354,1,1,5
5,magnitude-sweep,DIA-inflate,5005,0.010288513350308174,0.016720105302509388,0.028367315095305448,1,0,0,1.0,1.0,1.0,0.0,True,2,True,0.003477749996818602,100.47181118467421,1.0097686163177535,1,1,5
5,magnitude-sweep,Huber,5005,0.010783809611829393,0.017740529403975518,0.028062481686737275,0,0,1,0.0,0.0,0.0,0.0,False,8,True,0.00550066601135768,100.32010597303804,1.5261434594333518,0,1,5
5,magnitude-sweep,Hampel,5005,0.010783809611829393,0.017740529403975518,0.028062481686737275,0,0,1,0.0,0.0,0.0,0.0,False,8,True,0.005445791000965983,100.32010597303804,1.5261434594333518,0,1,5
6,magnitude-sweep,WLS,5006,0.009609962085928883,0.014745490302901823,0.030717738644611955,0,0,1,0.0,0.0,0.0,0.0,False,1,True,0.0006625419773627073,59.699948189452066,2.1653008713181197,0,1,5
6,magnitude-sweep,DIA-reject,5006,0.00995016163107678,0.0156398833187192,0.02838449857077144,1,0,0,1.0,1.0,1.0,0.0,True,2,True,0.003509083006065339,58.6937930247039,1.430944839021067,1,1,5
6,magnitude-sweep,DIA-inflate,5006,0.009936521448486065,0.015616313083829842,0.028405143410386146,1,0,0,1.0,1.0,1.0,0.0,True,2,True,0.003543416998581961,58.693461522937696,1.2855272210802435,1,1,5
6,magnitude-sweep,Huber,5006,0.00950221001657508,0.014668127265780975,0.029658724329293933,0,0,1,0.0,0.0,0.0,0.0,False,12,True,0.007890167005825788,58.76352329292866,1.8230147836734847,0,1,5
6,magnitude-sweep,Hampel,5006,0.00950221001657508,0.014668127265780975,0.029658724329293933,0,0,1,0.0,0.0,0.0,0.0,False,12,True,0.009258625010261312,58.76352329292866,1.8230147836734847,0,1,5
7,magnitude-sweep,WLS,5007,0.005994386615084352,0.009323176053446996,0.015523503562130371,0,0,1,0.0,0.0,0.0,0.0,False,1,True,0.0007232500065583736,66.39073322137907,1.355126847123058,0,1,5
7,magnitude-sweep,DIA-reject,5007,0.005994386615084352,0.009323176053446996,0.015523503562130371,0,0,1,0.0,0.0,0.0,0.0,False,1,True,0.002532208018237725,66.39073322137907,1.355126847123058,0,1,5
7,magnitude-sweep,DIA-inflate,5007,0.005994386615084352,0.009323176053446996,0.015523503562130371,0,0,1,0.0,0.0,0.0,0.0,False,1,True,0.0021147080115042627,66.39073322137907,1.355126847123058,0,1,5
7,magnitude-sweep,Huber,5007,0.0057520456113884,0.009043027786262283,0.01521916318285276,0,0,1,0.0,0.0,0.0,0.0,False,7,True,0.005123250011820346,66.38598996209755,1.2164038154752277,0,1,5
7,magnitude-sweep,Hampel,5007,0.0057520456113884,0.009043027786262283,0.01521916318285276,0,0,1,0.0,0.0,0.0,0.0,False,7,True,0.004829333018278703,66.38598996209755,1.2164038154752277,0,1,5
8,magnitude-sweep,WLS,5008,0.00776708031128891,0.012099952440425764,0.024711531036357252,0,0,1,0.0,0.0,0.0,0.0,False,1,True,0.0006518749869428575,52.53460316309072,2.0380189531543103,0,1,5
8,magnitude-sweep,DIA-reject,5008,0.005740283382213412,0.009081112026838247,0.016407118164456284,1,0,0,1.0,1.0,1.0,0.0,True,2,True,0.003855249990010634,73.70927019585423,0.8736892190038366,1,1,5
8,magnitude-sweep,DIA-inflate,5008,0.005710095953533447,0.009030526140997452,0.016361839261274706,1,0,0,1.0,1.0,1.0,0.0,True,2,True,0.0035764159983955324,73.23600616542197,0.7995803285459131,1,1,5
8,magnitude-sweep,Huber,5008,0.006130464608531647,0.009449958593313676,0.01927210164903151,1,0,0,1.0,1.0,1.0,0.0,True,9,True,0.00592741699074395,59.94556985149792,1.5316701552483858,1,1,5
8,magnitude-sweep,Hampel,5008,0.006130464608531647,0.009449958593313676,0.01927210164903151,1,0,0,1.0,1.0,1.0,0.0,True,9,True,0.006016541999997571,59.94556985149792,1.5316701552483858,1,1,5
9,magnitude-sweep,WLS,5009,0.005566018006316494,0.009016376800291876,0.01516212737984571,0,0,1,0.0,0.0,0.0,0.0,False,1,True,0.0006389579793903977,83.3993063847311,1.8474747005317536,0,1,5
9,magnitude-sweep,DIA-reject,5009,0.005859061923615004,0.009834973687153468,0.014015274729607329,1,0,0,1.0,1.0,1.0,0.0,True,2,True,0.0034246669965796173,88.54875739404432,0.8504839932290409,1,1,5
9,magnitude-sweep,DIA-inflate,5009,0.00582070395104711,0.009776496362183248,0.013881210600855677,1,0,0,1.0,1.0,1.0,0.0,True,2,True,0.003643375006504357,88.47886325709138,0.7694589501338969,1,1,5
9,magnitude-sweep,Huber,5009,0.004924170509732927,0.008491745741527989,0.009470733994277891,1,0,0,1.0,1.0,1.0,0.0,True,6,True,0.00429129198892042,85.68717281947448,1.3370353300420117,1,1,5
9,magnitude-sweep,Hampel,5009,0.004924170509732927,0.008491745741527989,0.009470733994277891,1,0,0,1.0,1.0,1.0,0.0,True,6,True,0.004332541982876137,85.68717281947448,1.3370353300420117,1,1,5
10,magnitude-sweep,WLS,5010,0.007302049201560747,0.011736270866994292,0.020855940343825402,0,0,1,0.0,0.0,0.0,0.0,False,1,True,0.000632709008641541,151.69478204256495,2.1034645252852404,0,1,5
10,magnitude-sweep,DIA-reject,5010,0.006700821408092721,0.01098059681228041,0.015193222293741659,1,0,0,1.0,1.0,1.0,0.0,True,2,True,0.003478707978501916,150.0180973656301,1.2362867042070795,1,1,5
10,magnitude-sweep,DIA-inflate,5010,0.006699111368185088,0.010976020883653358,0.015221220486910502,1,0,0,1.0,1.0,1.0,0.0,True,2,True,0.0035686250193975866,150.0227453585165,1.1125665654480767,1,1,5
10,magnitude-sweep,Huber,5010,0.006877760068077015,0.011181598756585318,0.0177409218637825,0,0,1,0.0,0.0,0.0,0.0,False,7,True,0.004756333015393466,150.58065225306723,1.683310302808053,0,1,5
10,magnitude-sweep,Hampel,5010,0.006877760068077015,0.011181598756585318,0.0177409218637825,0,0,1,0.0,0.0,0.0,0.0,False,7,True,0.004806041979463771,150.58065225306723,1.683310302808053,0,1,5
11,magnitude-sweep,WLS,5011,0.004827255637195602,0.008238031822168477,0.010295637402799597,0,0,1,0.0,0.0,0.0,0.0,False,1,True,0.0006283750117290765,53.09799412051931,2.7726943335225376,0,1,5
11,magnitude-sweep,DIA-reject,5011,0.004995358656380661,0.0076937067803273095,0.01592230827865665,1,0,0,1.0,1.0,1.0,0.0,True,2,True,0.0033797920041251928,51.92979111393939,0.8201094178684265,1,1,5
11,magnitude-sweep,DIA-inflate,5011,0.004960352745698887,0.007656892772009515,0.01572799165101906,1,0,0,1.0,1.0,1.0,0.0,True,2,True,0.003591207991121337,51.938009122222944,0.7559798537400697,1,1,5
11,magnitude-sweep,Huber,5011,0.004263763124433377,0.007070734474689787,0.010622899388361046,1,0,0,1.0,1.0,1.0,0.0,True,7,True,0.004885500005912036,52.24736104529533,1.551467885559082,1,1,5
11,magnitude-sweep,Hampel,5011,0.004364944951357835,0.0071218888417741,0.011712005661673967,1,0,0,1.0,1.0,1.0,0.0,True,8,True,0.005457541992655024,52.15876452926765,1.3578806354195068,1,1,5
12,magnitude-sweep,WLS,5012,0.01370128136123253,0.02260149051118953,0.036376083895525345,0,0,1,0.0,0.0,0.0,0.0,False,1,True,0.0006358750106301159,260.6244005124697,1.3621640146030098,0,1,5
12,magnitude-sweep,DIA-reject,5012,0.01370128136123253,0.02260149051118953,0.036376083895525345,0,0,1,0.0,0.0,0.0,0.0,False,1,True,0.0020610000065062195,260.6244005124697,1.3621640146030098,0,1,5
12,magnitude-sweep,DIA-inflate,5012,0.01370128136123253,0.02260149051118953,0.036376083895525345,0,0,1,0.0,0.0,0.0,0.0,False,1,True,0.0020970419864170253,260.6244005124697,1.3621640146030098,0,1,5
12,magnitude-sweep,Huber,5012,0.01370128136123253,0.02260149051118953,0.036376083895525345,0,0,1,0.0,0.0,0.0,0.0,False,2,True,0.0019029160030186176,260.6244005124697,1.3621640146030098,0,1,5
12,magnitude-sweep,Hampel,5012,0.01370128136123253,0.02260149051118953,0.036376083895525345,0,0,1,0.0,0.0,0.0,0.0,False,2,True,0.0018861670105252415,260.6244005124697,1.3621640146030098,0,1,5
13,magnitude-sweep,WLS,5013,0.0073924497898112266,0.011846367282178086,0.018945917570789082,0,0,1,0.0,0.0,0.0,0.0,False,1,True,0.0006324999849312007,54.16925749748203,2.3986442245806905,0,1,5
13,magnitude-sweep,DIA-reject,5013,0.00543144698038755,0.008852776001800181,0.012900109617500318,1,0,0,1.0,1.0,1.0,0.0,True,2,False,0.0034972499997820705,70.1786629868596,1.7164617975571457,1,1,5
13,magnitude-sweep,DIA-inflate,5013,0.005413861421767487,0.008832733017605216,0.01288172686986561,1,0,0,1.0,1.0,1.0,0.0,True,2,False,0.003481708001345396,69.83252484380782,1.5403023417709127,1,1,5
13,magnitude-sweep,Huber,5013,0.006479948107879748,0.010454137808369396,0.015145534377608016,0,0,1,0.0,0.0,0.0,0.0,False,11,True,0.007235666998894885,59.975886879646254,2.0874283437268994,0,1,5
13,magnitude-sweep,Hampel,5013,0.006479948107879748,0.010454137808369396,0.015145534377608016,0,0,1,0.0,0.0,0.0,0.0,False,11,True,0.007150417019147426,59.975886879646254,2.0874283437268994,0,1,5
14,magnitude-sweep,WLS,5014,0.012008161523629572,0.01746055798566858,0.034613464836474615,0,0,1,0.0,0.0,0.0,0.0,False,1,True,0.0006394999800249934,78.63026372139232,1.9323725547578863,0,1,5
14,magnitude-sweep,DIA-reject,5014,0.011919881611509657,0.017363410579677354,0.036006483538064196,1,0,0,1.0,1.0,1.0,0.0,True,2,True,0.0035162499989382923,78.33097986506426,1.4952509078948866,1,1,5
14,magnitude-sweep,DIA-inflate,5014,0.011914346518888768,0.017357629711213927,0.03595058558070197,1,0,0,1.0,1.0,1.0,0.0,True,2,True,0.00356904198997654,78.33080680808665,1.3400542684173031,1,1,5
14,magnitude-sweep,Huber,5014,0.011981438758648672,0.017443932981789683,0.034645783184145795,0,0,1,0.0,0.0,0.0,0.0,False,9,True,0.005998375010676682,78.45347145242077,1.8279014290530926,0,1,5
14,magnitude-sweep,Hampel,5014,0.011981438758648672,0.017443932981789683,0.034645783184145795,0,0,1,0.0,0.0,0.0,0.0,False,9,True,0.005856083007529378,78.45347145242077,1.8279014290530926,0,1,5
15,magnitude-sweep,WLS,5015,0.007861980518245227,0.012617804113091899,0.02042757214427278,0,0,1,0.0,0.0,0.0,0.0,False,1,True,0.0006194169982336462,133.02059031417113,1.691428844434982,0,1,5
15,magnitude-sweep,DIA-reject,5015,0.006964835890875318,0.011144075139540703,0.02012428815159526,1,0,0,1.0,1.0,1.0,0.0,True,2,True,0.0035477080091368407,132.32398561847256,0.5437895634325659,1,1,5
15,magnitude-sweep,DIA-inflate,5015,0.0069587492667193725,0.011132627942540316,0.020105221418466084,1,0,0,1.0,1.0,1.0,0.0,True,2,True,0.0035124999994877726,132.29672092379352,0.49956425704969654,1,1,5
15,magnitude-sweep,Huber,5015,0.007114649120783678,0.011382331370739523,0.01985953963297206,1,0,0,1.0,1.0,1.0,0.0,True,7,True,0.004873791971476749,131.8370057327911,1.1202948249510638,1,1,5
15,magnitude-sweep,Hampel,5015,0.007114649120783678,0.011382331370739523,0.01985953963297206,1,0,0,1.0,1.0,1.0,0.0,True,7,True,0.004804625001270324,131.8370057327911,1.1202948249510638,1,1,5
16,magnitude-sweep,WLS,5016,0.009995883265984766,0.015937956872560312,0.029713405238284165,0,0,1,0.0,0.0,0.0,0.0,False,1,True,0.0007368329970631748,45.318064711766446,1.574283150028259,0,1,5
16,magnitude-sweep,DIA-reject,5016,0.009995883265984766,0.015937956872560312,0.029713405238284165,0,0,1,0.0,0.0,0.0,0.0,False,1,False,0.002065833017695695,45.318064711766446,1.574283150028259,0,1,5
16,magnitude-sweep,DIA-inflate,5016,0.009995883265984766,0.015937956872560312,0.029713405238284165,0,0,1,0.0,0.0,0.0,0.0,False,1,False,0.0020456669735722244,45.318064711766446,1.574283150028259,0,1,5
16,magnitude-sweep,Huber,5016,0.009995883265984766,0.015937956872560312,0.029713405238284165,0,0,1,0.0,0.0,0.0,0.0,False,2,True,0.001969709002878517,45.318064711766446,1.574283150028259,0,1,5
16,magnitude-sweep,Hampel,5016,0.009995883265984766,0.015937956872560312,0.029713405238284165,0,0,1,0.0,0.0,0.0,0.0,False,2,True,0.0020263330079615116,45.318064711766446,1.574283150028259,0,1,5
17,magnitude-sweep,WLS,5017,0.008802999748223678,0.013963579033718546,0.021644713586653794,0,0,1,0.0,0.0,0.0,0.0,False,1,True,0.0006225420220289379,41.529166141894,2.171787961923981,0,1,5
17,magnitude-sweep,DIA-reject,5017,0.005980931926502603,0.009955019039414273,0.015444846916373189,1,0,0,1.0,1.0,1.0,0.0,True,2,True,0.0033802920079324394,48.639788741054325,1.1306357422781086,1,1,5
17,magnitude-sweep,DIA-inflate,5017,0.0060026882756443346,0.00998693113665095,0.015495381860267264,1,0,0,1.0,1.0,1.0,0.0,True,2,True,0.0034404580073896796,48.538537586756824,1.01994145103249,1,1,5
17,magnitude-sweep,Huber,5017,0.007222296886662231,0.011731107458007614,0.01777840994773744,1,0,0,1.0,1.0,1.0,0.0,True,7,True,0.004881084023509175,44.70701051421118,1.6166778912132829,1,1,5
17,magnitude-sweep,Hampel,5017,0.007222296886662231,0.011731107458007614,0.01777840994773744,1,0,0,1.0,1.0,1.0,0.0,True,7,True,0.0049117919988930225,44.70701051421118,1.6166778912132829,1,1,5
18,magnitude-sweep,WLS,5018,0.006951461621076843,0.011443981763415618,0.017810710573311486,0,0,1,0.0,0.0,0.0,0.0,False,1,True,0.0006288329896051437,46.035826197507376,2.564067688305834,0,1,5
18,magnitude-sweep,DIA-reject,5018,0.0053465642133212615,0.008690956323985841,0.015872700459813555,1,0,0,1.0,1.0,1.0,0.0,True,2,True,0.003385167015949264,46.260134166866074,0.4586644071273575,1,1,5
18,magnitude-sweep,DIA-inflate,5018,0.005294816735314464,0.008597538856284195,0.015883521300314337,1,0,0,1.0,1.0,1.0,0.0,True,2,True,0.00356737500987947,46.25592323593236,0.4621242134807038,1,1,5
18,magnitude-sweep,Huber,5018,0.00547058896241236,0.008893186934644266,0.016619694755012696,1,0,0,1.0,1.0,1.0,0.0,True,18,True,0.011181417008629069,46.46735394947948,1.573509437917124,1,1,5
18,magnitude-sweep,Hampel,5018,0.0050882785739438776,0.008110326634257274,0.016093712570505535,1,0,0,1.0,1.0,1.0,0.0,True,22,True,0.013417459005722776,46.21607228072663,0.9416085379718656,1,1,5
19,magnitude-sweep,WLS,5019,0.01058748828385872,0.017570347709667828,0.024993600460217834,0,0,1,0.0,0.0,0.0,0.0,False,1,True,0.0006559160246979445,75.94071354089597,2.393143448477764,0,1,5
19,magnitude-sweep,DIA-reject,5019,0.009448042926009731,0.015711401260266794,0.024361981797847206,1,0,0,1.0,1.0,1.0,0.0,True,2,True,0.003465667017735541,70.36387392369933,0.8334145547133537,1,1,5
19,magnitude-sweep,DIA-inflate,5019,0.009462298311067633,0.01573293924559124,0.024371251061392662,1,0,0,1.0,1.0,1.0,0.0,True,2,True,0.003622874995926395,70.33940194145573,0.7734999354959249,1,1,5
19,magnitude-sweep,Huber,5019,0.010014667719765134,0.016617600935221768,0.02446961925050799,1,0,0,1.0,1.0,1.0,0.0,True,9,True,0.005877374991541728,69.92697458270385,1.6431411697615526,1,1,5
19,magnitude-sweep,Hampel,5019,0.009923411420240948,0.01646813150755927,0.024474802817450254,1,0,0,1.0,1.0,1.0,0.0,True,14,True,0.008816957997623831,69.93280228350667,1.519352149094632,1,1,5
20,magnitude-sweep,WLS,5020,0.007790174685321665,0.013025793844697764,0.019073553757280856,0,0,1,0.0,0.0,0.0,0.0,False,1,True,0.000631291011814028,123.15695534097863,1.4738376952451007,0,1,5
20,magnitude-sweep,DIA-reject,5020,0.007790174685321665,0.013025793844697764,0.019073553757280856,0,0,1,0.0,0.0,0.0,0.0,False,1,True,0.0022150409931782633,123.15695534097863,1.4738376952451007,0,1,5
20,magnitude-sweep,DIA-inflate,5020,0.007790174685321665,0.013025793844697764,0.019073553757280856,0,0,1,0.0,0.0,0.0,0.0,False,1,True,0.002060875005554408,123.15695534097863,1.4738376952451007,0,1,5
20,magnitude-sweep,Huber,5020,0.007307295114237605,0.0123581762562685,0.015699155811964,0,0,1,0.0,0.0,0.0,0.0,False,7,True,0.0049030419904738665,123.43564321015916,1.2726195190135514,0,1,5
20,magnitude-sweep,Hampel,5020,0.007307295114237605,0.0123581762562685,0.015699155811964,0,0,1,0.0,0.0,0.0,0.0,False,7,True,0.004780457995366305,123.43564321015916,1.2726195190135514,0,1,5
21,magnitude-sweep,WLS,5021,0.007080119608513393,0.011985779105065977,0.016606923575326078,0,0,1,0.0,0.0,0.0,0.0,False,1,True,0.0006487079954240471,116.99059729066362,1.375371270582774,0,1,5
21,magnitude-sweep,DIA-reject,5021,0.007080119608513393,0.011985779105065977,0.016606923575326078,0,0,1,0.0,0.0,0.0,0.0,False,1,True,0.0021549170196522027,116.99059729066362,1.375371270582774,0,1,5
21,magnitude-sweep,DIA-inflate,5021,0.007080119608513393,0.011985779105065977,0.016606923575326078,0,0,1,0.0,0.0,0.0,0.0,False,1,True,0.0021504580217879266,116.99059729066362,1.375371270582774,0,1,5
21,magnitude-sweep,Huber,5021,0.0069670193600246235,0.01180263769000703,0.016322408039658932,0,0,1,0.0,0.0,0.0,0.0,False,8,True,0.005699458997696638,117.03340440976929,1.352984660516373,0,1,5
21,magnitude-sweep,Hampel,5021,0.0069670193600246235,0.01180263769000703,0.016322408039658932,0,0,1,0.0,0.0,0.0,0.0,False,8,True,0.005645500001264736,117.03340440976929,1.352984660516373,0,1,5
22,magnitude-sweep,WLS,5022,0.00627143390951316,0.01010189442033088,0.01719909418733876,0,0,1,0.0,0.0,0.0,0.0,False,1,True,0.0006557090091519058,36.686701228760036,2.585957382307957,0,1,5
22,magnitude-sweep,DIA-reject,5022,0.005898155528032322,0.009820860394217711,0.01415867679531178,1,0,0,1.0,1.0,1.0,0.0,True,2,True,0.01487004102091305,35.72232535921875,1.054459493964705,1,1,5
22,magnitude-sweep,DIA-inflate,5022,0.0058993218820667616,0.009823154882999788,0.014172198596154135,1,0,0,1.0,1.0,1.0,0.0,True,2,True,0.011091082997154444,35.729054489487865,0.9590749104038148,1,1,5
22,magnitude-sweep,Huber,5022,0.005990767140784523,0.009908031605111339,0.014634967358533903,1,0,0,1.0,1.0,1.0,0.0,True,6,True,0.009935250011039898,36.01438399271018,1.6752820549390364,1,1,5
22,magnitude-sweep,Hampel,5022,0.005975358119482432,0.009897370796915163,0.01453577039484951,1,0,0,1.0,1.0,1.0,0.0,True,8,True,0.008675499993842095,35.97502733680854,1.5951633591680905,1,1,5
23,magnitude-sweep,WLS,5023,0.00887674492163382,0.014351813480571688,0.021676031052681614,0,0,1,0.0,0.0,0.0,0.0,False,1,True,0.0020162920118309557,75.36942008659577,1.260437446810686,0,1,5
23,magnitude-sweep,DIA-reject,5023,0.00887674492163382,0.014351813480571688,0.021676031052681614,0,0,1,0.0,0.0,0.0,0.0,False,1,True,0.00424941600067541,75.36942008659577,1.260437446810686,0,1,5
23,magnitude-sweep,DIA-inflate,5023,0.00887674492163382,0.014351813480571688,0.021676031052681614,0,0,1,0.0,0.0,0.0,0.0,False,1,True,0.0022356669942382723,75.36942008659577,1.260437446810686,0,1,5
23,magnitude-sweep,Huber,5023,0.008836255818165873,0.014291358838983826,0.0215659405313194,0,0,1,0.0,0.0,0.0,0.0,False,11,True,0.007563416991615668,75.22300329281515,1.2496020856724726,0,1,5
23,magnitude-sweep,Hampel,5023,0.008836255818165873,0.014291358838983826,0.0215659405313194,0,0,1,0.0,0.0,0.0,0.0,False,11,True,0.0073698329797480255,75.22300329281515,1.2496020856724726,0,1,5
24,magnitude-sweep,WLS,5024,0.006304255822094243,0.009373893399324538,0.01696370732598319,0,0,1,0.0,0.0,0.0,0.0,False,1,True,0.0006411659996956587,28.834053788214437,2.0513119957035553,0,1,5
24,magnitude-sweep,DIA-reject,5024,0.006976611717265569,0.010934238524761742,0.018553235339911732,1,0,0,1.0,1.0,1.0,0.0,True,2,True,0.0034840420121327043,27.66497189480127,0.5373478141334612,1,1,5
24,magnitude-sweep,DIA-inflate,5024,0.006912740232032504,0.010842097040011323,0.01845903681325996,1,0,0,1.0,1.0,1.0,0.0,True,2,True,0.0036687500250991434,27.658446998779514,0.5099085397069072,1,1,5
24,magnitude-sweep,Huber,5024,0.006005255335851482,0.009200866301298365,0.016573416884404456,1,0,0,1.0,1.0,1.0,0.0,True,10,True,0.006621208012802526,27.561549628333502,1.3766414972985734,1,1,5
24,magnitude-sweep,Hampel,5024,0.006025462153630855,0.009298880298238114,0.01670973493472173,1,0,0,1.0,1.0,1.0,0.0,True,15,True,0.010319041990442201,27.56073908426043,1.2878735037316948,1,1,5
25,magnitude-sweep,WLS,5025,0.017158717892630848,0.029419800111731603,0.035974614592367817,0,0,1,0.0,0.0,0.0,0.0,False,1,True,0.0006895420083310455,386.6222781911151,2.4850002101390296,0,1,5
25,magnitude-sweep,DIA-reject,5025,0.017117841335386682,0.02949588438069825,0.03402570391869412,1,0,0,1.0,1.0,1.0,0.0,True,2,True,0.003714916994795203,374.36990182748997,1.0906103358691002,1,1,5
25,magnitude-sweep,DIA-inflate,5025,0.017112363837541448,0.029487526363088927,0.03401060314907943,1,0,0,1.0,1.0,1.0,0.0,True,2,True,0.004063875006977469,374.4008535112959,0.9954878338183251,1,1,5
25,magnitude-sweep,Huber,5025,0.01705168742361266,0.029352795649378236,0.03361452544832021,1,0,0,1.0,1.0,1.0,0.0,True,8,True,0.00559995902585797,376.26039874467176,1.7788584961904763,1,1,5
25,magnitude-sweep,Hampel,5025,0.017049385246648615,0.029355334563144587,0.033641796080962544,1,0,0,1.0,1.0,1.0,0.0,True,11,True,0.007187999988673255,376.00306431316176,1.7172880700684876,1,1,5
26,magnitude-sweep,WLS,5026,0.00863911473825323,0.014301171736869312,0.021754346353844357,0,0,1,0.0,0.0,0.0,0.0,False,1,True,0.0006389170011971146,107.25813802736987,1.623177226480323,0,1,5
26,magnitude-sweep,DIA-reject,5026,0.00863911473825323,0.014301171736869312,0.021754346353844357,0,0,1,0.0,0.0,0.0,0.0,False,1,False,0.002215167012764141,107.25813802736987,1.623177226480323,0,1,5
26,magnitude-sweep,DIA-inflate,5026,0.00863911473825323,0.014301171736869312,0.021754346353844357,0,0,1,0.0,0.0,0.0,0.0,False,1,False,0.0020265409839339554,107.25813802736987,1.623177226480323,0,1,5
26,magnitude-sweep,Huber,5026,0.00863911473825323,0.014301171736869312,0.021754346353844357,0,0,1,0.0,0.0,0.0,0.0,False,2,True,0.0019260419940110296,107.25813802736987,1.623177226480323,0,1,5
26,magnitude-sweep,Hampel,5026,0.00863911473825323,0.014301171736869312,0.021754346353844357,0,0,1,0.0,0.0,0.0,0.0,False,2,True,0.0019290830241516232,107.25813802736987,1.623177226480323,0,1,5
27,magnitude-sweep,WLS,5027,0.009798337249777911,0.01614555130083752,0.024485610128694917,0,0,1,0.0,0.0,0.0,0.0,False,1,True,0.0006285000126808882,53.92262814777714,1.2838303148582428,0,1,5
27,magnitude-sweep,DIA-reject,5027,0.009798337249777911,0.01614555130083752,0.024485610128694917,0,0,1,0.0,0.0,0.0,0.0,False,1,True,0.002048750000540167,53.92262814777714,1.2838303148582428,0,1,5
27,magnitude-sweep,DIA-inflate,5027,0.009798337249777911,0.01614555130083752,0.024485610128694917,0,0,1,0.0,0.0,0.0,0.0,False,1,True,0.0020336669986136258,53.92262814777714,1.2838303148582428,0,1,5
27,magnitude-sweep,Huber,5027,0.009798337249777911,0.01614555130083752,0.024485610128694917,0,0,1,0.0,0.0,0.0,0.0,False,2,True,0.0019644160056486726,53.92262814777714,1.2838303148582428,0,1,5
27,magnitude-sweep,Hampel,5027,0.009798337249777911,0.01614555130083752,0.024485610128694917,0,0,1,0.0,0.0,0.0,0.0,False,2,True,0.001999958010856062,53.92262814777714,1.2838303148582428,0,1,5
28,magnitude-sweep,WLS,5028,0.007101225409924326,0.01154582392649996,0.01818993343996945,0,0,1,0.0,0.0,0.0,0.0,False,1,True,0.0006344580033328384,43.50030976634041,1.2118182624157474,0,1,5
28,magnitude-sweep,DIA-reject,5028,0.007101225409924326,0.01154582392649996,0.01818993343996945,0,0,1,0.0,0.0,0.0,0.0,False,1,True,0.002066916989861056,43.50030976634041,1.2118182624157474,0,1,5
28,magnitude-sweep,DIA-inflate,5028,0.007101225409924326,0.01154582392649996,0.01818993343996945,0,0,1,0.0,0.0,0.0,0.0,False,1,True,0.0020969169854652137,43.50030976634041,1.2118182624157474,0,1,5
28,magnitude-sweep,Huber,5028,0.005660517170576038,0.009148983116669418,0.015142574618077663,0,0,1,0.0,0.0,0.0,0.0,False,11,True,0.007177666993811727,48.71347845388012,1.0229785128760622,0,1,5
28,magnitude-sweep,Hampel,5028,0.005660517170576038,0.009148983116669418,0.015142574618077663,0,0,1,0.0,0.0,0.0,0.0,False,11,True,0.00717716699000448,48.71347845388012,1.0229785128760622,0,1,5
29,magnitude-sweep,WLS,5029,0.005932670596894392,0.00960913628337121,0.016499153096579823,0,0,1,0.0,0.0,0.0,0.0,False,1,True,0.0006263329996727407,42.73004413433321,2.047570159211518,0,1,5
29,magnitude-sweep,DIA-reject,5029,0.004263788927146648,0.007078701908426488,0.011608207459678527,1,0,0,1.0,1.0,1.0,0.0,True,2,True,0.003448415984166786,44.09943257788764,1.1193651793243262,1,1,5
29,magnitude-sweep,DIA-inflate,5029,0.004263723133332167,0.0070852730212017994,0.011525209084153972,1,0,0,1.0,1.0,1.0,0.0,True,2,True,0.003641332994448021,44.06549704337276,1.015245745990712,1,1,5
29,magnitude-sweep,Huber,5029,0.00510647637118419,0.008435298721729179,0.01331796014298826,0,0,1,0.0,0.0,0.0,0.0,False,10,True,0.00673545798053965,43.020057451900726,1.7094541973505608,0,1,5
29,magnitude-sweep,Hampel,5029,0.00510647637118419,0.008435298721729179,0.01331796014298826,0,0,1,0.0,0.0,0.0,0.0,False,10,True,0.0064659159979783,43.020057451900726,1.7094541973505608,0,1,5
0,magnitude-sweep,WLS,5000,0.012523057948103948,0.02048751476527758,0.029028448451627754,0,0,1,0.0,0.0,0.0,0.0,False,1,True,0.0006389159825630486,102.25361462716992,2.7941049189549414,0,1,8
0,magnitude-sweep,DIA-reject,5000,0.010658892911724047,0.017856832871840825,0.02454405554802317,1,0,0,1.0,1.0,1.0,0.0,True,2,True,0.003424041991820559,82.44132511296498,1.1083025523555932,1,1,8
0,magnitude-sweep,DIA-inflate,5000,0.010653761660438096,0.017827609123077067,0.024518327704257065,1,0,0,1.0,1.0,1.0,0.0,True,2,True,0.0038195830129552633,82.53157467902989,1.0368844467993699,1,1,8
0,magnitude-sweep,Huber,5000,0.011390102995082455,0.018659370925523857,0.026180665402302704,1,0,0,1.0,1.0,1.0,0.0,True,18,True,0.011466208001365885,87.46409831311146,2.081353149678424,1,1,8
0,magnitude-sweep,Hampel,5000,0.010995794985097151,0.01806756038167415,0.0252815552925917,1,0,0,1.0,1.0,1.0,0.0,True,36,True,0.021541249996516854,85.02249318067821,1.7901514046007503,1,1,8
1,magnitude-sweep,WLS,5001,0.010031140511474813,0.015532635869552605,0.03345428193985101,0,0,1,0.0,0.0,0.0,0.0,False,1,True,0.0006302919937297702,112.64918311738676,3.3883090696983698,0,1,8
1,magnitude-sweep,DIA-reject,5001,0.003035505267056777,0.004837521395632873,0.007384261364491481,1,0,0,1.0,1.0,1.0,0.0,True,2,True,0.0034472910047043115,121.28567844061979,0.8876900268854845,1,1,8
1,magnitude-sweep,DIA-inflate,5001,0.003037364262305434,0.004867359313635931,0.0072296503895544215,1,0,0,1.0,1.0,1.0,0.0,True,2,True,0.0034497909946367145,121.12879721411436,0.8390772245986555,1,1,8
1,magnitude-sweep,Huber,5001,0.005206900614453132,0.008474814536988192,0.015302485691328777,1,0,0,1.0,1.0,1.0,0.0,True,9,True,0.006016166997142136,117.6888145607468,1.9118619935791534,1,1,8
1,magnitude-sweep,Hampel,5001,0.003487618012892615,0.005740666864110866,0.008419141940931907,1,0,0,1.0,1.0,1.0,0.0,True,13,True,0.008278791996417567,119.82927301643774,1.2499084041054611,1,1,8
2,magnitude-sweep,WLS,5002,0.007945173182596292,0.012789406541657028,0.02139120328904396,0,0,1,0.0,0.0,0.0,0.0,False,1,True,0.0006325830181594938,47.10096733505945,2.2649697084910843,0,1,8
2,magnitude-sweep,DIA-reject,5002,0.005594648817849551,0.009205251037004729,0.013977378172829421,1,0,0,1.0,1.0,1.0,0.0,True,2,True,0.00353354201070033,52.45221477694125,0.754136541270519,1,1,8
2,magnitude-sweep,DIA-inflate,5002,0.0055692787772395015,0.009161164081113208,0.014056415371978315,1,0,0,1.0,1.0,1.0,0.0,True,2,True,0.0034860000014305115,52.3666302734733,0.6912854869589716,1,1,8
2,magnitude-sweep,Huber,5002,0.005731600573566385,0.00902853432629423,0.01707412886541681,1,0,0,1.0,1.0,1.0,0.0,True,7,True,0.004838790977373719,49.71985740483988,1.3944412132204749,1,1,8
2,magnitude-sweep,Hampel,5002,0.005637266755978246,0.008911595970893462,0.01676733983052345,1,0,0,1.0,1.0,1.0,0.0,True,8,True,0.005368834012188017,49.94904026073667,1.3285029637866343,1,1,8
3,magnitude-sweep,WLS,5003,0.016721910959610443,0.027823574728990202,0.04065286879310526,0,0,1,0.0,0.0,0.0,0.0,False,1,True,0.000699708005413413,79.23559795243621,3.222944920066035,0,1,8
3,magnitude-sweep,DIA-reject,5003,0.008373992079606844,0.013944258226002575,0.02026916887756547,1,0,0,1.0,1.0,1.0,0.0,True,2,True,0.003479457984212786,112.74252743459265,0.8859473332071929,1,1,8
3,magnitude-sweep,DIA-inflate,5003,0.008366573823786078,0.013959273526340956,0.020168232468797318,1,0,0,1.0,1.0,1.0,0.0,True,2,True,0.003533458017045632,112.14198470845274,0.8303679836667309,1,1,8
3,magnitude-sweep,Huber,5003,0.010482964448587508,0.01762955211788092,0.022998399419163477,1,0,0,1.0,1.0,1.0,0.0,True,8,True,0.005503874999703839,98.3247868651822,1.8249428947078792,1,1,8
3,magnitude-sweep,Hampel,5003,0.008984375639102319,0.015177563133727045,0.019923140063595964,1,0,0,1.0,1.0,1.0,0.0,True,12,True,0.007772292010486126,104.99815923281628,1.342618698927097,1,1,8
4,magnitude-sweep,WLS,5004,0.006713091296635744,0.009101430394638347,0.02547786005034058,0,0,1,0.0,0.0,0.0,0.0,False,1,True,0.0006262919923756272,49.84357211980339,2.216162262529655,0,1,8
4,magnitude-sweep,DIA-reject,5004,0.004698324615993225,0.007575021239322397,0.014427261105841577,1,0,0,1.0,1.0,1.0,0.0,True,2,True,0.0035342919873073697,47.608983663470305,1.308212451071536,1,1,8
4,magnitude-sweep,DIA-inflate,5004,0.004717733104357431,0.007588389804120251,0.014582522125245962,1,0,0,1.0,1.0,1.0,0.0,True,2,True,0.0035202500002924353,47.60673301634815,1.1797683202462008,1,1,8
4,magnitude-sweep,Huber,5004,0.006251097124958342,0.008898845075300444,0.02291883634416334,0,0,1,0.0,0.0,0.0,0.0,False,14,True,0.008948000002419576,49.914668357804835,1.7712738063469817,0,1,8
4,magnitude-sweep,Hampel,5004,0.006251097124958342,0.008898845075300444,0.02291883634416334,0,0,1,0.0,0.0,0.0,0.0,False,14,True,0.008851708000293002,49.914668357804835,1.7712738063469817,0,1,8
5,magnitude-sweep,WLS,5005,0.01230027527288738,0.02023738517845099,0.029292999672644298,0,0,1,0.0,0.0,0.0,0.0,False,1,True,0.0006566249940078706,100.36034894163973,3.0946092522184103,0,1,8
5,magnitude-sweep,DIA-reject,5005,0.010280194209503078,0.016699206673315443,0.02837024011489035,1,0,0,1.0,1.0,1.0,0.0,True,2,True,0.0035527499858289957,100.47806769084755,1.1234723012689354,1,1,8
5,magnitude-sweep,DIA-inflate,5005,0.010300213045415353,0.01674323947626688,0.02838517326198624,1,0,0,1.0,1.0,1.0,0.0,True,2,True,0.0035334170097485185,100.47181118467421,1.0313855438146426,1,1,8
5,magnitude-sweep,Huber,5005,0.010988671379442835,0.018094845916695274,0.02876214399872043,1,0,0,1.0,1.0,1.0,0.0,True,7,True,0.004873124998994172,100.34819604376865,1.9052248136052543,1,1,8
5,magnitude-sweep,Hampel,5005,0.01074814642908009,0.01765063322894356,0.028651568855156226,1,0,0,1.0,1.0,1.0,0.0,True,10,True,0.0065004580246750265,100.37686668510459,1.636973036421378,1,1,8
6,magnitude-sweep,WLS,5006,0.009884228964006885,0.015045336007737015,0.032353345601476347,0,0,1,0.0,0.0,0.0,0.0,False,1,True,0.0006457919953390956,59.699948189452066,3.4647535168796564,0,1,8
6,magnitude-sweep,DIA-reject,5006,0.00995016163107678,0.0156398833187192,0.02838449857077144,1,0,0,1.0,1.0,1.0,0.0,True,2,True,0.0034092499990947545,58.6937930247039,1.430944839021067,1,1,8
6,magnitude-sweep,DIA-inflate,5006,0.00992994466682682,0.015604857484078458,0.028413993059706336,1,0,0,1.0,1.0,1.0,0.0,True,2,True,0.003470875002676621,58.693461522937696,1.3047426375466733,1,1,8
6,magnitude-sweep,Huber,5006,0.009524380989862344,0.014736240859614865,0.0295342435755679,1,0,0,1.0,1.0,1.0,0.0,True,12,True,0.007741000008536503,58.58485989144634,2.154169344385037,1,1,8
6,magnitude-sweep,Hampel,5006,0.009560510947881202,0.014870786181993492,0.028856335406087643,1,0,0,1.0,1.0,1.0,0.0,True,14,True,0.009398374997545034,59.590172482515385,1.867193068729276,1,1,8
7,magnitude-sweep,WLS,5007,0.007108881584334347,0.010716361366967802,0.022613842380915655,0,0,1,0.0,0.0,0.0,0.0,False,1,True,0.0007439169858116657,66.39073322137907,2.5605542662515943,0,1,8
7,magnitude-sweep,DIA-reject,5007,0.005467659265679523,0.008675035213849049,0.014887627107596061,1,0,0,1.0,1.0,1.0,0.0,True,2,True,0.0035720829910133034,66.43001334077121,0.8832412481947328,1,1,8
7,magnitude-sweep,DIA-inflate,5007,0.005466247578169005,0.008677617405718267,0.014900093388704358,1,0,0,1.0,1.0,1.0,0.0,True,2,True,0.0036229580000508577,66.42874616066122,0.8082477958184165,1,1,8
7,magnitude-sweep,Huber,5007,0.005781767703457592,0.009099629870782102,0.015309509511024387,1,0,0,1.0,1.0,1.0,0.0,True,7,True,0.005117791995871812,66.39658057927359,1.5465725193064435,1,1,8
7,magnitude-sweep,Hampel,5007,0.005690071250035286,0.008993370074297171,0.015244658406436202,1,0,0,1.0,1.0,1.0,0.0,True,8,True,0.0057431669847574085,66.40037596173472,1.4325139177806465,1,1,8
8,magnitude-sweep,WLS,5008,0.011785397922079657,0.017717842225417696,0.039757826843357866,0,0,1,0.0,0.0,0.0,0.0,False,1,True,0.0006314169731922448,52.53460316309072,3.6555555877927195,0,1,8
8,magnitude-sweep,DIA-reject,5008,0.005740283382213412,0.009081112026838247,0.016407118164456284,1,0,0,1.0,1.0,1.0,0.0,True,2,True,0.0035141670086886734,73.70927019585423,0.8736892190038366,1,1,8
8,magnitude-sweep,DIA-inflate,5008,0.0057210827013526155,0.009031358256041403,0.01646946849545556,1,0,0,1.0,1.0,1.0,0.0,True,2,True,0.003614290995756164,73.23600616542197,0.8318238214856998,1,1,8
8,magnitude-sweep,Huber,5008,0.006957379958434366,0.010279311144084063,0.0230084861719556,1,0,0,1.0,1.0,1.0,0.0,True,9,True,0.006130541005404666,64.21176356682189,1.9533992242926577,1,1,8
8,magnitude-sweep,Hampel,5008,0.005770010383651404,0.008956139154922937,0.01737959789348925,1,0,0,1.0,1.0,1.0,0.0,True,13,True,0.008432916976744309,70.66913510288254,1.137106466554815,1,1,8
9,magnitude-sweep,WLS,5009,0.00685029435715027,0.010625707767777081,0.021059453539177892,0,0,1,0.0,0.0,0.0,0.0,False,1,True,0.0006497499998658895,83.3993063847311,2.85465576737476,0,1,8
9,magnitude-sweep,DIA-reject,5009,0.005859061923615004,0.009834973687153468,0.014015274729607329,1,0,0,1.0,1.0,1.0,0.0,True,2,True,0.003468624985544011,88.54875739404432,0.8504839932290409,1,1,8
9,magnitude-sweep,DIA-inflate,5009,0.005806092602063099,0.009754224042555245,0.013830134583408251,1,0,0,1.0,1.0,1.0,0.0,True,2,True,0.003743750014109537,88.47886325709138,0.7818886733395446,1,1,8
9,magnitude-sweep,Huber,5009,0.004915218781486957,0.008476532952184259,0.00946144178353874,1,0,0,1.0,1.0,1.0,0.0,True,6,True,0.004268042015610263,86.45521825749371,1.5616518821204985,1,1,8
9,magnitude-sweep,Hampel,5009,0.004987333361601317,0.008588834907391823,0.009730218007358342,1,0,0,1.0,1.0,1.0,0.0,True,7,True,0.004974500014213845,86.93497020725249,1.3714922172682118,1,1,8
10,magnitude-sweep,WLS,5010,0.008370291488097191,0.013252506378116148,0.026166390026339095,0,0,1,0.0,0.0,0.0,0.0,False,1,True,0.0006268330034799874,151.69478204256495,3.6675451594533515,0,1,8
10,magnitude-sweep,DIA-reject,5010,0.006700821408092721,0.01098059681228041,0.015193222293741659,1,0,0,1.0,1.0,1.0,0.0,True,2,True,0.0034144170058425516,150.0180973656301,1.2362867042070795,1,1,8
10,magnitude-sweep,DIA-inflate,5010,0.006702141533638022,0.010981268974545334,0.015246533864921518,1,0,0,1.0,1.0,1.0,0.0,True,2,True,0.0035546250001061708,150.0227453585165,1.133836672888837,1,1,8
10,magnitude-sweep,Huber,5010,0.006963362195140406,0.011349980548210046,0.017833201369142883,1,0,0,1.0,1.0,1.0,0.0,True,7,True,0.004781584022566676,150.27038006243313,2.03448007022471,1,1,8
10,magnitude-sweep,Hampel,5010,0.006804540098490052,0.011122387240474886,0.016515747011750705,1,0,0,1.0,1.0,1.0,0.0,True,8,True,0.0053664169972762465,150.13637597722186,1.6646994925896041,1,1,8
11,magnitude-sweep,WLS,5011,0.006187393269176696,0.010286320576938013,0.014339136766277646,0,0,1,0.0,0.0,0.0,0.0,False,1,True,0.0006209579878486693,53.09799412051931,4.730280040039432,0,1,8
11,magnitude-sweep,DIA-reject,5011,0.004995358656380661,0.0076937067803273095,0.01592230827865665,1,0,0,1.0,1.0,1.0,0.0,True,2,True,0.003414416016312316,51.92979111393939,0.8201094178684265,1,1,8
11,magnitude-sweep,DIA-inflate,5011,0.0049491029938930325,0.007645461563051173,0.015660426495491424,1,0,0,1.0,1.0,1.0,0.0,True,2,True,0.0035539999953471124,51.938009122222944,0.7823213923528406,1,1,8
11,magnitude-sweep,Huber,5011,0.004334216073102352,0.007162856016938999,0.010934328827912045,1,0,0,1.0,1.0,1.0,0.0,True,6,True,0.0041954579937737435,52.140764160755616,1.885404431497844,1,1,8
11,magnitude-sweep,Hampel,5011,0.004746847901821097,0.007445409903943895,0.014442015064745942,1,0,0,1.0,1.0,1.0,0.0,True,8,True,0.005422749993158504,51.97907398056437,1.0367385362654156,1,1,8
12,magnitude-sweep,WLS,5012,0.014360537323552998,0.023461236838269586,0.036977688737005146,0,0,1,0.0,0.0,0.0,0.0,False,1,True,0.0006231250008568168,260.6244005124697,1.9446014774400575,0,1,8
12,magnitude-sweep,DIA-reject,5012,0.013310444998257455,0.02203117226130565,0.03605995889190925,1,0,0,1.0,1.0,1.0,0.0,True,2,True,0.003479792008874938,256.9764736668053,1.1788448490461458,1,1,8
12,magnitude-sweep,DIA-inflate,5012,0.013323104433622987,0.022051863489226175,0.03607338254234638,1,0,0,1.0,1.0,1.0,0.0,True,2,True,0.0036099999852012843,256.98464794753016,1.0605473805869023,1,1,8
12,magnitude-sweep,Huber,5012,0.013936576513160747,0.022938592526794147,0.03664491531600519,0,0,1,0.0,0.0,0.0,0.0,False,7,True,0.004892458004178479,257.8409652731132,1.6119167249771589,0,1,8
12,magnitude-sweep,Hampel,5012,0.013936576513160747,0.022938592526794147,0.03664491531600519,0,0,1,0.0,0.0,0.0,0.0,False,7,True,0.004743000026792288,257.8409652731132,1.6119167249771589,0,1,8
13,magnitude-sweep,WLS,5013,0.009800372668718773,0.015646168888150562,0.027911732209267327,0,0,1,0.0,0.0,0.0,0.0,False,1,True,0.0006472079840023071,54.16925749748203,3.7724251374845235,0,1,8
13,magnitude-sweep,DIA-reject,5013,0.00543144698038755,0.008852776001800181,0.012900109617500318,1,0,0,1.0,1.0,1.0,0.0,True,2,False,0.003485416993498802,70.1786629868596,1.7164617975571457,1,1,8
13,magnitude-sweep,DIA-inflate,5013,0.005402018002586207,0.008810365850777647,0.012882243397538289,1,0,0,1.0,1.0,1.0,0.0,True,2,False,0.0034703330020420253,69.83252484380782,1.5615608410688568,1,1,8
13,magnitude-sweep,Huber,5013,0.006318564795490021,0.010157787781527242,0.0146361484258953,1,0,0,1.0,1.0,1.0,0.0,True,11,True,0.0071069999830797315,64.18714611227965,2.432805792106291,1,1,8
13,magnitude-sweep,Hampel,5013,0.005624996412853051,0.009089696162905966,0.013218526921635875,1,0,0,1.0,1.0,1.0,0.0,True,14,True,0.008805542020127177,65.50899159465361,2.134459825340576,1,1,8
14,magnitude-sweep,WLS,5014,0.01236538015363416,0.017886174576177066,0.033506014882614205,0,0,1,0.0,0.0,0.0,0.0,False,1,True,0.0006409169873222709,78.63026372139232,2.926118138421918,0,1,8
14,magnitude-sweep,DIA-reject,5014,0.011919881611509657,0.017363410579677354,0.036006483538064196,1,0,0,1.0,1.0,1.0,0.0,True,2,True,0.003499999991618097,78.33097986506426,1.4952509078948866,1,1,8
14,magnitude-sweep,DIA-inflate,5014,0.011911489386908957,0.017355996501240083,0.03590247336001568,1,0,0,1.0,1.0,1.0,0.0,True,2,True,0.0035021250077988952,78.33080680808665,1.3585944857886905,1,1,8
14,magnitude-sweep,Huber,5014,0.01198153009491443,0.017455473178781024,0.033921720131061026,1,0,0,1.0,1.0,1.0,0.0,True,11,True,0.007103832991560921,78.3384797759939,2.1613704441569817,1,1,8
14,magnitude-sweep,Hampel,5014,0.011952015117617861,0.0174240191279867,0.034066146916189206,1,0,0,1.0,1.0,1.0,0.0,True,13,True,0.008235582994529977,78.3302746963902,2.0657319604605076,1,1,8
15,magnitude-sweep,WLS,5015,0.008741667747781593,0.014023663717400348,0.021095173424999163,0,0,1,0.0,0.0,0.0,0.0,False,1,True,0.0006236670014914125,133.02059031417113,3.0771783822211067,0,1,8
15,magnitude-sweep,DIA-reject,5015,0.006964835890875318,0.011144075139540703,0.02012428815159526,1,0,0,1.0,1.0,1.0,0.0,True,2,True,0.0034285419969819486,132.32398561847256,0.5437895634325659,1,1,8
15,magnitude-sweep,DIA-inflate,5015,0.006955632291069296,0.01112697406779831,0.020096230959206915,1,0,0,1.0,1.0,1.0,0.0,True,2,True,0.0036465839948505163,132.29672092379352,0.5180938688918416,1,1,8
15,magnitude-sweep,Huber,5015,0.007060032073879416,0.011296512731705954,0.019769462198057357,1,0,0,1.0,1.0,1.0,0.0,True,6,True,0.004292875004466623,131.84376586727097,1.4163864595300537,1,1,8
15,magnitude-sweep,Hampel,5015,0.006937820284766859,0.011086173676670133,0.019810905851425458,1,0,0,1.0,1.0,1.0,0.0,True,8,True,0.005469791998621076,131.96704803614503,1.046430948142409,1,1,8
16,magnitude-sweep,WLS,5016,0.012961649844374227,0.02170674815367087,0.029713405238284165,0,0,1,0.0,0.0,0.0,0.0,False,1,True,0.0006311670003924519,45.318064711766446,2.3475547724913874,0,1,8
16,magnitude-sweep,DIA-reject,5016,0.007881928343543974,0.011001716864656457,0.029713405238284165,1,0,0,1.0,1.0,1.0,0.0,True,2,True,0.0035035829932894558,74.05158179372086,1.2920518199438036,1,1,8
16,magnitude-sweep,DIA-inflate,5016,0.007902921047193992,0.01106651043887148,0.029713405238284165,1,0,0,1.0,1.0,1.0,0.0,True,2,True,0.0034852079988922924,73.38885347809988,1.1712294740748759,1,1,8
16,magnitude-sweep,Huber,5016,0.010399155463737514,0.016730282779829957,0.029713405238284165,1,0,0,1.0,1.0,1.0,0.0,True,10,True,0.0065865410142578185,54.62226222315026,1.9057630306429323,1,1,8
16,magnitude-sweep,Hampel,5016,0.010399155463737514,0.016730282779829957,0.029713405238284165,1,0,0,1.0,1.0,1.0,0.0,True,10,True,0.006624250003369525,54.62226222315026,1.9057630306429323,1,1,8
17,magnitude-sweep,WLS,5017,0.01066001460274501,0.016660770628665635,0.027725130073506216,0,0,1,0.0,0.0,0.0,0.0,False,1,True,0.000635249976767227,41.529166141894,3.477175615864432,0,1,8
17,magnitude-sweep,DIA-reject,5017,0.005980931926502603,0.009955019039414273,0.015444846916373189,1,0,0,1.0,1.0,1.0,0.0,True,2,True,0.0034181670052930713,48.639788741054325,1.1306357422781086,1,1,8
17,magnitude-sweep,DIA-inflate,5017,0.0060146373488335165,0.010005255996495486,0.015518722530350736,1,0,0,1.0,1.0,1.0,0.0,True,2,True,0.0035492919851094484,48.538537586756824,1.036487701860218,1,1,8
17,magnitude-sweep,Huber,5017,0.007271569922276395,0.011821425630746119,0.017805128484081088,1,0,0,1.0,1.0,1.0,0.0,True,6,True,0.0043365829915273935,45.88826510917828,1.8932283268206067,1,1,8
17,magnitude-sweep,Hampel,5017,0.006753854167402494,0.011082056419511377,0.016928502724789,1,0,0,1.0,1.0,1.0,0.0,True,7,True,0.0048990839859470725,46.81529369823152,1.586013170156498,1,1,8
18,magnitude-sweep,WLS,5018,0.008756188097984596,0.014030212126137396,0.021909388182103022,0,0,1,0.0,0.0,0.0,0.0,False,1,True,0.00063158298144117,46.035826197507376,4.636525965962711,0,1,8
18,magnitude-sweep,DIA-reject,5018,0.0053465642133212615,0.008690956323985841,0.015872700459813555,1,0,0,1.0,1.0,1.0,0.0,True,2,True,0.003581541997846216,46.260134166866074,0.4586644071273575,1,1,8
18,magnitude-sweep,DIA-inflate,5018,0.0052764585331585515,0.008563639975576192,0.015882548040715944,1,0,0,1.0,1.0,1.0,0.0,True,2,True,0.0035426660033408552,46.25592323593236,0.5128349219594833,1,1,8
18,magnitude-sweep,Huber,5018,0.00545278264001025,0.008858164127527953,0.01657875433735351,1,0,0,1.0,1.0,1.0,0.0,True,17,True,0.01063908397918567,46.47735837709266,2.033502167481722,1,1,8
18,magnitude-sweep,Hampel,5018,0.00534656421307988,0.008690956323700129,0.015872700458192373,1,0,0,1.0,1.0,1.0,0.0,True,6,True,0.004324334004195407,46.260134166866074,0.4077016952256817,1,1,8
19,magnitude-sweep,WLS,5019,0.012111269405241433,0.01975214231459257,0.03341874650937333,0,0,1,0.0,0.0,0.0,0.0,False,1,True,0.0007173340127337724,75.94071354089597,4.758342525146985,0,1,8
19,magnitude-sweep,DIA-reject,5019,0.009448042926009731,0.015711401260266794,0.024361981797847206,1,0,0,1.0,1.0,1.0,0.0,True,2,True,0.0033894999942276627,70.36387392369933,0.8334145547133537,1,1,8
19,magnitude-sweep,DIA-inflate,5019,0.009473502811874212,0.01574937912813437,0.024380328262863404,1,0,0,1.0,1.0,1.0,0.0,True,2,True,0.0034719999821390957,70.33940194145573,0.8224781194023696,1,1,8
19,magnitude-sweep,Huber,5019,0.010169067823099351,0.016819437317193344,0.024628674104789382,1,0,0,1.0,1.0,1.0,0.0,True,9,True,0.006058916012989357,69.99859179185752,2.1738708649170726,1,1,8
19,magnitude-sweep,Hampel,5019,0.009448042925847683,0.015711401260044226,0.024361981797165123,1,0,0,1.0,1.0,1.0,0.0,True,6,True,0.004437750001670793,70.36387392369933,0.7408129375186974,1,1,8
20,magnitude-sweep,WLS,5020,0.009228784102359871,0.014733032760022054,0.028184043859211253,0,0,1,0.0,0.0,0.0,0.0,False,1,True,0.0006352909840643406,123.15695534097863,2.5822982225100213,0,1,8
20,magnitude-sweep,DIA-reject,5020,0.0065672195435087675,0.01110384942361769,0.015083679150658514,1,0,0,1.0,1.0,1.0,0.0,True,2,True,0.0034835420083254576,124.24022544975088,0.887388999281287,1,1,8
20,magnitude-sweep,DIA-inflate,5020,0.00658164876188773,0.011132311733161688,0.015064675263182843,1,0,0,1.0,1.0,1.0,0.0,True,2,True,0.0036302499938756227,124.22309897923088,0.8132089135515743,1,1,8
20,magnitude-sweep,Huber,5020,0.0073823491069992956,0.012466218695309601,0.016078202513054436,1,0,0,1.0,1.0,1.0,0.0,True,7,True,0.004792916995938867,123.72273772635215,1.5714927394951328,1,1,8
20,magnitude-sweep,Hampel,5020,0.007203829432994097,0.01220272042994112,0.0155273801191023,1,0,0,1.0,1.0,1.0,0.0,True,9,True,0.005972125014523044,123.80297970776172,1.443457266821883,1,1,8
21,magnitude-sweep,WLS,5021,0.008499717144872573,0.014060672560405612,0.0210621589997759,0,0,1,0.0,0.0,0.0,0.0,False,1,True,0.0006363749853335321,116.99059729066362,1.8812100272488355,0,1,8
21,magnitude-sweep,DIA-reject,5021,0.006397708740477333,0.010807759528881059,0.013682211536912015,1,0,0,1.0,1.0,1.0,0.0,True,2,True,0.0034456250141374767,120.7996306332807,1.0569102559718864,1,1,8
21,magnitude-sweep,DIA-inflate,5021,0.006365591364469107,0.01076207682420267,0.013548477986352612,1,0,0,1.0,1.0,1.0,0.0,True,2,True,0.0035173750075045973,120.70807871370846,0.9550383984399441,1,1,8
21,magnitude-sweep,Huber,5021,0.007037081012047931,0.011898113286957807,0.015933175163665055,0,0,1,0.0,0.0,0.0,0.0,False,9,True,0.005998000007821247,117.74222691664086,1.5618621405445965,0,1,8
21,magnitude-sweep,Hampel,5021,0.007037081012047931,0.011898113286957807,0.015933175163665055,0,0,1,0.0,0.0,0.0,0.0,False,9,True,0.005873292015166953,117.74222691664086,1.5618621405445965,0,1,8
22,magnitude-sweep,WLS,5022,0.007496561814759082,0.011966864743923512,0.021983556149540548,0,0,1,0.0,0.0,0.0,0.0,False,1,True,0.0006264580006245524,36.686701228760036,4.911717840727011,0,1,8
22,magnitude-sweep,DIA-reject,5022,0.005898155528032322,0.009820860394217711,0.01415867679531178,1,0,0,1.0,1.0,1.0,0.0,True,2,True,0.0035009169951081276,35.72232535921875,1.054459493964705,1,1,8
22,magnitude-sweep,DIA-inflate,5022,0.005908674574374764,0.009838239496727167,0.014184134135476305,1,0,0,1.0,1.0,1.0,0.0,True,2,True,0.0035450829891487956,35.729054489487865,0.9915990479437011,1,1,8
22,magnitude-sweep,Huber,5022,0.00621366352154501,0.010281081164947891,0.015282140359092441,1,0,0,1.0,1.0,1.0,0.0,True,6,True,0.00429016599082388,35.892133025269246,2.103816837687892,1,1,8
22,magnitude-sweep,Hampel,5022,0.005961202655757163,0.009921253025329079,0.01429674231236968,1,0,0,1.0,1.0,1.0,0.0,True,8,True,0.005449666001368314,35.760412954954276,1.2344705965594363,1,1,8
23,magnitude-sweep,WLS,5023,0.011483832643843773,0.01841264960376383,0.02866610536171466,0,0,1,0.0,0.0,0.0,0.0,False,1,True,0.0006252920138649642,75.36942008659577,2.3346570197858085,0,1,8
23,magnitude-sweep,DIA-reject,5023,0.006588880346618385,0.011091650876543726,0.013975350142658936,1,0,0,1.0,1.0,1.0,0.0,True,2,True,0.003361833019880578,75.74414839065166,0.6759141967842975,1,1,8
23,magnitude-sweep,DIA-inflate,5023,0.006663023318645384,0.011190872007354871,0.014339329326455433,1,0,0,1.0,1.0,1.0,0.0,True,2,True,0.0035830839769914746,75.63406928284826,0.6461278593832518,1,1,8
23,magnitude-sweep,Huber,5023,0.009380177048167966,0.01511525925861137,0.023211773348134585,1,0,0,1.0,1.0,1.0,0.0,True,13,True,0.008236499998020008,74.09504723925222,1.6707667326979552,1,1,8
23,magnitude-sweep,Hampel,5023,0.008664319967327196,0.014033010493679868,0.021205981642459872,1,0,0,1.0,1.0,1.0,0.0,True,25,True,0.015066583000589162,74.23257428088506,1.4399889840310724,1,1,8
24,magnitude-sweep,WLS,5024,0.007359228207504816,0.010975952443148234,0.02217974250380085,0,0,1,0.0,0.0,0.0,0.0,False,1,True,0.0006384160078596324,28.834053788214437,3.581425440180173,0,1,8
24,magnitude-sweep,DIA-reject,5024,0.006976611717265569,0.010934238524761742,0.018553235339911732,1,0,0,1.0,1.0,1.0,0.0,True,2,True,0.003531958005623892,27.66497189480127,0.5373478141334612,1,1,8
24,magnitude-sweep,DIA-inflate,5024,0.006890680640863641,0.010810154241891972,0.018428106075519438,1,0,0,1.0,1.0,1.0,0.0,True,2,True,0.003529707988491282,27.658446998779514,0.5408716428007267,1,1,8
24,magnitude-sweep,Huber,5024,0.006055874412784761,0.009272743584947951,0.01669375366856081,1,0,0,1.0,1.0,1.0,0.0,True,9,True,0.006000791996484622,27.569169786741014,1.7390316429185233,1,1,8
24,magnitude-sweep,Hampel,5024,0.006735876418604849,0.010583128108525684,0.018196068187031584,1,0,0,1.0,1.0,1.0,0.0,True,13,True,0.008280707988888025,27.646323945000013,0.6628433490013969,1,1,8
25,magnitude-sweep,WLS,5025,0.017430745382918576,0.029737026533421713,0.03896036541035591,0,0,1,0.0,0.0,0.0,0.0,False,1,True,0.0006261670205276459,386.6222781911151,4.0741038821364635,0,1,8
25,magnitude-sweep,DIA-reject,5025,0.017117841335386682,0.02949588438069825,0.03402570391869412,1,0,0,1.0,1.0,1.0,0.0,True,2,True,0.003478124999674037,374.36990182748997,1.0906103358691002,1,1,8
25,magnitude-sweep,DIA-inflate,5025,0.017111299836487688,0.02948593591730126,0.03400665582747536,1,0,0,1.0,1.0,1.0,0.0,True,2,True,0.003468750015599653,374.4008535112959,1.0225133453015036,1,1,8
25,magnitude-sweep,Huber,5025,0.017072375096615352,0.02939128931629768,0.03365239563268294,1,0,0,1.0,1.0,1.0,0.0,True,8,True,0.005463250010507181,375.4022416339769,2.125219910245891,1,1,8
25,magnitude-sweep,Hampel,5025,0.017081917207579823,0.02943810970236112,0.03389994070292097,1,0,0,1.0,1.0,1.0,0.0,True,10,True,0.006583166017662734,374.6040775983364,1.3301825239095835,1,1,8
26,magnitude-sweep,WLS,5026,0.00960375337113491,0.015794380281314156,0.02346067377233797,0,0,1,0.0,0.0,0.0,0.0,False,1,True,0.0007099169888533652,107.25813802736987,2.109019628556819,0,1,8
26,magnitude-sweep,DIA-reject,5026,0.0077008938476134025,0.01255314640377739,0.020860127755687626,1,0,0,1.0,1.0,1.0,0.0,True,2,False,0.0034177089983131737,111.15008351062474,1.5555535765593076,1,1,8
26,magnitude-sweep,DIA-inflate,5026,0.007720508866556544,0.012589748087344713,0.02087102264815113,1,0,0,1.0,1.0,1.0,0.0,True,2,True,0.0035225840110797435,111.0858090592274,1.3923810308664453,1,1,8
26,magnitude-sweep,Huber,5026,0.008905847032618194,0.014660914114858078,0.021280088296169432,0,0,1,0.0,0.0,0.0,0.0,False,7,True,0.004878000007010996,108.33238659636314,1.8736891520554722,0,1,8
26,magnitude-sweep,Hampel,5026,0.008905847032618194,0.014660914114858078,0.021280088296169432,0,0,1,0.0,0.0,0.0,0.0,False,7,True,0.0048247920058202,108.33238659636314,1.8736891520554722,0,1,8
27,magnitude-sweep,WLS,5027,0.012128126653708318,0.020193040539033386,0.026570973886611334,0,0,1,0.0,0.0,0.0,0.0,False,1,True,0.0006259579968173057,53.92262814777714,1.8811615025439907,0,1,8
27,magnitude-sweep,DIA-reject,5027,0.008533371354976498,0.013641839166978779,0.023397207803748342,1,0,0,1.0,1.0,1.0,0.0,True,2,True,0.003475375007838011,56.66656135320916,1.2156096301701025,1,1,8
27,magnitude-sweep,DIA-inflate,5027,0.008585968813072284,0.013749002420122154,0.023453535857067366,1,0,0,1.0,1.0,1.0,0.0,True,2,True,0.003602667013183236,56.60963351748612,1.0945015240203952,1,1,8
27,magnitude-sweep,Huber,5027,0.011124015759520196,0.018467303368668454,0.02576420033443082,0,0,1,0.0,0.0,0.0,0.0,False,9,True,0.006047041999408975,54.40581657428029,1.6723427567010225,0,1,8
27,magnitude-sweep,Hampel,5027,0.011124015759520196,0.018467303368668454,0.02576420033443082,0,0,1,0.0,0.0,0.0,0.0,False,9,True,0.006035915983375162,54.40581657428029,1.6723427567010225,0,1,8
28,magnitude-sweep,WLS,5028,0.00988697190934073,0.016010727219262413,0.023109390701418524,0,0,1,0.0,0.0,0.0,0.0,False,1,True,0.0006367909954860806,43.50030976634041,2.3407719487279213,0,1,8
28,magnitude-sweep,DIA-reject,5028,0.003923877375465141,0.006000172977318897,0.0110270030051053,1,0,0,1.0,1.0,1.0,0.0,True,2,True,0.0035648749908432364,69.55470188947307,0.4509770552996524,1,1,8
28,magnitude-sweep,DIA-inflate,5028,0.003858921931657926,0.005896416186026239,0.010613180548826841,1,0,0,1.0,1.0,1.0,0.0,True,2,True,0.0035596670059021562,68.9608646778039,0.4378022925504016,1,1,8
28,magnitude-sweep,Huber,5028,0.005300948877078214,0.00855831408541157,0.013451404426520845,1,0,0,1.0,1.0,1.0,0.0,True,9,True,0.006089041999075562,55.40650138493846,1.3648982450311333,1,1,8
28,magnitude-sweep,Hampel,5028,0.004341148607854648,0.006947671945494743,0.011094916579819907,1,0,0,1.0,1.0,1.0,0.0,True,14,True,0.008779791998676956,59.222072501417244,1.0870350484087605,1,1,8
29,magnitude-sweep,WLS,5029,0.007616384132486368,0.01190791419932005,0.0231948247331433,0,0,1,0.0,0.0,0.0,0.0,False,1,True,0.0006249590078368783,42.73004413433321,3.513237237997192,0,1,8
29,magnitude-sweep,DIA-reject,5029,0.004263788927146648,0.007078701908426488,0.011608207459678527,1,0,0,1.0,1.0,1.0,0.0,True,2,True,0.003397541993763298,44.09943257788764,1.1193651793243262,1,1,8
29,magnitude-sweep,DIA-inflate,5029,0.00427273359937083,0.007101063072654281,0.011534582665922671,1,0,0,1.0,1.0,1.0,0.0,True,2,True,0.0035821670026052743,44.06549704337276,1.0429286154510107,1,1,8
29,magnitude-sweep,Huber,5029,0.005179995667017727,0.008541433668828995,0.013815890254784918,1,0,0,1.0,1.0,1.0,0.0,True,9,True,0.005916499998420477,43.36668381817909,2.094419742045855,1,1,8
29,magnitude-sweep,Hampel,5029,0.004506949768724894,0.007513686183417961,0.011649112544924595,1,0,0,1.0,1.0,1.0,0.0,True,13,True,0.00822633400093764,43.75684859760485,1.490369678714431,1,1,8
0,magnitude-sweep,WLS,5000,0.014368742241465605,0.023227801764928478,0.0362169326100086,0,0,1,0.0,0.0,0.0,0.0,False,1,True,0.0006672079907730222,102.25361462716992,4.778188494139207,0,1,12
0,magnitude-sweep,DIA-reject,5000,0.010658892911724047,0.017856832871840825,0.02454405554802317,1,0,0,1.0,1.0,1.0,0.0,True,2,True,0.0033930840145330876,82.44132511296498,1.1083025523555932,1,1,12
0,magnitude-sweep,DIA-inflate,5000,0.01065447786766226,0.017820208797828953,0.024475767882015817,1,0,0,1.0,1.0,1.0,0.0,True,2,True,0.0035155830264557153,82.53157467902989,1.0955197921546325,1,1,12
0,magnitude-sweep,Huber,5000,0.011431169702668602,0.01866625473453551,0.02564521921719395,1,0,0,1.0,1.0,1.0,0.0,True,17,True,0.010565790988039225,84.91341296388862,2.602740325946909,1,1,12
0,magnitude-sweep,Hampel,5000,0.010658892911733012,0.017856832871940686,0.024544055548773744,1,0,0,1.0,1.0,1.0,0.0,True,7,True,0.004919291008263826,82.44132511296498,0.9851578243123663,1,1,12
1,magnitude-sweep,WLS,5001,0.014097585100153163,0.021327425387291005,0.048359289641736254,0,0,1,0.0,0.0,0.0,0.0,False,1,True,0.0006336660007946193,112.64918311738676,6.188811496026188,0,1,12
1,magnitude-sweep,DIA-reject,5001,0.003035505267056777,0.004837521395632873,0.007384261364491481,1,0,0,1.0,1.0,1.0,0.0,True,2,True,0.0035487079876475036,121.28567844061979,0.8876900268854845,1,1,12
1,magnitude-sweep,DIA-inflate,5001,0.003043610567918007,0.004888654523319065,0.007193553874977146,1,0,0,1.0,1.0,1.0,0.0,True,2,True,0.0034597080084495246,121.12879721411436,0.8928899178083283,1,1,12
1,magnitude-sweep,Huber,5001,0.005228818064761405,0.008503669330865932,0.015415588056971472,1,0,0,1.0,1.0,1.0,0.0,True,8,True,0.005344083998352289,118.80677404193948,2.4073662933995146,1,1,12
1,magnitude-sweep,Hampel,5001,0.0030355052665739083,0.004837521394525238,0.007384261364394117,1,0,0,1.0,1.0,1.0,0.0,True,5,True,0.0036577920254785568,121.28567844061979,0.7890578016769323,1,1,12
2,magnitude-sweep,WLS,5002,0.011319180576529229,0.018628484091278787,0.02739110549116531,0,0,1,0.0,0.0,0.0,0.0,False,1,True,0.0006230419967323542,47.10096733505945,4.48324043952335,0,1,12
2,magnitude-sweep,DIA-reject,5002,0.005594648817849551,0.009205251037004729,0.013977378172829421,1,0,0,1.0,1.0,1.0,0.0,True,2,True,0.003461374988546595,52.45221477694125,0.754136541270519,1,1,12
2,magnitude-sweep,DIA-inflate,5002,0.00555882632576597,0.009142257994233469,0.014106748489858812,1,0,0,1.0,1.0,1.0,0.0,True,2,True,0.0034691669861786067,52.3666302734733,0.7205857842012029,1,1,12
2,magnitude-sweep,Huber,5002,0.005812009145622893,0.009190264226959646,0.01725165623001177,1,0,0,1.0,1.0,1.0,0.0,True,6,True,0.00428512500366196,50.63139087837333,1.7924431216775987,1,1,12
2,magnitude-sweep,Hampel,5002,0.005433789576290056,0.008868160884793868,0.014931676261235316,1,0,0,1.0,1.0,1.0,0.0,True,8,True,0.005407999997260049,51.85596349969645,1.025127736538905,1,1,12
3,magnitude-sweep,WLS,5003,0.02355093114401687,0.039113964099810876,0.05797915868044982,0,0,1,0.0,0.0,0.0,0.0,False,1,True,0.0007067080005072057,79.23559795243621,6.549908070769119,0,1,12
3,magnitude-sweep,DIA-reject,5003,0.008373992079606844,0.013944258226002575,0.02026916887756547,1,0,0,1.0,1.0,1.0,0.0,True,2,True,0.003402625006856397,112.74252743459265,0.8859473332071929,1,1,12
3,magnitude-sweep,DIA-inflate,5003,0.008365862538319929,0.013972422767455922,0.02011756131349075,1,0,0,1.0,1.0,1.0,0.0,True,2,True,0.0035897080088034272,112.14198470845274,0.8890089464767229,1,1,12
3,magnitude-sweep,Huber,5003,0.010472793326923625,0.01760011606647277,0.023134896125474345,1,0,0,1.0,1.0,1.0,0.0,True,8,True,0.005541542021092027,103.33456377453292,2.3857549896675714,1,1,12
3,magnitude-sweep,Hampel,5003,0.008373992078870834,0.013944258224851422,0.020269168875521913,1,0,0,1.0,1.0,1.0,0.0,True,4,True,0.0032125000143423676,112.74252743459265,0.7875087406234969,1,1,12
4,magnitude-sweep,WLS,5004,0.00851798118276804,0.011152033961444522,0.03330912544379915,0,0,1,0.0,0.0,0.0,0.0,False,1,True,0.0006430410139728338,49.84357211980339,4.021207460791785,0,1,12
4,magnitude-sweep,DIA-reject,5004,0.004698324615993225,0.007575021239322397,0.014427261105841577,1,0,0,1.0,1.0,1.0,0.0,True,2,True,0.00348662500618957,47.608983663470305,1.308212451071536,1,1,12
4,magnitude-sweep,DIA-inflate,5004,0.004735983793588962,0.00760403270112638,0.014712775386101698,1,0,0,1.0,1.0,1.0,0.0,True,2,True,0.0036987079947721213,47.60673301634815,1.2091404632174787,1,1,12
4,magnitude-sweep,Huber,5004,0.006486065560078542,0.009224072923790972,0.023975850350016942,1,0,0,1.0,1.0,1.0,0.0,True,15,True,0.009806707996176556,50.3466681427945,2.1817907303868918,1,1,12
4,magnitude-sweep,Hampel,5004,0.005127880285498744,0.007895614121934518,0.01733265272150848,1,0,0,1.0,1.0,1.0,0.0,True,12,True,0.007698584027821198,47.60409059188689,1.6266492831286825,1,1,12
5,magnitude-sweep,WLS,5005,0.014376170605674924,0.023434100412017454,0.03800890433441194,0,0,1,0.0,0.0,0.0,0.0,False,1,True,0.0006312500045169145,100.36034894163973,6.122381883423781,0,1,12
5,magnitude-sweep,DIA-reject,5005,0.010280194209503078,0.016699206673315443,0.02837024011489035,1,0,0,1.0,1.0,1.0,0.0,True,2,True,0.0034819160064216703,100.47806769084755,1.1234723012689354,1,1,12
5,magnitude-sweep,DIA-inflate,5005,0.010316011268118742,0.01677442526440672,0.028409118414653774,1,0,0,1.0,1.0,1.0,0.0,True,2,True,0.003571375011233613,100.47181118467421,1.0795045188784542,1,1,12
5,magnitude-sweep,Huber,5005,0.01108941654962513,0.018262638599384283,0.02910648179736689,1,0,0,1.0,1.0,1.0,0.0,True,7,True,0.004756291018566117,100.38440254609033,2.424210980333921,1,1,12
5,magnitude-sweep,Hampel,5005,0.01028019420967102,0.01669920667367227,0.028370240114913448,1,0,0,1.0,1.0,1.0,0.0,True,5,True,0.0037555839808192104,100.47806769084755,0.9986420455750368,1,1,12
6,magnitude-sweep,WLS,5006,0.010700747037988985,0.01631705509578452,0.035093796252366645,0,0,1,0.0,0.0,0.0,0.0,False,1,True,0.0006238330097403377,59.699948189452066,6.194915459604909,0,1,12
6,magnitude-sweep,DIA-reject,5006,0.00995016163107678,0.0156398833187192,0.02838449857077144,1,0,0,1.0,1.0,1.0,0.0,True,2,True,0.003415124985622242,58.6937930247039,1.430944839021067,1,1,12
6,magnitude-sweep,DIA-inflate,5006,0.009921273752993414,0.015589693045607303,0.028425965123482243,1,0,0,1.0,1.0,1.0,0.0,True,2,True,0.0035176250094082206,58.693461522937696,1.3448245897447768,1,1,12
6,magnitude-sweep,Huber,5006,0.009540575936203036,0.014782954331758368,0.029448552851581572,1,0,0,1.0,1.0,1.0,0.0,True,13,True,0.008359540981473401,58.609937681771086,2.6038962100519303,1,1,12
6,magnitude-sweep,Hampel,5006,0.009699914239348184,0.015092660827087784,0.02785145775993284,1,0,0,1.0,1.0,1.0,0.0,True,14,True,0.009135750005953014,60.817354197002246,1.2165559811373212,1,1,12
7,magnitude-sweep,WLS,5007,0.009038726120138932,0.013091965889642785,0.032134578524630975,0,0,1,0.0,0.0,0.0,0.0,False,1,True,0.0006271669990383089,66.39073322137907,5.2170099667354215,0,1,12
7,magnitude-sweep,DIA-reject,5007,0.005467659265679523,0.008675035213849049,0.014887627107596061,1,0,0,1.0,1.0,1.0,0.0,True,2,True,0.0033959999855142087,66.43001334077121,0.8832412481947328,1,1,12
7,magnitude-sweep,DIA-inflate,5007,0.005466999985552937,0.008681626018390964,0.014909381075932497,1,0,0,1.0,1.0,1.0,0.0,True,2,True,0.0036584170011337847,66.42874616066122,0.8428349214604994,1,1,12
7,magnitude-sweep,Huber,5007,0.005796231485511063,0.009126911333945486,0.015351504388888484,1,0,0,1.0,1.0,1.0,0.0,True,6,True,0.004208332975395024,66.40669973199908,1.9881064204532595,1,1,12
7,magnitude-sweep,Hampel,5007,0.005475548242459922,0.00871212746402437,0.014975745047253764,1,0,0,1.0,1.0,1.0,0.0,True,7,True,0.004864500020630658,66.42498396367017,1.0181526650048829,1,1,12
8,magnitude-sweep,WLS,5008,0.01751970956023083,0.02601534754237208,0.06003981566609359,0,0,1,0.0,0.0,0.0,0.0,False,1,True,0.0006415829993784428,52.53460316309072,6.935013066398333,0,1,12
8,magnitude-sweep,DIA-reject,5008,0.005740283382213412,0.009081112026838247,0.016407118164456284,1,0,0,1.0,1.0,1.0,0.0,True,2,True,0.0034706250007729977,73.70927019585423,0.8736892190038366,1,1,12
8,magnitude-sweep,DIA-inflate,5008,0.005738522335492893,0.0090358628576188,0.01662329580419797,1,0,0,1.0,1.0,1.0,0.0,True,2,True,0.0035868330160155892,73.23600616542197,0.8982115378058053,1,1,12
8,magnitude-sweep,Huber,5008,0.00748971350623356,0.010848768731950188,0.025210312805867496,1,0,0,1.0,1.0,1.0,0.0,True,9,True,0.005871041008504108,67.11643377374705,2.526979381008981,1,1,12
8,magnitude-sweep,Hampel,5008,0.005740283382620383,0.00908111202777187,0.01640711816444388,1,0,0,1.0,1.0,1.0,0.0,True,4,True,0.0031980000203475356,73.70927019585423,0.7766126391219731,1,1,12
9,magnitude-sweep,WLS,5009,0.009117438384370909,0.014105090830189616,0.029218949827750123,0,0,1,0.0,0.0,0.0,0.0,False,1,True,0.0006242920062504709,83.3993063847311,4.705816520448568,0,1,12
9,magnitude-sweep,DIA-reject,5009,0.005859061923615004,0.009834973687153468,0.014015274729607329,1,0,0,1.0,1.0,1.0,0.0,True,2,True,0.0034162910014856607,88.54875739404432,0.8504839932290409,1,1,12
9,magnitude-sweep,DIA-inflate,5009,0.005786749300789395,0.009724777193480635,0.013762064219053316,1,0,0,1.0,1.0,1.0,0.0,True,2,True,0.0035974589991383255,88.47886325709138,0.8047338111718031,1,1,12
9,magnitude-sweep,Huber,5009,0.004908976318552278,0.008465887300073497,0.009455064279559415,1,0,0,1.0,1.0,1.0,0.0,True,6,True,0.00427075001061894,87.00690834116737,1.8612369487886251,1,1,12
9,magnitude-sweep,Hampel,5009,0.00537580990563681,0.009117001990718566,0.0121342829860738,1,0,0,1.0,1.0,1.0,0.0,True,7,True,0.00496720802038908,88.02981580650571,1.120959422058622,1,1,12
10,magnitude-sweep,WLS,5010,0.010113566264982204,0.01561540558467799,0.03397260081170971,0,0,1,0.0,0.0,0.0,0.0,False,1,True,0.0006314170022960752,151.69478204256495,6.990457791199032,0,1,12
10,magnitude-sweep,DIA-reject,5010,0.006700821408092721,0.01098059681228041,0.015193222293741659,1,0,0,1.0,1.0,1.0,0.0,True,2,True,0.003412749996641651,150.0180973656301,1.2362867042070795,1,1,12
10,magnitude-sweep,DIA-inflate,5010,0.0067063201180089255,0.01098848235229955,0.015281073603619695,1,0,0,1.0,1.0,1.0,0.0,True,2,True,0.0035562500124797225,150.0227453585165,1.178976755826648,1,1,12
10,magnitude-sweep,Huber,5010,0.007008979475026175,0.01144144975447752,0.017863542709344687,1,0,0,1.0,1.0,1.0,0.0,True,6,True,0.0041784580098465085,150.15231040294807,2.5159630948236242,1,1,12
10,magnitude-sweep,Hampel,5010,0.006700821408925422,0.010980596813766657,0.01519322229334243,1,0,0,1.0,1.0,1.0,0.0,True,4,True,0.0032196669781114906,150.0180973656301,1.0989215148523925,1,1,12
11,magnitude-sweep,WLS,5011,0.008459558994258664,0.013436946802493716,0.022717915318147777,0,0,1,0.0,0.0,0.0,0.0,False,1,True,0.000633417017525062,53.09799412051931,8.404782256733096,0,1,12
11,magnitude-sweep,DIA-reject,5011,0.004995358656380661,0.0076937067803273095,0.01592230827865665,1,0,0,1.0,1.0,1.0,0.0,True,2,True,0.003400666988454759,51.92979111393939,0.8201094178684265,1,1,12
11,magnitude-sweep,DIA-inflate,5011,0.0049343186722603195,0.007630556212624714,0.015570835482325332,1,0,0,1.0,1.0,1.0,0.0,True,2,True,0.0035539999953471124,51.938009122222944,0.8319608170894844,1,1,12
11,magnitude-sweep,Huber,5011,0.004391012184015789,0.007235219480150409,0.011203971091306428,1,0,0,1.0,1.0,1.0,0.0,True,7,True,0.004731041000923142,52.07443957748312,2.3360869449924007,1,1,12
11,magnitude-sweep,Hampel,5011,0.004995358656304043,0.007693706780107644,0.015922308278834858,1,0,0,1.0,1.0,1.0,0.0,True,4,True,0.003187249996699393,51.92979111393939,0.7289861492162494,1,1,12
12,magnitude-sweep,WLS,5012,0.015372118011181626,0.02466764497421402,0.03779592817698015,0,0,1,0.0,0.0,0.0,0.0,False,1,True,0.000618582998868078,260.6244005124697,3.350319430562815,0,1,12
12,magnitude-sweep,DIA-reject,5012,0.013310444998257455,0.02203117226130565,0.03605995889190925,1,0,0,1.0,1.0,1.0,0.0,True,2,True,0.003354707994731143,256.9764736668053,1.1788448490461458,1,1,12
12,magnitude-sweep,DIA-inflate,5012,0.013333400408374954,0.022068535878386253,0.03608497145895908,1,0,0,1.0,1.0,1.0,0.0,True,2,True,0.0036029159964527935,256.98464794753016,1.0808693875669837,1,1,12
12,magnitude-sweep,Huber,5012,0.014020274284636544,0.023065262213355055,0.036749133234789816,1,0,0,1.0,1.0,1.0,0.0,True,7,True,0.004804833006346598,257.34144936865755,1.9581074154579472,1,1,12
12,magnitude-sweep,Hampel,5012,0.013762700810297738,0.02271430637902297,0.03651598604135235,1,0,0,1.0,1.0,1.0,0.0,True,9,True,0.00598237500526011,257.17720769795346,1.6498902938877062,1,1,12
13,magnitude-sweep,WLS,5013,0.01375526944639694,0.021994059697533687,0.04125711078683448,0,0,1,0.0,0.0,0.0,0.0,False,1,True,0.0006241250084713101,54.16925749748203,6.647999911377009,0,1,12
13,magnitude-sweep,DIA-reject,5013,0.00543144698038755,0.008852776001800181,0.012900109617500318,1,0,0,1.0,1.0,1.0,0.0,True,2,False,0.0033922909933608025,70.1786629868596,1.7164617975571457,1,1,12
13,magnitude-sweep,DIA-inflate,5013,0.005387027199625361,0.008781724791200226,0.012883336498232046,1,0,0,1.0,1.0,1.0,0.0,True,2,False,0.0035862079821527004,69.83252484380782,1.6056473563161282,1,1,12
13,magnitude-sweep,Huber,5013,0.006233414361770978,0.009992316110472379,0.01440941723234511,1,0,0,1.0,1.0,1.0,0.0,True,12,True,0.007755625003483146,66.75417285759005,2.9014716258083757,1,1,12
13,magnitude-sweep,Hampel,5013,0.005431446980041484,0.008852776001169608,0.012900109616876656,1,0,0,1.0,1.0,1.0,0.0,True,6,True,0.004245249991072342,70.1786629868596,1.5257438200298028,1,1,12
14,magnitude-sweep,WLS,5014,0.013175045289314338,0.01880156507557796,0.03878126766443088,0,0,1,0.0,0.0,0.0,0.0,False,1,True,0.0006244170072022825,78.63026372139232,5.072696967579119,0,1,12
14,magnitude-sweep,DIA-reject,5014,0.011919881611509657,0.017363410579677354,0.036006483538064196,1,0,0,1.0,1.0,1.0,0.0,True,2,True,0.003463625005679205,78.33097986506426,1.4952509078948866,1,1,12
14,magnitude-sweep,DIA-inflate,5014,0.011907839841370579,0.01735392506124329,0.035838439328288924,1,0,0,1.0,1.0,1.0,0.0,True,2,True,0.003490083006909117,78.33080680808665,1.399034435712664,1,1,12
14,magnitude-sweep,Huber,5014,0.011988919787604444,0.017465144184854644,0.03351348106497641,1,0,0,1.0,1.0,1.0,0.0,True,13,True,0.008229416998801753,78.32022831758886,2.6257234016639734,1,1,12
14,magnitude-sweep,Hampel,5014,0.011945501652681143,0.01741110305129906,0.03599741071113654,1,0,0,1.0,1.0,1.0,0.0,True,12,True,0.007685707998462021,78.30936439427698,1.3213667642645086,1,1,12
15,magnitude-sweep,WLS,5015,0.010237238053165081,0.016293316577225537,0.026505925123140216,0,0,1,0.0,0.0,0.0,0.0,False,1,True,0.0006224999960977584,133.02059031417113,5.7547400844252,0,1,12
15,magnitude-sweep,DIA-reject,5015,0.006964835890875318,0.011144075139540703,0.02012428815159526,1,0,0,1.0,1.0,1.0,0.0,True,2,True,0.0035509160079527646,132.32398561847256,0.5437895634325659,1,1,12
15,magnitude-sweep,DIA-inflate,5015,0.006951587726210212,0.011119637849625122,0.02008434020821221,1,0,0,1.0,1.0,1.0,0.0,True,2,True,0.0035087910073343664,132.29672092379352,0.5538887721606373,1,1,12
15,magnitude-sweep,Huber,5015,0.007024533805246174,0.011240429756920783,0.01971119057127164,1,0,0,1.0,1.0,1.0,0.0,True,6,True,0.004314958991017193,131.9275263760125,1.813220992963499,1,1,12
15,magnitude-sweep,Hampel,5015,0.006963540917446836,0.011141690261890118,0.02012053009723822,1,0,0,1.0,1.0,1.0,0.0,True,7,True,0.00473429198609665,132.32145041318253,0.48985596792504327,1,1,12
16,magnitude-sweep,WLS,5016,0.017600511142536638,0.02988563833260579,0.04189275732857685,0,0,1,0.0,0.0,0.0,0.0,False,1,True,0.0006228749989531934,45.318064711766446,3.9958851319699664,0,1,12
16,magnitude-sweep,DIA-reject,5016,0.007881928343543974,0.011001716864656457,0.029713405238284165,1,0,0,1.0,1.0,1.0,0.0,True,2,True,0.003470708994427696,74.05158179372086,1.2920518199438036,1,1,12
16,magnitude-sweep,DIA-inflate,5016,0.007919931050034822,0.011112286767187174,0.029713405238284165,1,0,0,1.0,1.0,1.0,0.0,True,2,True,0.0035206250031478703,73.38885347809988,1.2026102870350617,1,1,12
16,magnitude-sweep,Huber,5016,0.010530753354948704,0.01697229653205991,0.029713405238284165,1,0,0,1.0,1.0,1.0,0.0,True,9,True,0.006045832997187972,60.89861905022747,2.316822426370012,1,1,12
16,magnitude-sweep,Hampel,5016,0.008336110839287428,0.012178464312775647,0.029713405238284165,1,0,0,1.0,1.0,1.0,0.0,True,13,True,0.00832208400242962,69.629181885467,1.519017127101773,1,1,12
17,magnitude-sweep,WLS,5017,0.013309204929793657,0.020563554852579345,0.03615461139691399,0,0,1,0.0,0.0,0.0,0.0,False,1,True,0.0006254999898374081,41.529166141894,5.989129527793742,0,1,12
17,magnitude-sweep,DIA-reject,5017,0.005980931926502603,0.009955019039414273,0.015444846916373189,1,0,0,1.0,1.0,1.0,0.0,True,2,True,0.003452959004789591,48.639788741054325,1.1306357422781086,1,1,12
17,magnitude-sweep,DIA-inflate,5017,0.006030727907059274,0.010029896558158587,0.015549988071465829,1,0,0,1.0,1.0,1.0,0.0,True,2,True,0.0035459579958114773,48.538537586756824,1.0682679240859816,1,1,12
17,magnitude-sweep,Huber,5017,0.007302430586170034,0.011878474681205417,0.01781974581162155,1,0,0,1.0,1.0,1.0,0.0,True,6,True,0.004171166016021743,46.677596819741275,2.264214668889786,1,1,12
17,magnitude-sweep,Hampel,5017,0.0060912505117108546,0.010120458118222705,0.015674451827995404,1,0,0,1.0,1.0,1.0,0.0,True,7,True,0.004799624992301688,48.42105711206991,1.1418900329323778,1,1,12
18,magnitude-sweep,WLS,5018,0.01153247966905178,0.017762196032487527,0.03259295602146791,0,0,1,0.0,0.0,0.0,0.0,False,1,True,0.0006382919964380562,46.035826197507376,8.49395039683976,0,1,12
18,magnitude-sweep,DIA-reject,5018,0.0053465642133212615,0.008690956323985841,0.015872700459813555,1,0,0,1.0,1.0,1.0,0.0,True,2,True,0.003499832993838936,46.260134166866074,0.4586644071273575,1,1,12
18,magnitude-sweep,DIA-inflate,5018,0.005253132244347564,0.00851967609537038,0.015882028038272444,1,0,0,1.0,1.0,1.0,0.0,True,2,True,0.003465416986728087,46.25592323593236,0.6065522905262658,1,1,12
18,magnitude-sweep,Huber,5018,0.00544127949893087,0.008835434881896888,0.01655172120601909,1,0,0,1.0,1.0,1.0,0.0,True,17,True,0.010566874989308417,46.48210253321196,2.647812640825225,1,1,12
18,magnitude-sweep,Hampel,5018,0.00534656421307988,0.008690956323700129,0.015872700458192373,1,0,0,1.0,1.0,1.0,0.0,True,5,True,0.0037990830023773015,46.260134166866074,0.4077016952256817,1,1,12
19,magnitude-sweep,WLS,5019,0.014713747178242982,0.023254096849666516,0.045902417794746964,0,0,1,0.0,0.0,0.0,0.0,False,1,True,0.0006457499985117465,75.94071354089597,9.57297851968009,0,1,12
19,magnitude-sweep,DIA-reject,5019,0.009448042926009731,0.015711401260266794,0.024361981797847206,1,0,0,1.0,1.0,1.0,0.0,True,2,True,0.0033834160130936652,70.36387392369933,0.8334145547133537,1,1,12
19,magnitude-sweep,DIA-inflate,5019,0.009489174371493868,0.015772457456147266,0.024392589170419178,1,0,0,1.0,1.0,1.0,0.0,True,2,True,0.0035780000034719706,70.33940194145573,0.9229582422439634,1,1,12
19,magnitude-sweep,Huber,5019,0.01025919904124695,0.01693468058370307,0.02472137085849643,1,0,0,1.0,1.0,1.0,0.0,True,9,True,0.005947625002590939,70.09894852573959,2.8847367941960846,1,1,12
19,magnitude-sweep,Hampel,5019,0.009448042925847683,0.015711401260044226,0.024361981797165123,1,0,0,1.0,1.0,1.0,0.0,True,5,True,0.003762667009141296,70.36387392369933,0.7408129375186974,1,1,12
20,magnitude-sweep,WLS,5020,0.011496426030627718,0.01708142745963431,0.04055627021629974,0,0,1,0.0,0.0,0.0,0.0,False,1,True,0.0006190419953782111,123.15695534097863,4.884555866256484,0,1,12
20,magnitude-sweep,DIA-reject,5020,0.0065672195435087675,0.01110384942361769,0.015083679150658514,1,0,0,1.0,1.0,1.0,0.0,True,2,True,0.0033490420028101653,124.24022544975088,0.887388999281287,1,1,12
20,magnitude-sweep,DIA-inflate,5020,0.006590894775342239,0.0111505723375618,0.015054029818490217,1,0,0,1.0,1.0,1.0,0.0,True,2,True,0.0036053340008948,124.22309897923088,0.8445395699439987,1,1,12
20,magnitude-sweep,Huber,5020,0.0074238515696979325,0.012524946008192784,0.016400066518864564,1,0,0,1.0,1.0,1.0,0.0,True,7,True,0.004834416991798207,123.8905426448613,1.9714850439165703,1,1,12
20,magnitude-sweep,Hampel,5020,0.006698934163233674,0.011357796921682428,0.014940152502696437,1,0,0,1.0,1.0,1.0,0.0,True,8,True,0.005406500014942139,124.15769884026244,1.059388015274653,1,1,12
21,magnitude-sweep,WLS,5021,0.011105313089896646,0.01762428953622435,0.03311541049731239,0,0,1,0.0,0.0,0.0,0.0,False,1,True,0.0006290000164881349,116.99059729066362,2.897433643457838,0,1,12
21,magnitude-sweep,DIA-reject,5021,0.006397708740477333,0.010807759528881059,0.013682211536912015,1,0,0,1.0,1.0,1.0,0.0,True,2,True,0.003465749992756173,120.7996306332807,1.0569102559718864,1,1,12
21,magnitude-sweep,DIA-inflate,5021,0.00634904007102076,0.01073822169897035,0.013476201541110207,1,0,0,1.0,1.0,1.0,0.0,True,2,True,0.0034986249811481684,120.70807871370846,0.9726530223448397,1,1,12
21,magnitude-sweep,Huber,5021,0.007079226931054535,0.011941589522986655,0.015612743478437333,1,0,0,1.0,1.0,1.0,0.0,True,9,True,0.006067333015380427,118.52204379477043,1.851055541343358,1,1,12
21,magnitude-sweep,Hampel,5021,0.006526609089221169,0.011080954639745335,0.014445118535646563,1,0,0,1.0,1.0,1.0,0.0,True,12,True,0.007727582997176796,119.06278660715803,1.613241159666143,1,1,12
22,magnitude-sweep,WLS,5022,0.00949604263958308,0.014795033355084168,0.029023156347862598,0,0,1,0.0,0.0,0.0,0.0,False,1,True,0.000640665995888412,36.686701228760036,9.74184045475079,0,1,12
22,magnitude-sweep,DIA-reject,5022,0.005898155528032322,0.009820860394217711,0.01415867679531178,1,0,0,1.0,1.0,1.0,0.0,True,2,True,0.003429749980568886,35.72232535921875,1.054459493964705,1,1,12
22,magnitude-sweep,DIA-inflate,5022,0.005921371825650644,0.009858653492145621,0.014200056866255494,1,0,0,1.0,1.0,1.0,0.0,True,2,True,0.0036109999928157777,35.729054489487865,1.0600170800887938,1,1,12
22,magnitude-sweep,Huber,5022,0.00634903080110475,0.01050098129686292,0.01567004740871262,1,0,0,1.0,1.0,1.0,0.0,True,6,True,0.004243540985044092,35.82937743812211,2.6919440562494836,1,1,12
22,magnitude-sweep,Hampel,5022,0.0058981555277569635,0.009820860393754998,0.014158676794147172,1,0,0,1.0,1.0,1.0,0.0,True,5,True,0.0037486249930225313,35.72232535921875,0.9372973279661573,1,1,12
23,magnitude-sweep,WLS,5023,0.01539871926380845,0.02474738268319021,0.0384742975162698,0,0,1,0.0,0.0,0.0,0.0,False,1,True,0.0006285419804044068,75.36942008659577,4.585857247393758,0,1,12
23,magnitude-sweep,DIA-reject,5023,0.006588880346618385,0.011091650876543726,0.013975350142658936,1,0,0,1.0,1.0,1.0,0.0,True,2,True,0.003411000012420118,75.74414839065166,0.6759141967842975,1,1,12
23,magnitude-sweep,DIA-inflate,5023,0.0067091832993471465,0.011253209863141603,0.01455483873478098,1,0,0,1.0,1.0,1.0,0.0,True,2,True,0.0035752079857047647,75.63406928284826,0.7058297173332263,1,1,12
23,magnitude-sweep,Huber,5023,0.00964339070426039,0.015513368896603952,0.023988784349736825,1,0,0,1.0,1.0,1.0,0.0,True,13,True,0.008327666990226135,74.38127052008751,2.233159637894826,1,1,12
23,magnitude-sweep,Hampel,5023,0.0065888803469120434,0.01109165087691766,0.013975350144040163,1,0,0,1.0,1.0,1.0,0.0,True,6,True,0.004288291995180771,75.74414839065166,0.6008126193780974,1,1,12
24,magnitude-sweep,WLS,5024,0.00938008045391518,0.013531840794190586,0.029693506096234574,0,0,1,0.0,0.0,0.0,0.0,False,1,True,0.0006377499958034605,28.834053788214437,6.465292421351659,0,1,12
24,magnitude-sweep,DIA-reject,5024,0.006976611717265569,0.010934238524761742,0.018553235339911732,1,0,0,1.0,1.0,1.0,0.0,True,2,True,0.0034995409951079637,27.66497189480127,0.5373478141334612,1,1,12
24,magnitude-sweep,DIA-inflate,5024,0.00686171542170964,0.010768061068306332,0.018387259285759676,1,0,0,1.0,1.0,1.0,0.0,True,2,True,0.003467166010523215,27.658446998779514,0.5990254967338976,1,1,12
24,magnitude-sweep,Huber,5024,0.006092543760002246,0.00932888194711723,0.016783670025562317,1,0,0,1.0,1.0,1.0,0.0,True,8,True,0.005369208985939622,27.587642756173683,2.227248664830635,1,1,12
24,magnitude-sweep,Hampel,5024,0.006976611717266366,0.01093423852476611,0.018553235339911732,1,0,0,1.0,1.0,1.0,0.0,True,4,True,0.003128417010884732,27.66497189480127,0.4776425014519656,1,1,12
25,magnitude-sweep,WLS,5025,0.01797408809196869,0.03040671330338182,0.043450498141558984,0,0,1,0.0,0.0,0.0,0.0,False,1,True,0.0006248750141821802,386.6222781911151,7.081738342118974,0,1,12
25,magnitude-sweep,DIA-reject,5025,0.017117841335386682,0.02949588438069825,0.03402570391869412,1,0,0,1.0,1.0,1.0,0.0,True,2,True,0.0035086660063825548,374.36990182748997,1.0906103358691002,1,1,12
25,magnitude-sweep,DIA-inflate,5025,0.017109938655024047,0.029483890714707195,0.03400140180637014,1,0,0,1.0,1.0,1.0,0.0,True,2,True,0.0034946249797940254,374.4008535112959,1.0736004461364625,1,1,12
25,magnitude-sweep,Huber,5025,0.01708741449789327,0.029419017445624918,0.03367943277449835,1,0,0,1.0,1.0,1.0,0.0,True,7,True,0.0048574579996056855,375.00891063607537,2.5887828642770785,1,1,12
25,magnitude-sweep,Hampel,5025,0.017117841331889996,0.029495884374587018,0.03402570391519106,1,0,0,1.0,1.0,1.0,0.0,True,4,True,0.003095333988312632,374.36990182748997,0.9694314096295855,1,1,12
26,magnitude-sweep,WLS,5026,0.01113069800534149,0.01800891472601296,0.030346776525314843,0,0,1,0.0,0.0,0.0,0.0,False,1,True,0.0006256250198930502,107.25813802736987,3.246818683540939,0,1,12
26,magnitude-sweep,DIA-reject,5026,0.0077008938476134025,0.01255314640377739,0.020860127755687626,1,0,0,1.0,1.0,1.0,0.0,True,2,False,0.0035031659936066717,111.15008351062474,1.5555535765593076,1,1,12
26,magnitude-sweep,DIA-inflate,5026,0.007733036932946562,0.012610778599980835,0.02086415327308594,1,0,0,1.0,1.0,1.0,0.0,True,2,True,0.0034659999946597964,111.0858090592274,1.4069535535299056,1,1,12
26,magnitude-sweep,Huber,5026,0.008931772822741843,0.014636146285244192,0.021622127503974485,1,0,0,1.0,1.0,1.0,0.0,True,7,True,0.004807124991202727,109.28650903273483,2.1617597779175695,1,1,12
26,magnitude-sweep,Hampel,5026,0.008687912759653698,0.014239689260790344,0.020937565292386558,1,0,0,1.0,1.0,1.0,0.0,True,8,True,0.005306167004164308,109.58754784273751,2.0241296833313447,1,1,12
27,magnitude-sweep,WLS,5027,0.01557999667403342,0.025870111443801722,0.035174231275966514,0,0,1,0.0,0.0,0.0,0.0,False,1,True,0.0006239170033950359,53.92262814777714,3.344809457331184,0,1,12
27,magnitude-sweep,DIA-reject,5027,0.008533371354976498,0.013641839166978779,0.023397207803748342,1,0,0,1.0,1.0,1.0,0.0,True,2,True,0.003508584020892158,56.66656135320916,1.2156096301701025,1,1,12
27,magnitude-sweep,DIA-inflate,5027,0.008628585032524352,0.013833846048823466,0.02350027950761386,1,0,0,1.0,1.0,1.0,0.0,True,2,True,0.0035380000190343708,56.60963351748612,1.1204554328511935,1,1,12
27,magnitude-sweep,Huber,5027,0.011372085708424382,0.018879195452123947,0.02604350481177689,1,0,0,1.0,1.0,1.0,0.0,True,9,True,0.0060971670027356595,55.27019242479418,2.082853468612738,1,1,12
27,magnitude-sweep,Hampel,5027,0.010134634235090308,0.016691004621278985,0.024962860955986776,1,0,0,1.0,1.0,1.0,0.0,True,12,True,0.007665125012863427,55.824091372400446,1.678346599927345,1,1,12
28,magnitude-sweep,WLS,5028,0.014175699459706852,0.02281299185614726,0.03680355541407115,0,0,1,0.0,0.0,0.0,0.0,False,1,True,0.0006283750117290765,43.50030976634041,4.704362423032408,0,1,12
28,magnitude-sweep,DIA-reject,5028,0.003923877375465141,0.006000172977318897,0.0110270030051053,1,0,0,1.0,1.0,1.0,0.0,True,2,True,0.003466541995294392,69.55470188947307,0.4509770552996524,1,1,12
28,magnitude-sweep,DIA-inflate,5028,0.0038362852604065163,0.005847816839793093,0.010521320075939243,1,0,0,1.0,1.0,1.0,0.0,True,2,True,0.003590667009120807,68.9608646778039,0.48285524495475135,1,1,12
28,magnitude-sweep,Huber,5028,0.005195179732766636,0.008364950692308486,0.012431909887377555,1,0,0,1.0,1.0,1.0,0.0,True,8,True,0.005467415991006419,59.76244478564626,1.8380563950402735,1,1,12
28,magnitude-sweep,Hampel,5028,0.003923877375734198,0.00600017297759038,0.011027003004763253,1,0,0,1.0,1.0,1.0,0.0,True,5,True,0.0037043339980300516,69.55470188947307,0.4008684935969647,1,1,12
29,magnitude-sweep,WLS,5029,0.010003528439694296,0.015068131467062961,0.03236933599747098,0,0,1,0.0,0.0,0.0,0.0,False,1,True,0.0006227500271052122,42.73004413433321,6.493427222912097,0,1,12
29,magnitude-sweep,DIA-reject,5029,0.004263788927146648,0.007078701908426488,0.011608207459678527,1,0,0,1.0,1.0,1.0,0.0,True,2,True,0.0034075420117005706,44.09943257788764,1.1193651793243262,1,1,12
29,magnitude-sweep,DIA-inflate,5029,0.004285222787045523,0.007122779831691896,0.011549578188581261,1,0,0,1.0,1.0,1.0,0.0,True,2,True,0.0035142499837093055,44.06549704337276,1.0989564427874572,1,1,12
29,magnitude-sweep,Huber,5029,0.005225010920840788,0.00860431264646735,0.014120355074346039,1,0,0,1.0,1.0,1.0,0.0,True,9,True,0.00595824999618344,43.59136207687674,2.6142676001506793,1,1,12
29,magnitude-sweep,Hampel,5029,0.00426378892722683,0.007078701908692537,0.011608207458773102,1,0,0,1.0,1.0,1.0,0.0,True,5,True,0.0037265839928295463,44.09943257788764,0.9949912705182955,1,1,12
0,magnitude-sweep,WLS,5000,0.019053749391618406,0.029780464953094343,0.053671174976902374,0,0,1,0.0,0.0,0.0,0.0,False,1,True,0.0006356250087264925,102.25361462716992,10.96021083723041,0,1,20
0,magnitude-sweep,DIA-reject,5000,0.010658892911724047,0.017856832871840825,0.02454405554802317,1,0,0,1.0,1.0,1.0,0.0,True,2,True,0.00352491601370275,82.44132511296498,1.1083025523555932,1,1,20
0,magnitude-sweep,DIA-inflate,5000,0.010658548387334406,0.017808721946351445,0.0243939976494967,1,0,0,1.0,1.0,1.0,0.0,True,2,True,0.0035342919873073697,82.53157467902989,1.2799576002794641,1,1,20
0,magnitude-sweep,Huber,5000,0.011505853349293445,0.01873249028881915,0.02721219249231059,1,0,0,1.0,1.0,1.0,0.0,True,16,True,0.009936916001606733,83.62934793816342,3.661381424110312,1,1,20
0,magnitude-sweep,Hampel,5000,0.010658892911733012,0.017856832871940686,0.024544055548773744,1,0,0,1.0,1.0,1.0,0.0,True,5,True,0.0037534589937422425,82.44132511296498,0.9851578243123663,1,1,20
1,magnitude-sweep,WLS,5001,0.022373465375369155,0.033069545517348704,0.07837502262053408,0,0,1,0.0,0.0,0.0,0.0,False,1,True,0.0006390829803422093,112.64918311738676,14.8346113985785,0,1,20
1,magnitude-sweep,DIA-reject,5001,0.003035505267056777,0.004837521395632873,0.007384261364491481,1,0,0,1.0,1.0,1.0,0.0,True,2,True,0.0034414590045344085,121.28567844061979,0.8876900268854845,1,1,20
1,magnitude-sweep,DIA-inflate,5001,0.003063133958434943,0.004941295625858447,0.007160254882062679,1,0,0,1.0,1.0,1.0,0.0,True,2,True,0.003575124981580302,121.12879721411436,1.058965018609908,1,1,20
1,magnitude-sweep,Huber,5001,0.0052464884166338495,0.008526717916716938,0.015508027438304543,1,0,0,1.0,1.0,1.0,0.0,True,8,True,0.005398375011282042,119.7568945883472,3.3987518656407256,1,1,20
1,magnitude-sweep,Hampel,5001,0.0030355052665739083,0.004837521394525238,0.007384261364394117,1,0,0,1.0,1.0,1.0,0.0,True,4,True,0.003223874984541908,121.28567844061979,0.7890578016769323,1,1,20
2,magnitude-sweep,WLS,5002,0.018859947297533295,0.03131523466244841,0.048586890280453265,0,0,1,0.0,0.0,0.0,0.0,False,1,True,0.0006331670156214386,47.10096733505945,11.800090564120453,0,1,20
2,magnitude-sweep,DIA-reject,5002,0.005594648817849551,0.009205251037004729,0.013977378172829421,1,0,0,1.0,1.0,1.0,0.0,True,2,True,0.0034598340280354023,52.45221477694125,0.754136541270519,1,1,20
2,magnitude-sweep,DIA-inflate,5002,0.005539601685740199,0.00910641400153885,0.01420833194647012,1,0,0,1.0,1.0,1.0,0.0,True,2,True,0.003549500019289553,52.3666302734733,0.8174000727892673,1,1,20
2,magnitude-sweep,Huber,5002,0.005878500987158752,0.009323034844397218,0.017392317169850565,1,0,0,1.0,1.0,1.0,0.0,True,6,True,0.0042215409921482205,51.363873853884854,2.590651978008905,1,1,20
2,magnitude-sweep,Hampel,5002,0.0055946488179033135,0.009205251036947974,0.013977378171020053,1,0,0,1.0,1.0,1.0,0.0,True,4,True,0.0032520410022698343,52.45221477694125,0.6703435922556925,1,1,20
3,magnitude-sweep,WLS,5003,0.038031837496803556,0.06327932029465796,0.09287698855257905,0,0,1,0.0,0.0,0.0,0.0,False,1,True,0.0006509579834528267,79.23559795243621,17.43707970648551,0,1,20
3,magnitude-sweep,DIA-reject,5003,0.008373992079606844,0.013944258226002575,0.02026916887756547,1,0,0,1.0,1.0,1.0,0.0,True,2,True,0.0034014999982900918,112.74252743459265,0.8859473332071929,1,1,20
3,magnitude-sweep,DIA-inflate,5003,0.008372298204339415,0.014010705385097643,0.02002561814552548,1,0,0,1.0,1.0,1.0,0.0,True,2,True,0.003535249998094514,112.14198470845274,1.0809809418101888,1,1,20
3,magnitude-sweep,Huber,5003,0.010465413957852613,0.017578477583377706,0.023233197185644597,1,0,0,1.0,1.0,1.0,0.0,True,8,True,0.005322417011484504,107.19434475871833,3.506486611113147,1,1,20
3,magnitude-sweep,Hampel,5003,0.008373992078870834,0.013944258224851422,0.020269168875521913,1,0,0,1.0,1.0,1.0,0.0,True,4,True,0.0032139169925358146,112.74252743459265,0.7875087406234969,1,1,20
4,magnitude-sweep,WLS,5004,0.012526270166544944,0.016772566698084808,0.04909333658436092,0,0,1,0.0,0.0,0.0,0.0,False,1,True,0.0006332920165732503,49.84357211980339,10.583517000689952,0,1,20
4,magnitude-sweep,DIA-reject,5004,0.004698324615993225,0.007575021239322397,0.014427261105841577,1,0,0,1.0,1.0,1.0,0.0,True,2,True,0.0034400830045342445,47.608983663470305,1.308212451071536,1,1,20
4,magnitude-sweep,DIA-inflate,5004,0.0047731132954899795,0.007635769938512583,0.014973304054174477,1,0,0,1.0,1.0,1.0,0.0,True,2,True,0.0035712500102818012,47.60673301634815,1.3162038613904181,1,1,20
4,magnitude-sweep,Huber,5004,0.006640088346290973,0.009445857732753317,0.024644946723153052,1,0,0,1.0,1.0,1.0,0.0,True,15,True,0.009537291974993423,50.76139891819434,3.0574279206747312,1,1,20
4,magnitude-sweep,Hampel,5004,0.0046983246158753544,0.007575021239169785,0.014427261105230401,1,0,0,1.0,1.0,1.0,0.0,True,5,True,0.003771999996388331,47.608983663470305,1.1628555120665958,1,1,20
5,magnitude-sweep,WLS,5005,0.019292225652393725,0.03056312945350639,0.05638685004153369,0,0,1,0.0,0.0,0.0,0.0,False,1,True,0.0006395000091288239,100.36034894163973,16.312273279059596,0,1,20
5,magnitude-sweep,DIA-reject,5005,0.010280194209503078,0.016699206673315443,0.02837024011489035,1,0,0,1.0,1.0,1.0,0.0,True,2,True,0.0034497080196160823,100.47806769084755,1.1234723012689354,1,1,20
5,magnitude-sweep,DIA-inflate,5005,0.01034828482064682,0.01683794544979072,0.028457467617629243,1,0,0,1.0,1.0,1.0,0.0,True,2,True,0.0034625830012373626,100.47181118467421,1.2419015720359785,1,1,20
5,magnitude-sweep,Huber,5005,0.011161420582471283,0.018379894974406015,0.029352497894450602,1,0,0,1.0,1.0,1.0,0.0,True,7,True,0.0048414999910164624,100.41962582546121,3.4719450353329053,1,1,20
5,magnitude-sweep,Hampel,5005,0.01028019420967102,0.01669920667367227,0.028370240114913448,1,0,0,1.0,1.0,1.0,0.0,True,4,True,0.0031317500106524676,100.47806769084755,0.9986420455750368,1,1,20
6,magnitude-sweep,WLS,5006,0.013465058213347869,0.020512492693044844,0.04199263377170431,0,0,1,0.0,0.0,0.0,0.0,False,1,True,0.0006265839911065996,59.699948189452066,15.075439626516651,0,1,20
6,magnitude-sweep,DIA-reject,5006,0.00995016163107678,0.0156398833187192,0.02838449857077144,1,0,0,1.0,1.0,1.0,0.0,True,2,True,0.0034951670095324516,58.6937930247039,1.430944839021067,1,1,20
6,magnitude-sweep,DIA-inflate,5006,0.009904269467476162,0.015559743312642685,0.028450499854214075,1,0,0,1.0,1.0,1.0,0.0,True,2,True,0.0034682080149650574,58.693461522937696,1.4745704264523165,1,1,20
6,magnitude-sweep,Huber,5006,0.00955582460257605,0.01482491436662768,0.029372156737498344,1,0,0,1.0,1.0,1.0,0.0,True,13,True,0.008352750010089949,58.673346705988465,3.5104123627460075,1,1,20
6,magnitude-sweep,Hampel,5006,0.009699928971512426,0.015092693700498079,0.027851490089978108,1,0,0,1.0,1.0,1.0,0.0,True,13,True,0.008545542019419372,60.817222851096,1.2165593680617368,1,1,20
7,magnitude-sweep,WLS,5007,0.013568594497660924,0.018593490938646713,0.051245520600671765,0,0,1,0.0,0.0,0.0,0.0,False,1,True,0.0006329999887384474,66.39073322137907,14.12724413868719,0,1,20
7,magnitude-sweep,DIA-reject,5007,0.005467659265679523,0.008675035213849049,0.014887627107596061,1,0,0,1.0,1.0,1.0,0.0,True,2,True,0.0035207910113967955,66.43001334077121,0.8832412481947328,1,1,20
7,magnitude-sweep,DIA-inflate,5007,0.0054691592372332985,0.00869027197194283,0.014927972582642966,1,0,0,1.0,1.0,1.0,0.0,True,2,True,0.0034723329881671816,66.42874616066122,0.9588032093904209,1,1,20
7,magnitude-sweep,Huber,5007,0.005806883135242985,0.00914689941951805,0.015381624904417584,1,0,0,1.0,1.0,1.0,0.0,True,6,True,0.004342250002082437,66.41574517217245,2.8720851501119222,1,1,20
7,magnitude-sweep,Hampel,5007,0.0054676592660654125,0.008675035214551607,0.014887627108631242,1,0,0,1.0,1.0,1.0,0.0,True,4,True,0.003144957998301834,66.43001334077121,0.7851033317422209,1,1,20
8,magnitude-sweep,WLS,5008,0.02932599752512903,0.04346886457008011,0.10078850046406408,0,0,1,0.0,0.0,0.0,0.0,False,1,True,0.0006344169960357249,52.53460316309072,17.343329048742095,0,1,20
8,magnitude-sweep,DIA-reject,5008,0.005740283382213412,0.009081112026838247,0.016407118164456284,1,0,0,1.0,1.0,1.0,0.0,True,2,True,0.003430334007134661,73.70927019585423,0.8736892190038366,1,1,20
8,magnitude-sweep,DIA-inflate,5008,0.00578285511734589,0.009056355644202513,0.01696510690942665,1,0,0,1.0,1.0,1.0,0.0,True,2,True,0.0035321659815963358,73.23600616542197,1.1112031728424165,1,1,20
8,magnitude-sweep,Huber,5008,0.007927628180992496,0.011340905991774312,0.02694164117826073,1,0,0,1.0,1.0,1.0,0.0,True,9,True,0.006001916015520692,69.66181841007325,3.6834517924897416,1,1,20
8,magnitude-sweep,Hampel,5008,0.005740283382620383,0.00908111202777187,0.01640711816444388,1,0,0,1.0,1.0,1.0,0.0,True,4,True,0.0032016669865697622,73.70927019585423,0.7766126391219731,1,1,20
9,magnitude-sweep,WLS,5009,0.014378884478997312,0.02260850947171683,0.04587258577886501,0,0,1,0.0,0.0,0.0,0.0,False,1,True,0.000633457995718345,83.3993063847311,10.150718588701492,0,1,20
9,magnitude-sweep,DIA-reject,5009,0.005859061923615004,0.009834973687153468,0.014015274729607329,1,0,0,1.0,1.0,1.0,0.0,True,2,True,0.0035386660019867122,88.54875739404432,0.8504839932290409,1,1,20
9,magnitude-sweep,DIA-inflate,5009,0.005748543523818325,0.009666753755803953,0.013626031735859022,1,0,0,1.0,1.0,1.0,0.0,True,2,True,0.0034696669899858534,88.47886325709138,0.8719286819629716,1,1,20
9,magnitude-sweep,Huber,5009,0.004903109285914268,0.008455850595994324,0.009449151013661505,1,0,0,1.0,1.0,1.0,0.0,True,6,True,0.004200708004646003,87.53902921253612,2.4605195603332497,1,1,20
9,magnitude-sweep,Hampel,5009,0.005859061923289396,0.009834973686589562,0.01401527472899487,1,0,0,1.0,1.0,1.0,0.0,True,4,True,0.0032038750068750232,88.54875739404432,0.7559857717716473,1,1,20
10,magnitude-sweep,WLS,5010,0.014165869270631288,0.020883579100408934,0.05060723055501524,0,0,1,0.0,0.0,0.0,0.0,False,1,True,0.0006230419967323542,151.69478204256495,17.879043464352364,0,1,20
10,magnitude-sweep,DIA-reject,5010,0.006700821408092721,0.01098059681228041,0.015193222293741659,1,0,0,1.0,1.0,1.0,0.0,True,2,True,0.003410083008930087,150.0180973656301,1.2362867042070795,1,1,20
10,magnitude-sweep,DIA-inflate,5010,0.006715150562763925,0.011003644732784387,0.015352833759240406,1,0,0,1.0,1.0,1.0,0.0,True,2,True,0.0035314580018166453,150.0227453585165,1.3267881434398907,1,1,20
10,magnitude-sweep,Huber,5010,0.007043873313220241,0.011512146664789061,0.017878322805775077,1,0,0,1.0,1.0,1.0,0.0,True,6,True,0.004299083986552432,150.08370914110026,3.4899589258416093,1,1,20
10,magnitude-sweep,Hampel,5010,0.006700821408925422,0.010980596813766657,0.01519322229334243,1,0,0,1.0,1.0,1.0,0.0,True,4,True,0.003243040991947055,150.0180973656301,1.0989215148523925,1,1,20
11,magnitude-sweep,WLS,5011,0.013555148986748315,0.020141427911932654,0.0408894696705826,0,0,1,0.0,0.0,0.0,0.0,False,1,True,0.0006301669927779585,53.09799412051931,19.40311677420522,0,1,20
11,magnitude-sweep,DIA-reject,5011,0.004995358656380661,0.0076937067803273095,0.01592230827865665,1,0,0,1.0,1.0,1.0,0.0,True,2,True,0.0034352920192759484,51.92979111393939,0.8201094178684265,1,1,20
11,magnitude-sweep,DIA-inflate,5011,0.004905496660425514,0.00760191129095765,0.015393390580543046,1,0,0,1.0,1.0,1.0,0.0,True,2,True,0.003676332999020815,51.938009122222944,0.9810135176918595,1,1,20
11,magnitude-sweep,Huber,5011,0.004449068310576983,0.007307882711524698,0.011489456569899435,1,0,0,1.0,1.0,1.0,0.0,True,7,True,0.004829374986002222,52.01811954043407,3.243507811067896,1,1,20
11,magnitude-sweep,Hampel,5011,0.004995358656304043,0.007693706780107644,0.015922308278834858,1,0,0,1.0,1.0,1.0,0.0,True,4,True,0.003283458005171269,51.92979111393939,0.7289861492162494,1,1,20
12,magnitude-sweep,WLS,5012,0.017748407735992695,0.027604886854978247,0.04841239756323646,0,0,1,0.0,0.0,0.0,0.0,False,1,True,0.0006292909965850413,260.6244005124697,8.318788488650886,0,1,20
12,magnitude-sweep,DIA-reject,5012,0.013310444998257455,0.02203117226130565,0.03605995889190925,1,0,0,1.0,1.0,1.0,0.0,True,2,True,0.0034119170159101486,256.9764736668053,1.1788448490461458,1,1,20
12,magnitude-sweep,DIA-inflate,5012,0.013354114666027903,0.02210191584242533,0.03610816272121644,1,0,0,1.0,1.0,1.0,0.0,True,2,True,0.0034928749955724925,256.98464794753016,1.152949490018006,1,1,20
12,magnitude-sweep,Huber,5012,0.014067067945891038,0.023139358365876127,0.03681040362809592,1,0,0,1.0,1.0,1.0,0.0,True,6,True,0.004188000020803884,257.1384453402716,2.6723260614250592,1,1,20
12,magnitude-sweep,Hampel,5012,0.013310444995058695,0.02203117225564074,0.03605995888545406,1,0,0,1.0,1.0,1.0,0.0,True,4,True,0.003195875004166737,256.9764736668053,1.0478620880285299,1,1,20
13,magnitude-sweep,WLS,5013,0.022487359697554082,0.035974119226670806,0.06922892386015841,0,0,1,0.0,0.0,0.0,0.0,False,1,True,0.0006373749929480255,54.16925749748203,15.978121653094112,0,1,20
13,magnitude-sweep,DIA-reject,5013,0.00543144698038755,0.008852776001800181,0.012900109617500318,1,0,0,1.0,1.0,1.0,0.0,True,2,False,0.0034418749855831265,70.1786629868596,1.7164617975571457,1,1,20
13,magnitude-sweep,DIA-inflate,5013,0.005359818137138912,0.008728579357293561,0.012886908706143552,1,0,0,1.0,1.0,1.0,0.0,True,2,False,0.003578041010769084,69.83252484380782,1.7477924421393647,1,1,20
13,magnitude-sweep,Huber,5013,0.006170327062655802,0.009862131115982446,0.014276299659115454,1,0,0,1.0,1.0,1.0,0.0,True,12,True,0.007691417005844414,68.9737466271648,3.846686699027219,1,1,20
13,magnitude-sweep,Hampel,5013,0.005431446980041484,0.008852776001169608,0.012900109616876656,1,0,0,1.0,1.0,1.0,0.0,True,5,True,0.00374945902149193,70.1786629868596,1.5257438200298028,1,1,20
14,magnitude-sweep,WLS,5014,0.015685608344410355,0.0216857587605622,0.052290112026524276,0,0,1,0.0,0.0,0.0,0.0,False,1,True,0.0006258330249693245,78.63026372139232,12.18271651466579,0,1,20
14,magnitude-sweep,DIA-reject,5014,0.011919881611509657,0.017363410579677354,0.036006483538064196,1,0,0,1.0,1.0,1.0,0.0,True,2,True,0.0033937920234166086,78.33097986506426,1.4952509078948866,1,1,20
14,magnitude-sweep,DIA-inflate,5014,0.011901089824681667,0.01735014530356627,0.03571077026747679,1,0,0,1.0,1.0,1.0,0.0,True,2,False,0.0034964170190505683,78.33080680808665,1.5338103130276446,1,1,20
14,magnitude-sweep,Huber,5014,0.011998803646245202,0.017475027298399497,0.03320422179472843,1,0,0,1.0,1.0,1.0,0.0,True,14,True,0.008759709016885608,78.31438812252738,3.5694324705635,1,1,20
14,magnitude-sweep,Hampel,5014,0.011947822941813109,0.0174127776993503,0.036031034989240596,1,0,0,1.0,1.0,1.0,0.0,True,11,True,0.007255292002810165,78.30938889919501,1.3075718803343364,1,1,20
15,magnitude-sweep,WLS,5015,0.013860620928638394,0.021620923967438747,0.040012814857599714,0,0,1,0.0,0.0,0.0,0.0,False,1,True,0.0006458330026362091,133.02059031417113,13.955220009388452,0,1,20
15,magnitude-sweep,DIA-reject,5015,0.006964835890875318,0.011144075139540703,0.02012428815159526,1,0,0,1.0,1.0,1.0,0.0,True,2,True,0.0034575839817989618,132.32398561847256,0.5437895634325659,1,1,20
15,magnitude-sweep,DIA-inflate,5015,0.006943881373337753,0.011105661803911619,0.020060890389976927,1,0,0,1.0,1.0,1.0,0.0,True,2,True,0.003610457992181182,132.29672092379352,0.6634971643747197,1,1,20
15,magnitude-sweep,Huber,5015,0.006993096677399723,0.01119055505519957,0.019659783580457443,1,0,0,1.0,1.0,1.0,0.0,True,6,True,0.004265791998477653,132.04544559589834,2.6089879263637634,1,1,20
15,magnitude-sweep,Hampel,5015,0.006964835892319421,0.011144075141818815,0.020124288156523857,1,0,0,1.0,1.0,1.0,0.0,True,4,True,0.003168625000398606,132.32398561847256,0.48336850082780036,1,1,20
16,magnitude-sweep,WLS,5016,0.027715570213461188,0.04659584343236561,0.06946042946984428,0,0,1,0.0,0.0,0.0,0.0,False,1,True,0.0006221669900696725,45.318064711766446,9.409008237802295,0,1,20
16,magnitude-sweep,DIA-reject,5016,0.007881928343543974,0.011001716864656457,0.029713405238284165,1,0,0,1.0,1.0,1.0,0.0,True,2,True,0.003429582982789725,74.05158179372086,1.2920518199438036,1,1,20
16,magnitude-sweep,DIA-inflate,5016,0.007958076441384125,0.01121305040997996,0.029713405238284165,1,0,0,1.0,1.0,1.0,0.0,True,2,True,0.003587042010622099,73.38885347809988,1.305843172153556,1,1,20
16,magnitude-sweep,Huber,5016,0.010648573830228898,0.01718884621569787,0.029713405238284165,1,0,0,1.0,1.0,1.0,0.0,True,9,True,0.00610608299029991,66.06196742028277,3.140865087230134,1,1,20
16,magnitude-sweep,Hampel,5016,0.007881928343675059,0.011001716865029158,0.029713405238284165,1,0,0,1.0,1.0,1.0,0.0,True,4,True,0.0032785829971544445,74.05158179372086,1.1484905066165898,1,1,20
17,magnitude-sweep,WLS,5017,0.01888433994596368,0.028936918036855504,0.053460284378955586,0,0,1,0.0,0.0,0.0,0.0,False,1,True,0.000652583985356614,41.529166141894,13.657964345897618,0,1,20
17,magnitude-sweep,DIA-reject,5017,0.005980931926502603,0.009955019039414273,0.015444846916373189,1,0,0,1.0,1.0,1.0,0.0,True,2,True,0.003479750012047589,48.639788741054325,1.1306357422781086,1,1,20
17,magnitude-sweep,DIA-inflate,5017,0.006063446884551844,0.010079880278841035,0.015613011336949659,1,0,0,1.0,1.0,1.0,0.0,True,2,True,0.003579874988645315,48.538537586756824,1.1651491266525054,1,1,20
17,magnitude-sweep,Huber,5017,0.00732912759869243,0.01192815521789926,0.017830915530272315,1,0,0,1.0,1.0,1.0,0.0,True,6,True,0.004230332997394726,47.39397924668184,3.008544786257673,1,1,20
17,magnitude-sweep,Hampel,5017,0.005980931925749973,0.009955019038182826,0.015444846914078153,1,0,0,1.0,1.0,1.0,0.0,True,4,True,0.0032192090002354234,48.639788741054325,1.0050095487034592,1,1,20
18,magnitude-sweep,WLS,5018,0.017583620731376842,0.025780410133341574,0.05416948934655101,0,0,1,0.0,0.0,0.0,0.0,False,1,True,0.0006296669889707118,46.035826197507376,19.96015946642167,0,1,20
18,magnitude-sweep,DIA-reject,5018,0.0053465642133212615,0.008690956323985841,0.015872700459813555,1,0,0,1.0,1.0,1.0,0.0,True,2,True,0.003454166988376528,46.260134166866074,0.4586644071273575,1,1,20
18,magnitude-sweep,DIA-inflate,5018,0.005210492129785548,0.008436268437134955,0.015883654503265985,1,0,0,1.0,1.0,1.0,0.0,True,2,True,0.003579624986741692,46.25592323593236,0.8834833382252006,1,1,20
18,magnitude-sweep,Huber,5018,0.005431056026226008,0.008815179692937627,0.016527264557207648,1,0,0,1.0,1.0,1.0,0.0,True,17,True,0.010655333986505866,46.485258293598605,3.877493754254396,1,1,20
18,magnitude-sweep,Hampel,5018,0.00534656421307988,0.008690956323700129,0.015872700458192373,1,0,0,1.0,1.0,1.0,0.0,True,4,True,0.0031676249927841127,46.260134166866074,0.4077016952256817,1,1,20
19,magnitude-sweep,WLS,5019,0.020913030180349117,0.03130608121136387,0.07233781557432482,0,0,1,0.0,0.0,0.0,0.0,False,1,True,0.0006565829971805215,75.94071354089597,24.897235281638164,0,1,20
19,magnitude-sweep,DIA-reject,5019,0.009448042926009731,0.015711401260266794,0.024361981797847206,1,0,0,1.0,1.0,1.0,0.0,True,2,True,0.0035491669841576368,70.36387392369933,0.8334145547133537,1,1,20
19,magnitude-sweep,DIA-inflate,5019,0.009523012225877285,0.015822524813432926,0.024417651576594854,1,0,0,1.0,1.0,1.0,0.0,True,2,True,0.00352083399775438,70.33940194145573,1.24452149699495,1,1,20
19,magnitude-sweep,Huber,5019,0.010330825179317722,0.017024934665805,0.024795123552024415,1,0,0,1.0,1.0,1.0,0.0,True,9,True,0.006053916993550956,70.19730547047757,4.309160798182829,1,1,20
19,magnitude-sweep,Hampel,5019,0.009448042925847683,0.015711401260044226,0.024361981797165123,1,0,0,1.0,1.0,1.0,0.0,True,4,True,0.0031612080056220293,70.36387392369933,0.7408129375186974,1,1,20
20,magnitude-sweep,WLS,5020,0.016594310073911493,0.02190656477484839,0.06552457438669357,0,0,1,0.0,0.0,0.0,0.0,False,1,True,0.000711957982275635,123.15695534097863,12.315277807820387,0,1,20
20,magnitude-sweep,DIA-reject,5020,0.0065672195435087675,0.01110384942361769,0.015083679150658514,1,0,0,1.0,1.0,1.0,0.0,True,2,True,0.0035235419927630574,124.24022544975088,0.887388999281287,1,1,20
20,magnitude-sweep,DIA-inflate,5020,0.006610048102871026,0.011188152045172846,0.015032746445677193,1,0,0,1.0,1.0,1.0,0.0,True,2,True,0.0035355830041226,124.22309897923088,0.9456574736453902,1,1,20
20,magnitude-sweep,Huber,5020,0.007456817488492246,0.012571101705095894,0.01665404250289072,1,0,0,1.0,1.0,1.0,0.0,True,7,True,0.004942708997987211,124.0283438082647,2.7727222177986994,1,1,20
20,magnitude-sweep,Hampel,5020,0.006567219543836248,0.011103849424088633,0.01508367915143355,1,0,0,1.0,1.0,1.0,0.0,True,4,True,0.0032605409796815366,124.24022544975088,0.7887902215834705,1,1,20
21,magnitude-sweep,WLS,5021,0.0173068716128151,0.026230227632866816,0.05818398582561847,0,0,1,0.0,0.0,0.0,0.0,False,1,True,0.0007076670008245856,116.99059729066362,6.101670386639363,0,1,20
21,magnitude-sweep,DIA-reject,5021,0.006397708740477333,0.010807759528881059,0.013682211536912015,1,0,0,1.0,1.0,1.0,0.0,True,2,True,0.0034819160064216703,120.7996306332807,1.0569102559718864,1,1,20
21,magnitude-sweep,DIA-inflate,5021,0.006317738205064347,0.010692811154901758,0.013332048155066485,1,0,0,1.0,1.0,1.0,0.0,True,2,True,0.003588374995160848,120.70807871370846,1.0288196608722222,1,1,20
21,magnitude-sweep,Huber,5021,0.007105930816234719,0.011958235677112346,0.015295966568129498,1,0,0,1.0,1.0,1.0,0.0,True,8,True,0.005537417018786073,119.33693468792004,2.4383619760416746,1,1,20
21,magnitude-sweep,Hampel,5021,0.006397708740053208,0.01080775952827166,0.013682211534886598,1,0,0,1.0,1.0,1.0,0.0,True,5,True,0.00388566599576734,120.7996306332807,0.9394757830932455,1,1,20
22,magnitude-sweep,WLS,5022,0.014053798131360193,0.020867275228136695,0.04398371977578241,0,0,1,0.0,0.0,0.0,0.0,False,1,True,0.0006539160094689578,36.686701228760036,25.330458263656947,0,1,20
22,magnitude-sweep,DIA-reject,5022,0.005898155528032322,0.009820860394217711,0.01415867679531178,1,0,0,1.0,1.0,1.0,0.0,True,2,True,0.0034776669926941395,35.72232535921875,1.054459493964705,1,1,20
22,magnitude-sweep,DIA-inflate,5022,0.005947538320725185,0.00990050587889457,0.014231931940520477,1,0,0,1.0,1.0,1.0,0.0,True,2,True,0.0036219579924363643,35.729054489487865,1.2827474829811638,1,1,20
22,magnitude-sweep,Huber,5022,0.006458683781251321,0.01067572944497351,0.015981257838775,1,0,0,1.0,1.0,1.0,0.0,True,7,True,0.004928166017634794,35.78331383378355,3.8822378852394395,1,1,20
22,magnitude-sweep,Hampel,5022,0.0058981555277569635,0.009820860393754998,0.014158676794147172,1,0,0,1.0,1.0,1.0,0.0,True,4,True,0.003223292005714029,35.72232535921875,0.9372973279661573,1,1,20
23,magnitude-sweep,WLS,5023,0.023786032312836027,0.03851580305864184,0.060270386814402305,0,0,1,0.0,0.0,0.0,0.0,False,1,True,0.0006419999990612268,75.36942008659577,11.895940434956286,0,1,20
23,magnitude-sweep,DIA-reject,5023,0.006588880346618385,0.011091650876543726,0.013975350142658936,1,0,0,1.0,1.0,1.0,0.0,True,2,True,0.0034547909745015204,75.74414839065166,0.6759141967842975,1,1,20
23,magnitude-sweep,DIA-inflate,5023,0.006807735164485748,0.011386806617500507,0.014993793338024173,1,0,0,1.0,1.0,1.0,0.0,True,2,True,0.0035785410145763308,75.63406928284826,0.9002108141925723,1,1,20
23,magnitude-sweep,Huber,5023,0.009827917994006705,0.015791577329692948,0.024527950061288918,1,0,0,1.0,1.0,1.0,0.0,True,14,True,0.009031458001118153,74.83589977346954,3.359342505686891,1,1,20
23,magnitude-sweep,Hampel,5023,0.0065888803469120434,0.01109165087691766,0.013975350144040163,1,0,0,1.0,1.0,1.0,0.0,True,5,True,0.0036974999820813537,75.74414839065166,0.6008126193780974,1,1,20
24,magnitude-sweep,WLS,5024,0.014343169901804158,0.019428814391498486,0.04543343794674359,0,0,1,0.0,0.0,0.0,0.0,False,1,True,0.0006288749864324927,28.834053788214437,15.125766001230984,0,1,20
24,magnitude-sweep,DIA-reject,5024,0.006976611717265569,0.010934238524761742,0.018553235339911732,1,0,0,1.0,1.0,1.0,0.0,True,2,True,0.00356362501042895,27.66497189480127,0.5373478141334612,1,1,20
24,magnitude-sweep,DIA-inflate,5024,0.006805343861811427,0.010685595253519368,0.018306928496247033,1,0,0,1.0,1.0,1.0,0.0,True,2,True,0.0035241250006947666,27.658446998779514,0.7731722324730868,1,1,20
24,magnitude-sweep,Huber,5024,0.006127465370354778,0.009384686298469891,0.016871163822977233,1,0,0,1.0,1.0,1.0,0.0,True,8,True,0.0055025420151650906,27.61109801247183,3.2093974621838415,1,1,20
24,magnitude-sweep,Hampel,5024,0.006976611717266366,0.01093423852476611,0.018553235339911732,1,0,0,1.0,1.0,1.0,0.0,True,4,True,0.0031804580066818744,27.66497189480127,0.4776425014519656,1,1,20
25,magnitude-sweep,WLS,5025,0.019608242415175954,0.0325063921602874,0.05360888524213274,0,0,1,0.0,0.0,0.0,0.0,False,1,True,0.0006546249787788838,386.6222781911151,16.144422909968448,0,1,20
25,magnitude-sweep,DIA-reject,5025,0.017117841335386682,0.02949588438069825,0.03402570391869412,1,0,0,1.0,1.0,1.0,0.0,True,2,True,0.00364212499698624,374.36990182748997,1.0906103358691002,1,1,20
25,magnitude-sweep,DIA-inflate,5025,0.01710741342556636,0.029480058447338465,0.03399092485210436,1,0,0,1.0,1.0,1.0,0.0,True,2,True,0.0035452499869279563,374.4008535112959,1.227385226920794,1,1,20
25,magnitude-sweep,Huber,5025,0.01710203710721752,0.029445777572285513,0.033705375836601825,1,0,0,1.0,1.0,1.0,0.0,True,7,True,0.004929334012558684,374.7309987377365,3.5178594697706242,1,1,20
25,magnitude-sweep,Hampel,5025,0.017117841331889996,0.029495884374587018,0.03402570391519106,1,0,0,1.0,1.0,1.0,0.0,True,4,True,0.003167459013639018,374.36990182748997,0.9694314096295855,1,1,20
26,magnitude-sweep,WLS,5026,0.0146736493981269,0.022930450748238407,0.04435776807295042,0,0,1,0.0,0.0,0.0,0.0,False,1,True,0.0006341669941321015,107.25813802736987,7.202448286856254,0,1,20
26,magnitude-sweep,DIA-reject,5026,0.0077008938476134025,0.01255314640377739,0.020860127755687626,1,0,0,1.0,1.0,1.0,0.0,True,2,False,0.00358700001379475,111.15008351062474,1.5555535765593076,1,1,20
26,magnitude-sweep,DIA-inflate,5026,0.007758336376046025,0.012653125766910649,0.020850435636946205,1,0,0,1.0,1.0,1.0,0.0,True,2,True,0.00357204198371619,111.0858090592274,1.45747614875292,1,1,20
26,magnitude-sweep,Huber,5026,0.008954838991374775,0.014616112226706224,0.022260783221629363,1,0,0,1.0,1.0,1.0,0.0,True,6,True,0.004275332990800962,110.04319302340306,2.7516228368631084,1,1,20
26,magnitude-sweep,Hampel,5026,0.007700893847587265,0.012553146403758205,0.020860127755141906,1,0,0,1.0,1.0,1.0,0.0,True,5,True,0.003821457998128608,111.15008351062474,1.3827142902751535,1,1,20
27,magnitude-sweep,WLS,5027,0.022987476772143304,0.03763998610833558,0.05531840121338366,0,0,1,0.0,0.0,0.0,0.0,False,1,True,0.0006329579919110984,53.92262814777714,8.559670067736867,0,1,20
27,magnitude-sweep,DIA-reject,5027,0.008533371354976498,0.013641839166978779,0.023397207803748342,1,0,0,1.0,1.0,1.0,0.0,True,2,True,0.003544291976140812,56.66656135320916,1.2156096301701025,1,1,20
27,magnitude-sweep,DIA-inflate,5027,0.008714964886129285,0.014004845594760526,0.02359395255563679,1,0,0,1.0,1.0,1.0,0.0,True,2,True,0.003489166992949322,56.60963351748612,1.213126439338208,1,1,20
27,magnitude-sweep,Huber,5027,0.011505318783038865,0.019098568914444482,0.02619200439200736,1,0,0,1.0,1.0,1.0,0.0,True,9,True,0.006098042009398341,55.88943294408461,2.9081342207412857,1,1,20
27,magnitude-sweep,Hampel,5027,0.008533371355059638,0.013641839167097197,0.0233972078040423,1,0,0,1.0,1.0,1.0,0.0,True,5,True,0.003720999986398965,56.66656135320916,1.0805418934979687,1,1,20
28,magnitude-sweep,WLS,5028,0.023341539946417255,0.03733806008718489,0.06434577924452771,0,0,1,0.0,0.0,0.0,0.0,False,1,True,0.0006608339899685234,43.50030976634041,12.374351003324755,0,1,20
28,magnitude-sweep,DIA-reject,5028,0.003923877375465141,0.006000172977318897,0.0110270030051053,1,0,0,1.0,1.0,1.0,0.0,True,2,True,0.0035205830063205212,69.55470188947307,0.4509770552996524,1,1,20
28,magnitude-sweep,DIA-inflate,5028,0.0037976304616399734,0.005765355144402192,0.010356502757725889,1,0,0,1.0,1.0,1.0,0.0,True,2,True,0.003492541000014171,68.9608646778039,0.6289683599339795,1,1,20
28,magnitude-sweep,Huber,5028,0.005184630214381588,0.008306565239573833,0.012106166602962676,1,0,0,1.0,1.0,1.0,0.0,True,8,True,0.005562832986470312,63.53013850704147,2.799296494544283,1,1,20
28,magnitude-sweep,Hampel,5028,0.003923877375734198,0.00600017297759038,0.011027003004763253,1,0,0,1.0,1.0,1.0,0.0,True,4,True,0.003238875011447817,69.55470188947307,0.4008684935969647,1,1,20
29,magnitude-sweep,WLS,5029,0.014970519704931889,0.021540049530745255,0.050991510734732015,0,0,1,0.0,0.0,0.0,0.0,False,1,True,0.0006421669968403876,42.73004413433321,15.971409066562257,0,1,20
29,magnitude-sweep,DIA-reject,5029,0.004263788927146648,0.007078701908426488,0.011608207459678527,1,0,0,1.0,1.0,1.0,0.0,True,2,True,0.0036191669933032244,44.09943257788764,1.1193651793243262,1,1,20
29,magnitude-sweep,DIA-inflate,5029,0.004311812589772064,0.007168463145206212,0.011588087771115975,1,0,0,1.0,1.0,1.0,0.0,True,2,True,0.003531249996740371,44.06549704337276,1.2765572449786318,1,1,20
29,magnitude-sweep,Huber,5029,0.005263344483886553,0.008656728778697546,0.01437872245251848,1,0,0,1.0,1.0,1.0,0.0,True,9,True,0.006146542000351474,43.78554728916082,3.6599367489576604,1,1,20
29,magnitude-sweep,Hampel,5029,0.00426378892722683,0.007078701908692537,0.011608207458773102,1,0,0,1.0,1.0,1.0,0.0,True,4,True,0.0032043329847510904,44.09943257788764,0.9949912705182955,1,1,20
0,magnitude-sweep,WLS,5000,0.02581173434171283,0.03895401131506304,0.07603144705518546,0,0,1,0.0,0.0,0.0,0.0,False,1,True,0.0006314580095931888,102.25361462716992,22.838717252444624,0,1,30
0,magnitude-sweep,DIA-reject,5000,0.010658892911724047,0.017856832871840825,0.02454405554802317,1,0,0,1.0,1.0,1.0,0.0,True,2,True,0.0035105829883832484,82.44132511296498,1.1083025523555932,1,1,30
0,magnitude-sweep,DIA-inflate,5000,0.01066857695325616,0.017800634978469267,0.024298122525445436,1,0,0,1.0,1.0,1.0,0.0,True,2,False,0.00350995798362419,82.53157467902989,1.6364432054873963,1,1,30
0,magnitude-sweep,Huber,5000,0.011562612765274403,0.01879733535322339,0.02810264033864696,1,0,0,1.0,1.0,1.0,0.0,True,16,True,0.010027292009908706,83.15324918745596,4.9931364448361615,1,1,30
0,magnitude-sweep,Hampel,5000,0.010658892911733012,0.017856832871940686,0.024544055548773744,1,0,0,1.0,1.0,1.0,0.0,True,4,True,0.003177375008817762,82.44132511296498,0.9851578243123663,1,1,30
1,magnitude-sweep,WLS,5001,0.0328001201083103,0.04785944051054864,0.11600580687586026,0,0,1,0.0,0.0,0.0,0.0,False,1,True,0.0006276250060182065,112.64918311738676,31.350851995291098,0,1,30
1,magnitude-sweep,DIA-reject,5001,0.003035505267056777,0.004837521395632873,0.007384261364491481,1,0,0,1.0,1.0,1.0,0.0,True,2,True,0.0034485419746488333,121.28567844061979,0.8876900268854845,1,1,30
1,magnitude-sweep,DIA-inflate,5001,0.00310047208929792,0.005025648244144744,0.007192214888983996,1,0,0,1.0,1.0,1.0,0.0,True,2,True,0.0036700830096378922,121.12879721411436,1.3761521090696651,1,1,30
1,magnitude-sweep,Huber,5001,0.005255345530410502,0.008538188387736302,0.01555485267237884,1,0,0,1.0,1.0,1.0,0.0,True,8,True,0.005523542000446469,120.2520594285625,4.638204424248192,1,1,30
1,magnitude-sweep,Hampel,5001,0.0030355052665739083,0.004837521394525238,0.007384261364394117,1,0,0,1.0,1.0,1.0,0.0,True,4,True,0.0032393750152550638,121.28567844061979,0.7890578016769323,1,1,30
2,magnitude-sweep,WLS,5002,0.028690117668643912,0.047594415545813326,0.07542032659873214,0,0,1,0.0,0.0,0.0,0.0,False,1,True,0.0006327909941319376,47.10096733505945,26.346731962256097,0,1,30
2,magnitude-sweep,DIA-reject,5002,0.005594648817849551,0.009205251037004729,0.013977378172829421,1,0,0,1.0,1.0,1.0,0.0,True,2,True,0.003490083006909117,52.45221477694125,0.754136541270519,1,1,30
2,magnitude-sweep,DIA-inflate,5002,0.005518750900775793,0.009065403890738502,0.014336997470421518,1,0,0,1.0,1.0,1.0,0.0,True,2,True,0.0037312089989427477,52.3666302734733,1.0100686100302363,1,1,30
2,magnitude-sweep,Huber,5002,0.005912211423178047,0.009390015180502101,0.017461783211112893,1,0,0,1.0,1.0,1.0,0.0,True,6,True,0.004225874989060685,51.728810732930214,3.5893834120835013,1,1,30
2,magnitude-sweep,Hampel,5002,0.0055946488179033135,0.009205251036947974,0.013977378171020053,1,0,0,1.0,1.0,1.0,0.0,True,4,True,0.003184041997883469,52.45221477694125,0.6703435922556925,1,1,30
3,magnitude-sweep,WLS,5003,0.056585114429326795,0.0943444748425594,0.13663595383791946,0,0,1,0.0,0.0,0.0,0.0,False,1,True,0.0006363749853335321,79.23559795243621,38.98337925269003,0,1,30
3,magnitude-sweep,DIA-reject,5003,0.008373992079606844,0.013944258226002575,0.02026916887756547,1,0,0,1.0,1.0,1.0,0.0,True,2,True,0.0034245839924551547,112.74252743459265,0.8859473332071929,1,1,30
3,magnitude-sweep,DIA-inflate,5003,0.008395036429314254,0.014080450376330279,0.01992853044555227,1,0,0,1.0,1.0,1.0,0.0,True,2,True,0.0036881249980069697,112.14198470845274,1.4609898166829818,1,1,30
3,magnitude-sweep,Huber,5003,0.010461940867398045,0.017568234297492307,0.02327897631144483,1,0,0,1.0,1.0,1.0,0.0,True,8,True,0.0054279589967336506,109.07557019261921,4.907018976027238,1,1,30
3,magnitude-sweep,Hampel,5003,0.008373992078870834,0.013944258224851422,0.020269168875521913,1,0,0,1.0,1.0,1.0,0.0,True,4,True,0.0033570420055184513,112.74252743459265,0.7875087406234969,1,1,30
4,magnitude-sweep,WLS,5004,0.01781619107319631,0.024228230243381305,0.06890790728810187,0,0,1,0.0,0.0,0.0,0.0,False,1,True,0.0006414999952539802,49.84357211980339,24.321814819348692,0,1,30
4,magnitude-sweep,DIA-reject,5004,0.004698324615993225,0.007575021239322397,0.014427261105841577,1,0,0,1.0,1.0,1.0,0.0,True,2,True,0.0034684999845921993,47.608983663470305,1.308212451071536,1,1,30
4,magnitude-sweep,DIA-inflate,5004,0.0048206778523514245,0.007676298594071373,0.015299004469017368,1,0,0,1.0,1.0,1.0,0.0,True,2,False,0.0035853339941240847,47.60673301634815,1.5406314445092562,1,1,30
4,magnitude-sweep,Huber,5004,0.006707156737291597,0.009544269378233706,0.02492971140187804,1,0,0,1.0,1.0,1.0,0.0,True,16,True,0.010060458007501438,50.9650902591127,4.172544455926515,1,1,30
4,magnitude-sweep,Hampel,5004,0.0046983246158753544,0.007575021239169785,0.014427261105230401,1,0,0,1.0,1.0,1.0,0.0,True,5,True,0.0038869579730089754,47.608983663470305,1.1628555120665958,1,1,30
5,magnitude-sweep,WLS,5005,0.026110550340660784,0.04018187232276299,0.08000617689353003,0,0,1,0.0,0.0,0.0,0.0,False,1,True,0.0006394590018317103,100.36034894163973,36.80153652334132,0,1,30
5,magnitude-sweep,DIA-reject,5005,0.010280194209503078,0.016699206673315443,0.02837024011489035,1,0,0,1.0,1.0,1.0,0.0,True,2,True,0.0034603340027388185,100.47806769084755,1.1234723012689354,1,1,30
5,magnitude-sweep,DIA-inflate,5005,0.01038988542770979,0.016919450800923046,0.02851876051821781,1,0,0,1.0,1.0,1.0,0.0,True,2,False,0.0035633330116979778,100.47181118467421,1.5689462067384923,1,1,30
5,magnitude-sweep,Huber,5005,0.011194493114656218,0.01843299796410903,0.029465481380918163,1,0,0,1.0,1.0,1.0,0.0,True,7,True,0.004764832992805168,100.43857633501212,4.785984867166538,1,1,30
5,magnitude-sweep,Hampel,5005,0.01028019420967102,0.01669920667367227,0.028370240114913448,1,0,0,1.0,1.0,1.0,0.0,True,4,True,0.0031351250072475523,100.47806769084755,0.9986420455750368,1,1,30
6,magnitude-sweep,WLS,5006,0.018084065261845955,0.026938852786513628,0.05226991523481892,0,0,1,0.0,0.0,0.0,0.0,False,1,True,0.0006295419880189002,59.699948189452066,32.588970362330976,0,1,30
6,magnitude-sweep,DIA-reject,5006,0.00995016163107678,0.0156398833187192,0.02838449857077144,1,0,0,1.0,1.0,1.0,0.0,True,2,True,0.003399000008357689,58.6937930247039,1.430944839021067,1,1,30
6,magnitude-sweep,DIA-inflate,5006,0.008692378941500009,0.014204623547160457,0.02362672818417759,1,1,0,0.5,1.0,0.6666666666666666,0.06666666666666667,False,3,True,0.005037625000113621,83.10698322918687,1.13727200584366,2,1,30
6,magnitude-sweep,Huber,5006,0.009564277514084988,0.014847423868483079,0.029331512376314005,1,0,0,1.0,1.0,1.0,0.0,True,13,True,0.008338084007846192,58.717420261788824,4.6470568034927755,1,1,30
6,magnitude-sweep,Hampel,5006,0.009699934804115726,0.015092706716120155,0.02785150288957993,1,0,0,1.0,1.0,1.0,0.0,True,13,True,0.00857254199218005,60.817170844804494,1.2165607091182524,1,1,30
7,magnitude-sweep,WLS,5007,0.019679264300134374,0.026188113941294243,0.07517336219527802,0,0,1,0.0,0.0,0.0,0.0,False,1,True,0.0006252500170376152,66.39073322137907,32.01001704942338,0,1,30
7,magnitude-sweep,DIA-reject,5007,0.005467659265679523,0.008675035213849049,0.014887627107596061,1,0,0,1.0,1.0,1.0,0.0,True,2,True,0.0035627920005936176,66.43001334077121,0.8832412481947328,1,1,30
7,magnitude-sweep,DIA-inflate,5007,0.005473083937993879,0.008702222162156097,0.014951242106356006,1,0,0,1.0,1.0,1.0,0.0,True,2,True,0.003651750012068078,66.42874616066122,1.1915023879912796,1,1,30
7,magnitude-sweep,Huber,5007,0.005811927395722813,0.009156335656189531,0.015395653650888713,1,0,0,1.0,1.0,1.0,0.0,True,6,True,0.004223875002935529,66.42044284251382,3.977464047729807,1,1,30
7,magnitude-sweep,Hampel,5007,0.0054676592660654125,0.008675035214551607,0.014887627108631242,1,0,0,1.0,1.0,1.0,0.0,True,4,True,0.0032214170205406845,66.43001334077121,0.7851033317422209,1,1,30
8,magnitude-sweep,WLS,5008,0.0442515849625923,0.06571495385193367,0.15181497518397544,0,0,1,0.0,0.0,0.0,0.0,False,1,True,0.0006338749954011291,52.53460316309072,37.571350949258054,0,1,30
8,magnitude-sweep,DIA-reject,5008,0.005740283382213412,0.009081112026838247,0.016407118164456284,1,0,0,1.0,1.0,1.0,0.0,True,2,True,0.003453416982665658,73.70927019585423,0.8736892190038366,1,1,30
8,magnitude-sweep,DIA-inflate,5008,0.005855607725071454,0.0091030402010749,0.017452879122367784,1,0,0,1.0,1.0,1.0,0.0,True,2,False,0.003560207987902686,73.23600616542197,1.5278480961909262,1,1,30
8,magnitude-sweep,Huber,5008,0.008144569095479951,0.011592553501415774,0.027777689817711098,1,0,0,1.0,1.0,1.0,0.0,True,9,True,0.005991917016217485,70.98867038471275,5.133805499410145,1,1,30
8,magnitude-sweep,Hampel,5008,0.005740283382620383,0.00908111202777187,0.01640711816444388,1,0,0,1.0,1.0,1.0,0.0,True,5,True,0.003932459017960355,73.70927019585423,0.7766126391219731,1,1,30
9,magnitude-sweep,WLS,5009,0.021385158283102362,0.034007530056212834,0.06688669249775978,0,0,1,0.0,0.0,0.0,0.0,False,1,True,0.0006332499906420708,83.3993063847311,20.224184727956708,0,1,30
9,magnitude-sweep,DIA-reject,5009,0.005859061923615004,0.009834973687153468,0.014015274729607329,1,0,0,1.0,1.0,1.0,0.0,True,2,True,0.003489916998660192,88.54875739404432,0.8504839932290409,1,1,30
9,magnitude-sweep,DIA-inflate,5009,0.005701704409110275,0.00959589585294739,0.013456199732569256,1,0,0,1.0,1.0,1.0,0.0,True,2,True,0.003555625007720664,88.47886325709138,0.9962433862441382,1,1,30
9,magnitude-sweep,Huber,5009,0.0048998238803302455,0.008450215732363046,0.009445875296429597,1,0,0,1.0,1.0,1.0,0.0,True,6,True,0.004302916000597179,87.84333442826521,3.2096919010560674,1,1,30
9,magnitude-sweep,Hampel,5009,0.005859061923289396,0.009834973686589562,0.01401527472899487,1,0,0,1.0,1.0,1.0,0.0,True,4,True,0.0032581670093350112,88.54875739404432,0.7559857717716473,1,1,30
10,magnitude-sweep,WLS,5010,0.019679914468782266,0.027926803569450386,0.07209270037718035,0,0,1,0.0,0.0,0.0,0.0,False,1,True,0.0006493330001831055,151.69478204256495,39.44495132389303,0,1,30
10,magnitude-sweep,DIA-reject,5010,0.006700821408092721,0.01098059681228041,0.015193222293741659,1,0,0,1.0,1.0,1.0,0.0,True,2,True,0.0034610829898156226,150.0180973656301,1.2362867042070795,1,1,30
10,magnitude-sweep,DIA-inflate,5010,0.006727072763715517,0.011023963810903925,0.01544749541615096,1,0,0,1.0,1.0,1.0,0.0,True,2,False,0.0035751250106841326,150.0227453585165,1.619423418716149,1,1,30
10,magnitude-sweep,Huber,5010,0.007060695182270481,0.011546440797108426,0.01788291814776995,1,0,0,1.0,1.0,1.0,0.0,True,6,True,0.004253292019711807,150.05721660166677,4.712799776262731,1,1,30
10,magnitude-sweep,Hampel,5010,0.006700821408925422,0.010980596813766657,0.01519322229334243,1,0,0,1.0,1.0,1.0,0.0,True,4,True,0.003290915978141129,150.0180973656301,1.0989215148523925,1,1,30
11,magnitude-sweep,WLS,5011,0.020236030880513855,0.028762786667374075,0.06418423791545573,0,0,1,0.0,0.0,0.0,0.0,False,1,True,0.00064170898986049,53.09799412051931,39.99352882932507,0,1,30
11,magnitude-sweep,DIA-reject,5011,0.004995358656380661,0.0076937067803273095,0.01592230827865665,1,0,0,1.0,1.0,1.0,0.0,True,2,True,0.0034808329946827143,51.92979111393939,0.8201094178684265,1,1,30
11,magnitude-sweep,DIA-inflate,5011,0.004870891712301483,0.007568325914551195,0.015174946043052733,1,0,0,1.0,1.0,1.0,0.0,True,2,True,0.0036122500023338944,51.938009122222944,1.260655364319084,1,1,30
11,magnitude-sweep,Huber,5011,0.004483181694203694,0.007350057362413072,0.011660341354029569,1,0,0,1.0,1.0,1.0,0.0,True,7,True,0.004956707998644561,51.98907161435801,4.381364408463905,1,1,30
11,magnitude-sweep,Hampel,5011,0.004995358656304043,0.007693706780107644,0.015922308278834858,1,0,0,1.0,1.0,1.0,0.0,True,4,True,0.0031829579966142774,51.92979111393939,0.7289861492162494,1,1,30
12,magnitude-sweep,WLS,5012,0.02116995968228434,0.032628176034264614,0.06462372691147934,0,0,1,0.0,0.0,0.0,0.0,False,1,True,0.0006309589953161776,260.6244005124697,18.573811971099026,0,1,30
12,magnitude-sweep,DIA-reject,5012,0.013310444998257455,0.02203117226130565,0.03605995889190925,1,0,0,1.0,1.0,1.0,0.0,True,2,True,0.003507040994009003,256.9764736668053,1.1788448490461458,1,1,30
12,magnitude-sweep,DIA-inflate,5012,0.013380235839767224,0.02214370677347077,0.036137176939168625,1,0,0,1.0,1.0,1.0,0.0,True,2,True,0.0034987500112038106,256.98464794753016,1.301992283971627,1,1,30
12,magnitude-sweep,Huber,5012,0.014084761739442607,0.023168433115815602,0.03683459657628878,1,0,0,1.0,1.0,1.0,0.0,True,6,True,0.004408082982990891,257.07090520659824,3.5741647189204366,1,1,30
12,magnitude-sweep,Hampel,5012,0.013310444995058695,0.02203117225564074,0.03605995888545406,1,0,0,1.0,1.0,1.0,0.0,True,4,True,0.0031622910173609853,256.9764736668053,1.0478620880285299,1,1,30
13,magnitude-sweep,WLS,5013,0.03384245575439703,0.05411602609830416,0.10482782731411332,0,0,1,0.0,0.0,0.0,0.0,False,1,True,0.0006754579953849316,54.16925749748203,34.3513466942314,0,1,30
13,magnitude-sweep,DIA-reject,5013,0.00543144698038755,0.008852776001800181,0.012900109617500318,1,0,0,1.0,1.0,1.0,0.0,True,2,False,0.0034896669967565686,70.1786629868596,1.7164617975571457,1,1,30
13,magnitude-sweep,DIA-inflate,5013,0.005331076432571797,0.008670128996098559,0.012893970556271738,1,0,0,1.0,1.0,1.0,0.0,True,2,False,0.003558500000508502,69.83252484380782,2.0266714032190687,1,1,30
13,magnitude-sweep,Huber,5013,0.006141295237542204,0.009798618303108008,0.014231476999719746,1,0,0,1.0,1.0,1.0,0.0,True,12,True,0.007786583999404684,70.15198644718191,5.032453544335503,1,1,30
13,magnitude-sweep,Hampel,5013,0.005431446980041484,0.008852776001169608,0.012900109616876656,1,0,0,1.0,1.0,1.0,0.0,True,6,True,0.004519250011071563,70.1786629868596,1.5257438200298028,1,1,30
14,magnitude-sweep,WLS,5014,0.019872540671452305,0.02669559164311954,0.06998470465954221,0,0,1,0.0,0.0,0.0,0.0,False,1,True,0.0006412079965230078,78.63026372139232,26.351856990218383,0,1,30
14,magnitude-sweep,DIA-reject,5014,0.011919881611509657,0.017363410579677354,0.036006483538064196,1,0,0,1.0,1.0,1.0,0.0,True,2,True,0.0034452500112820417,78.33097986506426,1.4952509078948866,1,1,30
14,magnitude-sweep,DIA-inflate,5014,0.01189368338853017,0.017346099198079522,0.0355519394448303,1,0,0,1.0,1.0,1.0,0.0,True,2,False,0.0036273329751566052,78.33080680808665,1.8033351174128764,1,1,30
14,magnitude-sweep,Huber,5014,0.0120049145177999,0.017480707430530564,0.0330594249877735,1,0,0,1.0,1.0,1.0,0.0,True,15,True,0.009599125012755394,78.31329651464748,4.755860581914196,1,1,30
14,magnitude-sweep,Hampel,5014,0.011947822251774336,0.017412776473955192,0.036031034393321636,1,0,0,1.0,1.0,1.0,0.0,True,11,True,0.007439166976837441,78.30938894286025,1.307572400781035,1,1,30
15,magnitude-sweep,WLS,5015,0.01893508681341779,0.02917264590244264,0.05755028928471498,0,0,1,0.0,0.0,0.0,0.0,False,1,True,0.0006286670104600489,133.02059031417113,29.54086339150117,0,1,30
15,magnitude-sweep,DIA-reject,5015,0.006964835890875318,0.011144075139540703,0.02012428815159526,1,0,0,1.0,1.0,1.0,0.0,True,2,True,0.003517542005283758,132.32398561847256,0.5437895634325659,1,1,30
15,magnitude-sweep,DIA-inflate,5015,0.006934968304336062,0.011089504943571828,0.020032202015759316,1,0,0,1.0,1.0,1.0,0.0,True,2,True,0.0036503340234048665,132.29672092379352,0.8717925027411942,1,1,30
15,magnitude-sweep,Huber,5015,0.006976289768036344,0.011163808386984119,0.01963238324488883,1,0,0,1.0,1.0,1.0,0.0,True,6,True,0.0042704160150606185,132.12375220383453,3.60486953794151,1,1,30
15,magnitude-sweep,Hampel,5015,0.006964835892319421,0.011144075141818815,0.020124288156523857,1,0,0,1.0,1.0,1.0,0.0,True,4,True,0.003246540989493951,132.32398561847256,0.48336850082780036,1,1,30
16,magnitude-sweep,WLS,5016,0.04085245537083892,0.06764192865078976,0.10414852837028962,0,0,1,0.0,0.0,0.0,0.0,False,1,True,0.0006432500085793436,45.318064711766446,20.14377909552327,0,1,30
16,magnitude-sweep,DIA-reject,5016,0.007881928343543974,0.011001716864656457,0.029713405238284165,1,0,0,1.0,1.0,1.0,0.0,True,2,True,0.0034594169992487878,74.05158179372086,1.2920518199438036,1,1,30
16,magnitude-sweep,DIA-inflate,5016,0.008013389285318747,0.01135584670235466,0.029713405238284165,1,0,0,1.0,1.0,1.0,0.0,True,2,False,0.0036588329821825027,73.38885347809988,1.5107678895479995,1,1,30
16,magnitude-sweep,Huber,5016,0.010711925578994298,0.017305179550268668,0.029713405238284165,1,0,0,1.0,1.0,1.0,0.0,True,9,True,0.00599583302391693,68.69169486875067,4.171788644381775,1,1,30
16,magnitude-sweep,Hampel,5016,0.007881928343675059,0.011001716865029158,0.029713405238284165,1,0,0,1.0,1.0,1.0,0.0,True,4,True,0.003261542005930096,74.05158179372086,1.1484905066165898,1,1,30
17,magnitude-sweep,WLS,5017,0.026064965971073648,0.03986440514300109,0.07539974753805154,0,0,1,0.0,0.0,0.0,0.0,False,1,True,0.0006335420184768736,41.529166141894,28.203245982829326,0,1,30
17,magnitude-sweep,DIA-reject,5017,0.005980931926502603,0.009955019039414273,0.015444846916373189,1,0,0,1.0,1.0,1.0,0.0,True,2,True,0.0034787080076057464,48.639788741054325,1.1306357422781086,1,1,30
17,magnitude-sweep,DIA-inflate,5017,0.0061053391759346,0.010143654131233592,0.01569270305955319,1,0,0,1.0,1.0,1.0,0.0,True,2,True,0.003542750026099384,48.538537586756824,1.348727051345528,1,1,30
17,magnitude-sweep,Huber,5017,0.007343188080645864,0.011954451907601778,0.017836199651677785,1,0,0,1.0,1.0,1.0,0.0,True,6,True,0.004254375002346933,47.784634803218566,3.9402951003640774,1,1,30
17,magnitude-sweep,Hampel,5017,0.005980931925749973,0.009955019038182826,0.015444846914078153,1,0,0,1.0,1.0,1.0,0.0,True,4,True,0.0032517499930690974,48.639788741054325,1.0050095487034592,1,1,30
18,magnitude-sweep,WLS,5018,0.02546638174295773,0.03633311992875136,0.08124584890054824,0,0,1,0.0,0.0,0.0,0.0,False,1,True,0.0006367910245899111,46.035826197507376,41.32672119311167,0,1,30
18,magnitude-sweep,DIA-reject,5018,0.0053465642133212615,0.008690956323985841,0.015872700459813555,1,0,0,1.0,1.0,1.0,0.0,True,2,True,0.0034184579853899777,46.260134166866074,0.4586644071273575,1,1,30
18,magnitude-sweep,DIA-inflate,5018,0.0051648821459114765,0.008341333228204446,0.015890685240437734,1,0,0,1.0,1.0,1.0,0.0,True,2,True,0.00359391700476408,46.25592323593236,1.3974527302439397,1,1,30
18,magnitude-sweep,Huber,5018,0.005425551686893755,0.008804255430981806,0.01651392121878191,1,0,0,1.0,1.0,1.0,0.0,True,17,True,0.010720666003180668,46.486531065331775,5.415208623817927,1,1,30
18,magnitude-sweep,Hampel,5018,0.00534656421307988,0.008690956323700129,0.015872700458192373,1,0,0,1.0,1.0,1.0,0.0,True,4,True,0.003189917013514787,46.260134166866074,0.4077016952256817,1,1,30
19,magnitude-sweep,WLS,5019,0.0294236411145094,0.04233770992532965,0.10624187400673829,0,0,1,0.0,0.0,0.0,0.0,False,1,True,0.0007243329891934991,75.94071354089597,54.730652683953274,0,1,30
19,magnitude-sweep,DIA-reject,5019,0.009448042926009731,0.015711401260266794,0.024361981797847206,1,0,0,1.0,1.0,1.0,0.0,True,2,True,0.0034712079796008766,70.36387392369933,0.8334145547133537,1,1,30
19,magnitude-sweep,DIA-inflate,5019,0.009569940849837704,0.01589226767457467,0.024449990320033407,1,0,0,1.0,1.0,1.0,0.0,True,2,False,0.003541292011504993,70.33940194145573,1.8726062074035836,1,1,30
19,magnitude-sweep,Huber,5019,0.01036594923893255,0.017068765603288304,0.024831356405919994,1,0,0,1.0,1.0,1.0,0.0,True,9,True,0.005967042001429945,70.25077626572954,6.091119871494259,1,1,30
19,magnitude-sweep,Hampel,5019,0.009448042925847683,0.015711401260044226,0.024361981797165123,1,0,0,1.0,1.0,1.0,0.0,True,4,True,0.003209833987057209,70.36387392369933,0.7408129375186974,1,1,30
20,magnitude-sweep,WLS,5020,0.023380363648466875,0.028080771201355856,0.09685692211644728,0,0,1,0.0,0.0,0.0,0.0,False,1,True,0.0006426250038202852,123.15695534097863,26.902817711122157,0,1,30
20,magnitude-sweep,DIA-reject,5020,0.0065672195435087675,0.01110384942361769,0.015083679150658514,1,0,0,1.0,1.0,1.0,0.0,True,2,True,0.0034637080098036677,124.24022544975088,0.887388999281287,1,1,30
20,magnitude-sweep,DIA-inflate,5020,0.006635219774083129,0.011237013851763565,0.01500615638309659,1,0,0,1.0,1.0,1.0,0.0,True,2,True,0.003546417021425441,124.22309897923088,1.1441609612535393,1,1,30
20,magnitude-sweep,Huber,5020,0.007473194619274335,0.012593873830364711,0.01677967693750233,1,0,0,1.0,1.0,1.0,0.0,True,7,True,0.0049848750059027225,124.09831699201496,3.774885481441466,1,1,30
20,magnitude-sweep,Hampel,5020,0.006567219543836248,0.011103849424088633,0.01508367915143355,1,0,0,1.0,1.0,1.0,0.0,True,4,True,0.0031987919937819242,124.24022544975088,0.7887902215834705,1,1,30
21,magnitude-sweep,WLS,5021,0.02566304365531812,0.03804047858470339,0.08993829717348242,0,0,1,0.0,0.0,0.0,0.0,False,1,True,0.000650458998279646,116.99059729066362,12.304071648261473,0,1,30
21,magnitude-sweep,DIA-reject,5021,0.006397708740477333,0.010807759528881059,0.013682211536912015,1,0,0,1.0,1.0,1.0,0.0,True,2,True,0.0034474580024834722,120.7996306332807,1.0569102559718864,1,1,30
21,magnitude-sweep,DIA-inflate,5021,0.006282032823005405,0.010640526669324976,0.013152628054743685,1,0,0,1.0,1.0,1.0,0.0,True,2,True,0.0035412079887464643,120.70807871370846,1.138285566718274,1,1,30
21,magnitude-sweep,Huber,5021,0.007114798783131379,0.011958061574043366,0.015466558915847176,1,0,0,1.0,1.0,1.0,0.0,True,8,True,0.005475625017425045,119.79835270652026,3.176864823664511,1,1,30
21,magnitude-sweep,Hampel,5021,0.006397708740053208,0.01080775952827166,0.013682211534886598,1,0,0,1.0,1.0,1.0,0.0,True,4,True,0.003214875003322959,120.7996306332807,0.9394757830932455,1,1,30
22,magnitude-sweep,WLS,5022,0.020137473572021756,0.028761568088224495,0.06325556790012891,0,0,1,0.0,0.0,0.0,0.0,False,1,True,0.0006353750068228692,36.686701228760036,55.93192911402132,0,1,30
22,magnitude-sweep,DIA-reject,5022,0.005898155528032322,0.009820860394217711,0.01415867679531178,1,0,0,1.0,1.0,1.0,0.0,True,2,True,0.0034558340266812593,35.72232535921875,1.054459493964705,1,1,30
22,magnitude-sweep,DIA-inflate,5022,0.00598167638931574,0.009954718897870644,0.014271830978597045,1,0,0,1.0,1.0,1.0,0.0,True,2,False,0.0035075409978162497,35.729054489487865,1.7222123714413036,1,1,30
22,magnitude-sweep,Huber,5022,0.006512905111325716,0.010761083139731521,0.016134071141417284,1,0,0,1.0,1.0,1.0,0.0,True,7,True,0.0049157500034198165,35.76186550392566,5.376963976886189,1,1,30
22,magnitude-sweep,Hampel,5022,0.0058981555277569635,0.009820860393754998,0.014158676794147172,1,0,0,1.0,1.0,1.0,0.0,True,4,True,0.003190874995198101,35.72232535921875,0.9372973279661573,1,1,30
23,magnitude-sweep,WLS,5023,0.03461449811525993,0.05636735044871564,0.08774134465060235,0,0,1,0.0,0.0,0.0,0.0,False,1,True,0.000626542023383081,75.36942008659577,26.297949542654106,0,1,30
23,magnitude-sweep,DIA-reject,5023,0.006588880346618385,0.011091650876543726,0.013975350142658936,1,0,0,1.0,1.0,1.0,0.0,True,2,True,0.0034307080204598606,75.74414839065166,0.6759141967842975,1,1,30
23,magnitude-sweep,DIA-inflate,5023,0.006942146450186284,0.01157003386422605,0.015556206397033812,1,0,0,1.0,1.0,1.0,0.0,True,2,True,0.003493957978207618,75.63406928284826,1.283769774508851,1,1,30
23,magnitude-sweep,Huber,5023,0.009911437825320812,0.015917143815081452,0.024770736217245914,1,0,0,1.0,1.0,1.0,0.0,True,15,True,0.00953033400583081,75.114270022661,4.768041642773602,1,1,30
23,magnitude-sweep,Hampel,5023,0.0065888803469120434,0.01109165087691766,0.013975350144040163,1,0,0,1.0,1.0,1.0,0.0,True,4,True,0.0031832499953452498,75.74414839065166,0.6008126193780974,1,1,30
24,magnitude-sweep,WLS,5024,0.021137932239595338,0.0277932983283758,0.06555818308038906,0,0,1,0.0,0.0,0.0,0.0,False,1,True,0.0006397090037353337,28.834053788214437,31.375244759116665,0,1,30
24,magnitude-sweep,DIA-reject,5024,0.006976611717265569,0.010934238524761742,0.018553235339911732,1,0,0,1.0,1.0,1.0,0.0,True,2,True,0.0035164580040145665,27.66497189480127,0.5373478141334612,1,1,30
24,magnitude-sweep,DIA-inflate,5024,0.006737869094147745,0.010585778492923982,0.018209101109778723,1,0,0,1.0,1.0,1.0,0.0,True,2,True,0.003511624992825091,27.658446998779514,1.0993038294279585,1,1,30
24,magnitude-sweep,Huber,5024,0.006147074505059794,0.009416818227579157,0.016920998618844933,1,0,0,1.0,1.0,1.0,0.0,True,8,True,0.005413499980932102,27.626258452304263,4.440531758892319,1,1,30
24,magnitude-sweep,Hampel,5024,0.006976611717266366,0.01093423852476611,0.018553235339911732,1,0,0,1.0,1.0,1.0,0.0,True,4,True,0.0031226249993778765,27.66497189480127,0.4776425014519656,1,1,30
25,magnitude-sweep,WLS,5025,0.0224559007192607,0.03615364757512119,0.06758272601574487,0,0,1,0.0,0.0,0.0,0.0,False,1,True,0.0006422080041375011,386.6222781911151,33.186682959820274,0,1,30
25,magnitude-sweep,DIA-reject,5025,0.017117841335386682,0.02949588438069825,0.03402570391869412,1,0,0,1.0,1.0,1.0,0.0,True,2,True,0.003512458992190659,374.36990182748997,1.0906103358691002,1,1,30
25,magnitude-sweep,DIA-inflate,5025,0.01710462666673021,0.029475751272729427,0.033977887010625714,1,0,0,1.0,1.0,1.0,0.0,True,2,False,0.0035580419935286045,374.4008535112959,1.516386038630226,1,1,30
25,magnitude-sweep,Huber,5025,0.017110442406199917,0.02946107228946219,0.033720148251761096,1,0,0,1.0,1.0,1.0,0.0,True,7,True,0.004910124989692122,374.60341559476143,4.6803720141972445,1,1,30
25,magnitude-sweep,Hampel,5025,0.017117841331889996,0.029495884374587018,0.03402570391519106,1,0,0,1.0,1.0,1.0,0.0,True,4,True,0.003146208997350186,374.36990182748997,0.9694314096295855,1,1,30
26,magnitude-sweep,WLS,5026,0.01955219242714869,0.029611847338605578,0.06204061405285828,0,0,1,0.0,0.0,0.0,0.0,False,1,True,0.0006271669990383089,107.25813802736987,15.297044340978543,0,1,30
26,magnitude-sweep,DIA-reject,5026,0.0077008938476134025,0.01255314640377739,0.020860127755687626,1,0,0,1.0,1.0,1.0,0.0,True,2,False,0.0034620839869603515,111.15008351062474,1.5555535765593076,1,1,30
26,magnitude-sweep,DIA-inflate,5026,0.007790412809101951,0.012706588810295153,0.020833328271244036,1,0,0,1.0,1.0,1.0,0.0,True,2,False,0.0036396670038811862,111.0858090592274,1.5607122988893267,1,1,30
26,magnitude-sweep,Huber,5026,0.008966933951130645,0.01460603129478592,0.022566878534704484,1,0,0,1.0,1.0,1.0,0.0,True,7,True,0.004841249989112839,110.41689953023322,3.495121105279332,1,1,30
26,magnitude-sweep,Hampel,5026,0.007700893847587265,0.012553146403758205,0.020860127755141906,1,0,0,1.0,1.0,1.0,0.0,True,4,True,0.0032407499966211617,111.15008351062474,1.3827142902751535,1,1,30
27,magnitude-sweep,WLS,5027,0.0325964766120234,0.05267033533763042,0.08076949145848657,0,0,1,0.0,0.0,0.0,0.0,False,1,True,0.0006288750155363232,53.92262814777714,19.367429645155585,0,1,30
27,magnitude-sweep,DIA-reject,5027,0.008533371354976498,0.013641839166978779,0.023397207803748342,1,0,0,1.0,1.0,1.0,0.0,True,2,True,0.0034407499770168215,56.66656135320916,1.2156096301701025,1,1,30
27,magnitude-sweep,DIA-inflate,5027,0.008825033002193804,0.014220938460524411,0.023711388354193015,1,0,0,1.0,1.0,1.0,0.0,True,2,True,0.003702457994222641,56.60963351748612,1.4053961765004588,1,1,30
27,magnitude-sweep,Huber,5027,0.011557207734864171,0.019183583415744592,0.026249533511295636,1,0,0,1.0,1.0,1.0,0.0,True,8,True,0.0054105840099509805,56.16789069935122,3.941551348987696,1,1,30
27,magnitude-sweep,Hampel,5027,0.008533371355059638,0.013641839167097197,0.0233972078040423,1,0,0,1.0,1.0,1.0,0.0,True,5,True,0.003694625018397346,56.66656135320916,1.0805418934979687,1,1,30
28,magnitude-sweep,WLS,5028,0.03510626447840839,0.05600575695451445,0.09884093424622195,0,0,1,0.0,0.0,0.0,0.0,False,1,True,0.000627291010459885,43.50030976634041,27.479601038219148,0,1,30
28,magnitude-sweep,DIA-reject,5028,0.003923877375465141,0.006000172977318897,0.0110270030051053,1,0,0,1.0,1.0,1.0,0.0,True,2,True,0.0034587909758556634,69.55470188947307,0.4509770552996524,1,1,30
28,magnitude-sweep,DIA-inflate,5028,0.003762057388562396,0.005692099202805405,0.010187457257898474,1,0,0,1.0,1.0,1.0,0.0,True,2,True,0.0034808340133167803,68.9608646778039,0.9166232727514206,1,1,30
28,magnitude-sweep,Huber,5028,0.005207565935721985,0.008312506738976223,0.012779292519932726,1,0,0,1.0,1.0,1.0,0.0,True,8,True,0.005449082993436605,65.49475170515589,4.008127493728462,1,1,30
28,magnitude-sweep,Hampel,5028,0.003923877375734198,0.00600017297759038,0.011027003004763253,1,0,0,1.0,1.0,1.0,0.0,True,4,True,0.003189915994880721,69.55470188947307,0.4008684935969647,1,1,30
29,magnitude-sweep,WLS,5029,0.02130798100678324,0.02976292896819367,0.07442853882062148,0,0,1,0.0,0.0,0.0,0.0,False,1,True,0.0006309579766821116,42.73004413433321,34.41438988463545,0,1,30
29,magnitude-sweep,DIA-reject,5029,0.004263788927146648,0.007078701908426488,0.011608207459678527,1,0,0,1.0,1.0,1.0,0.0,True,2,True,0.0034315000229980797,44.09943257788764,1.1193651793243262,1,1,30
29,magnitude-sweep,DIA-inflate,5029,0.004348019689954658,0.007229709675708545,0.011652043811131343,1,0,0,1.0,1.0,1.0,0.0,True,2,False,0.003501541999867186,44.06549704337276,1.621455399350023,1,1,30
29,magnitude-sweep,Huber,5029,0.0052833165740197845,0.008683654845343945,0.01451290249149333,1,0,0,1.0,1.0,1.0,0.0,True,9,True,0.0059683750150725245,43.88722156196375,4.9701036143469,1,1,30
29,magnitude-sweep,Hampel,5029,0.00426378892722683,0.007078701908692537,0.011608207458773102,1,0,0,1.0,1.0,1.0,0.0,True,4,True,0.003117584012215957,44.09943257788764,0.9949912705182955,1,1,30
0,magnitude-sweep,WLS,5000,0.040384128303521664,0.058647056781617045,0.12128988321743644,0,0,1,0.0,0.0,0.0,0.0,False,1,True,0.000628334004431963,102.25361462716992,60.432325037594225,0,1,50
0,magnitude-sweep,DIA-reject,5000,0.010658892911724047,0.017856832871840825,0.02454405554802317,1,0,0,1.0,1.0,1.0,0.0,True,2,True,0.0034807079937309027,82.44132511296498,1.1083025523555932,1,1,50
0,magnitude-sweep,DIA-inflate,5000,0.010705033888389935,0.0178058242492713,0.02412780980248681,1,0,0,1.0,1.0,1.0,0.0,True,2,False,0.0034567090042401105,82.53157467902989,2.7692088995823556,1,1,50
0,magnitude-sweep,Huber,5000,0.011619180589582922,0.01886838598428286,0.02886615776736998,1,0,0,1.0,1.0,1.0,0.0,True,17,True,0.010574250016361475,82.83467953471454,7.663416458434191,1,1,50
0,magnitude-sweep,Hampel,5000,0.010658892911733012,0.017856832871940686,0.024544055548773744,1,0,0,1.0,1.0,1.0,0.0,True,5,True,0.003748165996512398,82.44132511296498,0.9851578243123663,1,1,50
1,magnitude-sweep,WLS,5001,0.053724863474985535,0.07756472858973733,0.1913609152556183,0,0,1,0.0,0.0,0.0,0.0,False,1,True,0.0006215419853106141,112.64918311738676,83.413302250455,0,1,50
1,magnitude-sweep,DIA-reject,5001,0.003035505267056777,0.004837521395632873,0.007384261364491481,1,0,0,1.0,1.0,1.0,0.0,True,2,True,0.0034410000080242753,121.28567844061979,0.8876900268854845,1,1,50
1,magnitude-sweep,DIA-inflate,5001,0.00321614041541524,0.005253358847523176,0.007494392065354384,1,0,0,1.0,1.0,1.0,0.0,True,2,False,0.003562500001862645,121.12879721411436,2.3758370048449087,1,1,50
1,magnitude-sweep,Huber,5001,0.005262430957867346,0.008547320230375728,0.015592577906650786,1,0,0,1.0,1.0,1.0,0.0,True,8,True,0.005403124989243224,120.65839372208356,7.117302951809383,1,1,50
1,magnitude-sweep,Hampel,5001,0.0030355052665739083,0.004837521394525238,0.007384261364394117,1,0,0,1.0,1.0,1.0,0.0,True,5,True,0.0038405419909395278,121.28567844061979,0.7890578016769323,1,1,50
2,magnitude-sweep,WLS,5002,0.04866038893019316,0.08046577639561489,0.1293253616736703,0,0,1,0.0,0.0,0.0,0.0,False,1,True,0.0006216659967321903,47.10096733505945,73.44194389963225,0,1,50
2,magnitude-sweep,DIA-reject,5002,0.005594648817849551,0.009205251037004729,0.013977378172829421,1,0,0,1.0,1.0,1.0,0.0,True,2,True,0.0033850000181701034,52.45221477694125,0.754136541270519,1,1,50
2,magnitude-sweep,DIA-inflate,5002,0.005487794642358387,0.008996631756831156,0.014599760127050327,1,0,0,1.0,1.0,1.0,0.0,True,2,False,0.003601458010962233,52.3666302734733,1.634241272912885,1,1,50
2,magnitude-sweep,Huber,5002,0.005939315143738418,0.00944370964315677,0.017516806857783826,1,0,0,1.0,1.0,1.0,0.0,True,6,True,0.00419691699789837,52.019415669653775,5.587551643527939,1,1,50
2,magnitude-sweep,Hampel,5002,0.0055946488179033135,0.009205251036947974,0.013977378171020053,1,0,0,1.0,1.0,1.0,0.0,True,4,True,0.0032273330143652856,52.45221477694125,0.6703435922556925,1,1,50
3,magnitude-sweep,WLS,5003,0.0940668536906574,0.15716565776091793,0.22427158512263987,0,0,1,0.0,0.0,0.0,0.0,False,1,True,0.0006265839911065996,79.23559795243621,108.53376168385354,0,1,50
3,magnitude-sweep,DIA-reject,5003,0.008373992079606844,0.013944258226002575,0.02026916887756547,1,0,0,1.0,1.0,1.0,0.0,True,2,True,0.003409750002902001,112.74252743459265,0.8859473332071929,1,1,50
3,magnitude-sweep,DIA-inflate,5003,0.00848888579840929,0.014289703439167691,0.019794866476566225,1,0,0,1.0,1.0,1.0,0.0,True,2,False,0.0035726669884752482,112.14198470845274,2.687820502123193,1,1,50
3,magnitude-sweep,Huber,5003,0.01045925659932648,0.017560298358933944,0.023314071105287316,1,0,0,1.0,1.0,1.0,0.0,True,8,True,0.005333749984856695,110.55751256055281,7.707811005562596,1,1,50
3,magnitude-sweep,Hampel,5003,0.008373992078870834,0.013944258224851422,0.020269168875521913,1,0,0,1.0,1.0,1.0,0.0,True,4,True,0.0032098749943543226,112.74252743459265,0.7875087406234969,1,1,50
4,magnitude-sweep,WLS,5004,0.02867056855499976,0.039401341599572544,0.10862317073468948,0,0,1,0.0,0.0,0.0,0.0,False,1,True,0.0006364999862853438,49.84357211980339,70.24978010283712,0,1,50
4,magnitude-sweep,DIA-reject,5004,0.004698324615993225,0.007575021239322397,0.014427261105841577,1,0,0,1.0,1.0,1.0,0.0,True,2,True,0.003414416016312316,47.608983663470305,1.308212451071536,1,1,50
4,magnitude-sweep,DIA-inflate,5004,0.0049195069297777875,0.0077602733193779935,0.015950527002236904,1,0,0,1.0,1.0,1.0,0.0,True,2,False,0.0035826249804813415,47.60673301634815,2.291481062018888,1,1,50
4,magnitude-sweep,Huber,5004,0.006756597289895829,0.009617401615799437,0.025136995242358767,1,0,0,1.0,1.0,1.0,0.0,True,16,True,0.0100244999921415,51.122999204646675,6.416006614579367,1,1,50
4,magnitude-sweep,Hampel,5004,0.0046983246158753544,0.007575021239169785,0.014427261105230401,1,0,0,1.0,1.0,1.0,0.0,True,6,True,0.004364332999102771,47.608983663470305,1.1628555120665958,1,1,50
5,magnitude-sweep,WLS,5005,0.040535870109432735,0.06053172908330111,0.12788295187073065,0,0,1,0.0,0.0,0.0,0.0,False,1,True,0.0006224999960977584,100.36034894163973,103.61972634452802,0,1,50
5,magnitude-sweep,DIA-reject,5005,0.010280194209503078,0.016699206673315443,0.02837024011489035,1,0,0,1.0,1.0,1.0,0.0,True,2,True,0.0034192920138593763,100.47806769084755,1.1234723012689354,1,1,50
5,magnitude-sweep,DIA-inflate,5005,0.010477218258110611,0.017089206151872333,0.028644177655413928,1,0,0,1.0,1.0,1.0,0.0,True,2,False,0.0034441669995430857,100.47181118467421,2.636529870278433,1,1,50
5,magnitude-sweep,Huber,5005,0.011219571409044081,0.018472945106712293,0.02955115671320058,1,0,0,1.0,1.0,1.0,0.0,True,7,True,0.00475766698946245,100.45417308670812,7.417301247155923,1,1,50
5,magnitude-sweep,Hampel,5005,0.03585113294365647,0.037212970174177365,0.15808750238710226,1,3,0,0.25,1.0,0.4,0.2,False,5,True,0.003781500010518357,11608551.486484021,0.9039730327703501,4,1,50
6,magnitude-sweep,WLS,5006,0.028738404381925237,0.04127466185447705,0.08163687960856227,0,0,1,0.0,0.0,0.0,0.0,False,1,True,0.000630208000075072,59.699948189452066,88.99228359219651,0,1,50
6,magnitude-sweep,DIA-reject,5006,0.00995016163107678,0.0156398833187192,0.02838449857077144,1,0,0,1.0,1.0,1.0,0.0,True,2,True,0.003423834015848115,58.6937930247039,1.430944839021067,1,1,50
6,magnitude-sweep,DIA-inflate,5006,0.009844547265113591,0.015452038463312261,0.02854948602013074,1,0,0,1.0,1.0,1.0,0.0,True,2,False,0.0035113340127281845,58.693461522937696,2.549902760248809,1,1,50
6,magnitude-sweep,Huber,5006,0.009571428411524406,0.014866102126730089,0.029297816159345017,1,0,0,1.0,1.0,1.0,0.0,True,13,True,0.008408249996136874,58.758355265760805,6.923101757019971,1,1,50
6,magnitude-sweep,Hampel,5006,0.009699917216706468,0.015092667470614173,0.027851464293908813,1,0,0,1.0,1.0,1.0,0.0,True,14,True,0.009056332986801863,60.81732765607669,1.21655666552746,1,1,50
7,magnitude-sweep,WLS,5007,0.032312974607092655,0.04227446122852581,0.12306312219985648,0,0,1,0.0,0.0,0.0,0.0,False,1,True,0.000686249986756593,66.39073322137907,90.25883019044142,0,1,50
7,magnitude-sweep,DIA-reject,5007,0.005467659265679523,0.008675035213849049,0.014887627107596061,1,0,0,1.0,1.0,1.0,0.0,True,2,True,0.0033381660177838057,66.43001334077121,0.8832412481947328,1,1,50
7,magnitude-sweep,DIA-inflate,5007,0.0054850065296846145,0.008729760636023492,0.014997881034404584,1,0,0,1.0,1.0,1.0,0.0,True,2,False,0.003528957982780412,66.42874616066122,1.9493634742536983,1,1,50
7,magnitude-sweep,Huber,5007,0.005815835212824865,0.009163633333796651,0.015406419101952385,1,0,0,1.0,1.0,1.0,0.0,True,6,True,0.004226042015943676,66.42425125849562,6.188521100103718,1,1,50
7,magnitude-sweep,Hampel,5007,0.0054676592660654125,0.008675035214551607,0.014887627108631242,1,0,0,1.0,1.0,1.0,0.0,True,4,True,0.003100750007433817,66.43001334077121,0.7851033317422209,1,1,50
8,magnitude-sweep,WLS,5008,0.07423431982827518,0.11052365290736066,0.2539393092767729,0,0,1,0.0,0.0,0.0,0.0,False,1,True,0.000660166988382116,52.53460316309072,102.08615115792433,0,1,50
8,magnitude-sweep,DIA-reject,5008,0.005740283382213412,0.009081112026838247,0.016407118164456284,1,0,0,1.0,1.0,1.0,0.0,True,2,True,0.0035314999986439943,73.70927019585423,0.8736892190038366,1,1,50
8,magnitude-sweep,DIA-inflate,5008,0.006056054765030632,0.009263859098119515,0.018609209655055536,1,0,0,1.0,1.0,1.0,0.0,True,2,False,0.003452999982982874,73.23600616542197,2.8624892080046,1,1,50
8,magnitude-sweep,Huber,5008,0.008315332416988858,0.011794283294523533,0.028426904163881165,1,0,0,1.0,1.0,1.0,0.0,True,9,True,0.005975125008262694,72.0686180236009,8.038452476520241,1,1,50
8,magnitude-sweep,Hampel,5008,0.040478352999420826,0.0340722437928772,0.1838208373351672,1,3,0,0.25,1.0,0.4,0.2,False,4,True,0.003155040991259739,8584729.229335064,0.38780835404689973,4,1,50
9,magnitude-sweep,WLS,5009,0.035757655809217276,0.05736795110717891,0.10909051028025372,0,0,1,0.0,0.0,0.0,0.0,False,1,True,0.0006289579905569553,83.3993063847311,51.26224551946262,0,1,50
9,magnitude-sweep,DIA-reject,5009,0.005859061923615004,0.009834973687153468,0.014015274729607329,1,0,0,1.0,1.0,1.0,0.0,True,2,True,0.0035185420128982514,88.54875739404432,0.8504839932290409,1,1,50
9,magnitude-sweep,DIA-inflate,5009,0.005611182983247178,0.009459972858078989,0.013117265256456833,1,0,0,1.0,1.0,1.0,0.0,True,2,True,0.0034768330224324018,88.47886325709138,1.3792765141921886,1,1,50
9,magnitude-sweep,Huber,5009,0.004897002050503038,0.008445366968809957,0.009443082901270026,1,0,0,1.0,1.0,1.0,0.0,True,6,True,0.004288208001526073,88.1086203686009,4.7081008205990615,1,1,50
9,magnitude-sweep,Hampel,5009,0.005859061923289396,0.009834973686589562,0.01401527472899487,1,0,0,1.0,1.0,1.0,0.0,True,4,True,0.003134957980364561,88.54875739404432,0.7559857717716473,1,1,50
10,magnitude-sweep,WLS,5010,0.031188067329470066,0.04265881968100392,0.11573734015035675,0,0,1,0.0,0.0,0.0,0.0,False,1,True,0.0006228749989531934,151.69478204256495,109.09401960375648,0,1,50
10,magnitude-sweep,DIA-reject,5010,0.006700821408092721,0.01098059681228041,0.015193222293741659,1,0,0,1.0,1.0,1.0,0.0,True,2,True,0.0034838330175261945,150.0180973656301,1.2362867042070795,1,1,50
10,magnitude-sweep,DIA-inflate,5010,0.006753844057504699,0.011069077189886992,0.015652970238859736,1,0,0,1.0,1.0,1.0,0.0,True,2,False,0.0035305000201333314,150.0227453585165,2.564264105136121,1,1,50
10,magnitude-sweep,Huber,5010,0.0070738294491252745,0.011573309322746073,0.017885386159033498,1,0,0,1.0,1.0,1.0,0.0,True,6,True,0.00426699998206459,150.0394555924825,7.162644327603183,1,1,50
10,magnitude-sweep,Hampel,5010,0.006700821408925422,0.010980596813766657,0.01519322229334243,1,0,0,1.0,1.0,1.0,0.0,True,5,True,0.0037330000195652246,150.0180973656301,1.0989215148523925,1,1,50
11,magnitude-sweep,WLS,5011,0.0338543196398199,0.04629531784274458,0.1111657451654734,0,0,1,0.0,0.0,0.0,0.0,False,1,True,0.0006278330110944808,53.09799412051931,103.98266596548649,0,1,50
11,magnitude-sweep,DIA-reject,5011,0.004995358656380661,0.0076937067803273095,0.01592230827865665,1,0,0,1.0,1.0,1.0,0.0,True,2,True,0.003466124995611608,51.92979111393939,0.8201094178684265,1,1,50
11,magnitude-sweep,DIA-inflate,5011,0.004806551659601909,0.007508750612813505,0.014749889654931207,1,0,0,1.0,1.0,1.0,0.0,True,2,False,0.0034764169831760228,51.938009122222944,2.1310256271082517,1,1,50
11,magnitude-sweep,Huber,5011,0.004513227265166253,0.007386915746303353,0.011812263311813622,1,0,0,1.0,1.0,1.0,0.0,True,7,True,0.0048364580143243074,51.965507256355096,6.660304166729573,1,1,50
11,magnitude-sweep,Hampel,5011,0.004995358656304043,0.007693706780107644,0.015922308278834858,1,0,0,1.0,1.0,1.0,0.0,True,5,True,0.0036682920181192458,51.92979111393939,0.7289861492162494,1,1,50
12,magnitude-sweep,WLS,5012,0.02881713304030039,0.04354084491869868,0.09710553978628154,0,0,1,0.0,0.0,0.0,0.0,False,1,True,0.0006155830051284283,260.6244005124697,52.56531613543499,0,1,50
12,magnitude-sweep,DIA-reject,5012,0.013310444998257455,0.02203117226130565,0.03605995889190925,1,0,0,1.0,1.0,1.0,0.0,True,2,True,0.003490625007543713,256.9764736668053,1.1788448490461458,1,1,50
12,magnitude-sweep,DIA-inflate,5012,0.013433233715724795,0.022227508694868947,0.03619528891383017,1,0,0,1.0,1.0,1.0,0.0,True,2,False,0.003412624995689839,256.98464794753016,1.7965534248752932,1,1,50
12,magnitude-sweep,Huber,5012,0.014096611794571534,0.023188391000204193,0.03685128933848804,1,0,0,1.0,1.0,1.0,0.0,True,6,True,0.004209250007988885,257.02772373253714,5.384175786005233,1,1,50
12,magnitude-sweep,Hampel,5012,0.013310444995058695,0.02203117225564074,0.03605995888545406,1,0,0,1.0,1.0,1.0,0.0,True,4,True,0.0031154169992078096,256.9764736668053,1.0478620880285299,1,1,50
13,magnitude-sweep,WLS,5013,0.05690371698928237,0.09093652773625734,0.17651733434106992,0,0,1,0.0,0.0,0.0,0.0,False,1,True,0.000621832994511351,54.16925749748203,93.46637298934793,0,1,50
13,magnitude-sweep,DIA-reject,5013,0.00543144698038755,0.008852776001800181,0.012900109617500318,1,0,0,1.0,1.0,1.0,0.0,True,2,False,0.003481416992144659,70.1786629868596,1.7164617975571457,1,1,50
13,magnitude-sweep,DIA-inflate,5013,0.0052914988432600524,0.008581026047385846,0.01291672936472613,1,0,0,1.0,1.0,1.0,0.0,True,2,False,0.0035085419949609786,69.83252484380782,2.9217546714090306,1,1,50
13,magnitude-sweep,Huber,5013,0.006119645050616166,0.009748958308875243,0.014208435512230229,1,0,0,1.0,1.0,1.0,0.0,True,12,True,0.007690958998864517,71.13265943880005,7.407563925502336,1,1,50
13,magnitude-sweep,Hampel,5013,0.005431446980041484,0.008852776001169608,0.012900109616876656,1,0,0,1.0,1.0,1.0,0.0,True,6,True,0.004283666989067569,70.1786629868596,1.5257438200298028,1,1,50
14,magnitude-sweep,WLS,5014,0.029783219555133918,0.03901121910517944,0.10635296909647503,0,0,1,0.0,0.0,0.0,0.0,False,1,True,0.0006337499944493175,78.63026372139232,72.29552474650441,0,1,50
14,magnitude-sweep,DIA-reject,5014,0.011919881611509657,0.017363410579677354,0.036006483538064196,1,0,0,1.0,1.0,1.0,0.0,True,2,True,0.003525167005136609,78.33097986506426,1.4952509078948866,1,1,50
14,magnitude-sweep,DIA-inflate,5014,0.011882315231620292,0.017340258293206103,0.03523683922177736,1,0,0,1.0,1.0,1.0,0.0,True,2,False,0.003514374984661117,78.33080680808665,2.679234585324729,1,1,50
14,magnitude-sweep,Huber,5014,0.012010284020942421,0.01748560443435812,0.032949392342343536,1,0,0,1.0,1.0,1.0,0.0,True,17,True,0.010594749997835606,78.3130701137644,7.133766883786856,1,1,50
14,magnitude-sweep,Hampel,5014,0.011947824252710003,0.017412780025549156,0.03603103613565165,1,0,0,1.0,1.0,1.0,0.0,True,12,True,0.007996291999006644,78.30938881672138,1.3075708966099986,1,1,50
15,magnitude-sweep,WLS,5015,0.02970351617687124,0.04556609119204772,0.09324074291088444,0,0,1,0.0,0.0,0.0,0.0,False,1,True,0.0006359170074574649,133.02059031417113,78.4956284089519,0,1,50
15,magnitude-sweep,DIA-reject,5015,0.006964835890875318,0.011144075139540703,0.02012428815159526,1,0,0,1.0,1.0,1.0,0.0,True,2,True,0.0034406250051688403,132.32398561847256,0.5437895634325659,1,1,50
15,magnitude-sweep,DIA-inflate,5015,0.00691955316712329,0.011061607590571355,0.019976916195059837,1,0,0,1.0,1.0,1.0,0.0,True,2,False,0.0035940000088885427,132.29672092379352,1.52599933981428,1,1,50
15,magnitude-sweep,Huber,5015,0.0069622996335728495,0.01114149920944873,0.019609622119135504,1,0,0,1.0,1.0,1.0,0.0,True,6,True,0.0042787079873960465,132.19656394053925,5.597648169971769,1,1,50
15,magnitude-sweep,Hampel,5015,0.006964835892319421,0.011144075141818815,0.020124288156523857,1,0,0,1.0,1.0,1.0,0.0,True,4,True,0.0031137089827097952,132.32398561847256,0.48336850082780036,1,1,50
16,magnitude-sweep,WLS,5016,0.0675509888245456,0.1098532678865838,0.17370811846310186,0,0,1,0.0,0.0,0.0,0.0,False,1,True,0.0006533330015372485,45.318064711766446,54.841210728561116,0,1,50
16,magnitude-sweep,DIA-reject,5016,0.007881928343543974,0.011001716864656457,0.029713405238284165,1,0,0,1.0,1.0,1.0,0.0,True,2,True,0.003452000004472211,74.05158179372086,1.2920518199438036,1,1,50
16,magnitude-sweep,DIA-inflate,5016,0.008148765723178564,0.01169485844856864,0.029713405238284165,1,0,0,1.0,1.0,1.0,0.0,True,2,False,0.003510665992507711,73.38885347809988,2.1735626943410575,1,1,50
16,magnitude-sweep,Huber,5016,0.010764801220236602,0.01740220182980198,0.029713405238284165,1,0,0,1.0,1.0,1.0,0.0,True,9,True,0.006070250004995614,70.81932214407028,6.234260051589879,1,1,50
16,magnitude-sweep,Hampel,5016,0.007881928343675059,0.011001716865029158,0.029713405238284165,1,0,0,1.0,1.0,1.0,0.0,True,4,True,0.0032191670034080744,74.05158179372086,1.1484905066165898,1,1,50
17,magnitude-sweep,WLS,5017,0.040656413418081565,0.062210326523745425,0.11958777606073151,0,0,1,0.0,0.0,0.0,0.0,False,1,True,0.0006445829931180924,41.529166141894,73.82460297034335,0,1,50
17,magnitude-sweep,DIA-reject,5017,0.005980931926502603,0.009955019039414273,0.015444846916373189,1,0,0,1.0,1.0,1.0,0.0,True,2,True,0.003448458999628201,48.639788741054325,1.1306357422781086,1,1,50
17,magnitude-sweep,DIA-inflate,5017,0.006192349841121439,0.010275385266957097,0.015855070311760314,1,0,0,1.0,1.0,1.0,0.0,True,2,False,0.0035643749870359898,48.538537586756824,1.92413763892568,1,1,50
17,magnitude-sweep,Huber,5017,0.0073547912268314905,0.011976224982400545,0.017840228312838987,1,0,0,1.0,1.0,1.0,0.0,True,6,True,0.004242750001139939,48.11432418365828,5.804966037400935,1,1,50
17,magnitude-sweep,Hampel,5017,0.005980931925749973,0.009955019038182826,0.015444846914078153,1,0,0,1.0,1.0,1.0,0.0,True,4,True,0.003123541973764077,48.639788741054325,1.0050095487034592,1,1,50
18,magnitude-sweep,WLS,5018,0.041524833975920244,0.05808506835090353,0.135483239022391,0,0,1,0.0,0.0,0.0,0.0,False,1,True,0.0006973329873289913,46.035826197507376,107.50584594546687,0,1,50
18,magnitude-sweep,DIA-reject,5018,0.0053465642133212615,0.008690956323985841,0.015872700459813555,1,0,0,1.0,1.0,1.0,0.0,True,2,True,0.003411042009247467,46.260134166866074,0.4586644071273575,1,1,50
18,magnitude-sweep,DIA-inflate,5018,0.005100118265780985,0.008187999739407056,0.015921370974254577,1,0,0,1.0,1.0,1.0,0.0,True,2,False,0.0034774579980876297,46.25592323593236,2.9847434554924868,1,1,50
18,magnitude-sweep,Huber,5018,0.005420940028836271,0.008795095215638413,0.016502640580590436,1,0,0,1.0,1.0,1.0,0.0,True,17,True,0.010608916985802352,46.4873917768913,8.491185080639436,1,1,50
18,magnitude-sweep,Hampel,5018,0.00534656421307988,0.008690956323700129,0.015872700458192373,1,0,0,1.0,1.0,1.0,0.0,True,4,True,0.003184375003911555,46.260134166866074,0.4077016952256817,1,1,50
19,magnitude-sweep,WLS,5019,0.04722580237325454,0.06578810105703523,0.17479858125258965,0,0,1,0.0,0.0,0.0,0.0,False,1,True,0.0006237500056158751,75.94071354089597,149.9911423201545,0,1,50
19,magnitude-sweep,DIA-reject,5019,0.009448042926009731,0.015711401260266794,0.024361981797847206,1,0,0,1.0,1.0,1.0,0.0,True,2,True,0.0034591669973451644,70.36387392369933,0.8334145547133537,1,1,50
19,magnitude-sweep,DIA-inflate,5019,0.009678942003149501,0.016054580159987532,0.024518019864309164,1,0,0,1.0,1.0,1.0,0.0,True,2,False,0.0035630830097943544,70.33940194145573,3.88254443482799,1,1,50
19,magnitude-sweep,Huber,5019,0.01039356413942797,0.01710302792525471,0.02485988644651757,1,0,0,1.0,1.0,1.0,0.0,True,9,True,0.006003707996569574,70.29515333170207,9.65625543264102,1,1,50
19,magnitude-sweep,Hampel,5019,0.04160343146187272,0.04051397230539205,0.18605057947900147,1,3,0,0.25,1.0,0.4,0.2,False,5,True,0.003765833011129871,4929740.862794993,0.6337407060524998,4,1,50
20,magnitude-sweep,WLS,5020,0.037372927861454186,0.04076846499605854,0.1596248219596668,0,0,1,0.0,0.0,0.0,0.0,False,1,True,0.000629415997536853,123.15695534097863,73.74168910553618,0,1,50
20,magnitude-sweep,DIA-reject,5020,0.0065672195435087675,0.01110384942361769,0.015083679150658514,1,0,0,1.0,1.0,1.0,0.0,True,2,True,0.00348212500102818,124.24022544975088,0.887388999281287,1,1,50
20,magnitude-sweep,DIA-inflate,5020,0.006689603575769781,0.01134048929317338,0.014953023746461775,1,0,0,1.0,1.0,1.0,0.0,True,2,False,0.003485041990643367,124.22309897923088,1.7815216297356455,1,1,50
20,magnitude-sweep,Huber,5020,0.007486236746471988,0.012611935267362092,0.016879477318756227,1,0,0,1.0,1.0,1.0,0.0,True,7,True,0.004941666993545368,124.15477651877656,5.779700073322829,1,1,50
20,magnitude-sweep,Hampel,5020,0.006567219543836248,0.011103849424088633,0.01508367915143355,1,0,0,1.0,1.0,1.0,0.0,True,4,True,0.003131250006845221,124.24022544975088,0.7887902215834705,1,1,50
21,magnitude-sweep,WLS,5021,0.04288862193980072,0.06267428605248526,0.15374622698976131,0,0,1,0.0,0.0,0.0,0.0,False,1,True,0.0006244580144993961,116.99059729066362,32.032558613764415,0,1,50
21,magnitude-sweep,DIA-reject,5021,0.006397708740477333,0.010807759528881059,0.013682211536912015,1,0,0,1.0,1.0,1.0,0.0,True,2,True,0.0034424169862177223,120.7996306332807,1.0569102559718864,1,1,50
21,magnitude-sweep,DIA-inflate,5021,0.006222269347100185,0.010551877973522347,0.012796496808307673,1,0,0,1.0,1.0,1.0,0.0,True,2,False,0.003496207995340228,120.70807871370846,1.4880760705040166,1,1,50
21,magnitude-sweep,Huber,5021,0.007119195960899847,0.011953432251715872,0.015679183256512505,1,0,0,1.0,1.0,1.0,0.0,True,8,True,0.0053909590060357004,120.1882564568836,4.657412879080776,1,1,50
21,magnitude-sweep,Hampel,5021,0.006397708740053208,0.01080775952827166,0.013682211534886598,1,0,0,1.0,1.0,1.0,0.0,True,4,True,0.003150875010760501,120.7996306332807,0.9394757830932455,1,1,50
22,magnitude-sweep,WLS,5022,0.03267522467824115,0.04488166980327465,0.10233635528330942,0,0,1,0.0,0.0,0.0,0.0,False,1,True,0.0006271250022109598,36.686701228760036,154.18719944605743,0,1,50
22,magnitude-sweep,DIA-reject,5022,0.005898155528032322,0.009820860394217711,0.01415867679531178,1,0,0,1.0,1.0,1.0,0.0,True,2,True,0.0034311659983359277,35.72232535921875,1.054459493964705,1,1,50
22,magnitude-sweep,DIA-inflate,5022,0.006054615467563162,0.010069330242234114,0.01435181107965996,1,0,0,1.0,1.0,1.0,0.0,True,2,False,0.0034867080103140324,35.729054489487865,3.1379817645534103,1,1,50
22,magnitude-sweep,Huber,5022,0.006555656694631227,0.010827906867146754,0.01625402236666757,1,0,0,1.0,1.0,1.0,0.0,True,7,True,0.004872833000263199,35.74550679964408,8.371799511225992,1,1,50
22,magnitude-sweep,Hampel,5022,0.0058981555277569635,0.009820860393754998,0.014158676794147172,1,0,0,1.0,1.0,1.0,0.0,True,5,True,0.0036872080236207694,35.72232535921875,0.9372973279661573,1,1,50
23,magnitude-sweep,WLS,5023,0.05658184649086618,0.09262665873485063,0.14288563698204546,0,0,1,0.0,0.0,0.0,0.0,False,1,True,0.0006215419853106141,75.36942008659577,72.64998483564639,0,1,50
23,magnitude-sweep,DIA-reject,5023,0.006588880346618385,0.011091650876543726,0.013975350142658936,1,0,0,1.0,1.0,1.0,0.0,True,2,True,0.003442084009293467,75.74414839065166,0.6759141967842975,1,1,50
23,magnitude-sweep,DIA-inflate,5023,0.007245664253241206,0.011987923847675401,0.01672087340601094,1,0,0,1.0,1.0,1.0,0.0,True,2,False,0.0034501250192988664,75.63406928284826,2.519496325865253,1,1,50
23,magnitude-sweep,Huber,5023,0.009974194921101416,0.0160113152423541,0.024952720774320838,1,0,0,1.0,1.0,1.0,0.0,True,17,True,0.010448541986988857,75.35588359913437,7.586340067841711,1,1,50
23,magnitude-sweep,Hampel,5023,0.04733616169982862,0.03904339293502786,0.215553075127175,1,2,0,0.3333333333333333,1.0,0.5,0.13333333333333333,False,4,True,0.003235166979720816,10912464.661352942,0.467741335064763,3,1,50
24,magnitude-sweep,WLS,5024,0.035242253871692865,0.04530778988859822,0.10705280893496309,0,0,1,0.0,0.0,0.0,0.0,False,1,True,0.0006254999898374081,28.834053788214437,81.95382488496246,0,1,50
24,magnitude-sweep,DIA-reject,5024,0.006976611717265569,0.010934238524761742,0.018553235339911732,1,0,0,1.0,1.0,1.0,0.0,True,2,True,0.003399000008357689,27.66497189480127,0.5373478141334612,1,1,50
24,magnitude-sweep,DIA-inflate,5024,0.00661326584883931,0.0103972212158618,0.018022242915747513,1,0,0,1.0,1.0,1.0,0.0,True,2,False,0.0035780829784926027,27.658446998779514,2.1130609475715327,1,1,50
24,magnitude-sweep,Huber,5024,0.006163898129775481,0.009444767368980136,0.016964117858502308,1,0,0,1.0,1.0,1.0,0.0,True,8,True,0.00538462502299808,27.640292486879964,6.905952545729343,1,1,50
24,magnitude-sweep,Hampel,5024,0.006976611717266366,0.01093423852476611,0.018553235339911732,1,0,0,1.0,1.0,1.0,0.0,True,4,True,0.0032414160086773336,27.66497189480127,0.4776425014519656,1,1,50
25,magnitude-sweep,WLS,5025,0.029786236951746942,0.04511198421841568,0.0974232794893928,0,0,1,0.0,0.0,0.0,0.0,False,1,True,0.0006293329934123904,386.6222781911151,86.31755085910606,0,1,50
25,magnitude-sweep,DIA-reject,5025,0.017117841335386682,0.02949588438069825,0.03402570391869412,1,0,0,1.0,1.0,1.0,0.0,True,2,True,0.003425125003559515,374.36990182748997,1.0906103358691002,1,1,50
25,magnitude-sweep,DIA-inflate,5025,0.01710028647353294,0.02946874250684531,0.033952006113800476,1,0,0,1.0,1.0,1.0,0.0,True,2,False,0.0035666249750647694,374.4008535112959,2.416953781253389,1,1,50
25,magnitude-sweep,Huber,5025,0.01711779141182934,0.02947439335213909,0.033732986441144565,1,0,0,1.0,1.0,1.0,0.0,True,7,True,0.004764666024129838,374.50659320936217,7.006455423476745,1,1,50
25,magnitude-sweep,Hampel,5025,0.017117841331889996,0.029495884374587018,0.03402570391519106,1,0,0,1.0,1.0,1.0,0.0,True,5,True,0.0037307500024326146,374.36990182748997,0.9694314096295855,1,1,50
26,magnitude-sweep,WLS,5026,0.02986428302548367,0.0438037735813314,0.09758137347778431,0,0,1,0.0,0.0,0.0,0.0,False,1,True,0.0006212499865796417,107.25813802736987,41.98643328258922,0,1,50
26,magnitude-sweep,DIA-reject,5026,0.0077008938476134025,0.01255314640377739,0.020860127755687626,1,0,0,1.0,1.0,1.0,0.0,True,2,False,0.003361749986652285,111.15008351062474,1.5555535765593076,1,1,50
26,magnitude-sweep,DIA-inflate,5026,0.007856049271200038,0.012815236786570192,0.020799246192658008,1,0,0,1.0,1.0,1.0,0.0,True,2,False,0.0035560840042307973,111.0858090592274,1.900794286185706,1,1,50
26,magnitude-sweep,Huber,5026,0.008976793375382269,0.0145979286793568,0.02280493999614692,1,0,0,1.0,1.0,1.0,0.0,True,7,True,0.004851208999752998,110.71274776849717,4.986654841580418,1,1,50
26,magnitude-sweep,Hampel,5026,0.007700893847587265,0.012553146403758205,0.020860127755141906,1,0,0,1.0,1.0,1.0,0.0,True,4,True,0.0032161670096684247,111.15008351062474,1.3827142902751535,1,1,50
27,magnitude-sweep,WLS,5027,0.052160625791649345,0.08309398546590352,0.13191191374672073,0,0,1,0.0,0.0,0.0,0.0,False,1,True,0.0006330839823931456,53.92262814777714,55.2802281811896,0,1,50
27,magnitude-sweep,DIA-reject,5027,0.008533371354976498,0.013641839166978779,0.023397207803748342,1,0,0,1.0,1.0,1.0,0.0,True,2,True,0.003449665993684903,56.66656135320916,1.2156096301701025,1,1,50
27,magnitude-sweep,DIA-inflate,5027,0.009051822443091283,0.01466031932534798,0.023947386826316006,1,0,0,1.0,1.0,1.0,0.0,True,2,False,0.003571000008378178,56.60963351748612,2.0447055809985337,1,1,50
27,magnitude-sweep,Huber,5027,0.0115932895641947,0.019242539826638958,0.026289432456603014,1,0,0,1.0,1.0,1.0,0.0,True,9,True,0.00586254199151881,56.37630106603524,6.009661688189761,1,1,50
27,magnitude-sweep,Hampel,5027,0.008533371355059638,0.013641839167097197,0.0233972078040423,1,0,0,1.0,1.0,1.0,0.0,True,5,True,0.003808999987086281,56.66656135320916,1.0805418934979687,1,1,50
28,magnitude-sweep,WLS,5028,0.05888079374228288,0.09377213879629917,0.16788044980180125,0,0,1,0.0,0.0,0.0,0.0,False,1,True,0.000629082991508767,43.50030976634041,76.08264880625208,0,1,50
28,magnitude-sweep,DIA-reject,5028,0.003923877375465141,0.006000172977318897,0.0110270030051053,1,0,0,1.0,1.0,1.0,0.0,True,2,True,0.003426665993174538,69.55470188947307,0.4509770552996524,1,1,50
28,magnitude-sweep,DIA-inflate,5028,0.0037347503069575234,0.005650643950377974,0.010127714674246146,1,0,0,1.0,1.0,1.0,0.0,True,2,False,0.003548167005646974,68.9608646778039,1.8419781619847537,1,1,50
28,magnitude-sweep,Huber,5028,0.005239935037467124,0.008334400917677096,0.013345229196868608,1,0,0,1.0,1.0,1.0,0.0,True,7,True,0.004759915987960994,67.09976730347573,6.431437353728286,1,1,50
28,magnitude-sweep,Hampel,5028,0.003923877375734198,0.00600017297759038,0.011027003004763253,1,0,0,1.0,1.0,1.0,0.0,True,4,True,0.0032222500012721866,69.55470188947307,0.4008684935969647,1,1,50
29,magnitude-sweep,WLS,5029,0.034108328337944194,0.046389631246086645,0.12144393848554358,0,0,1,0.0,0.0,0.0,0.0,False,1,True,0.0006206659891176969,42.73004413433321,93.28536323210136,0,1,50
29,magnitude-sweep,DIA-reject,5029,0.004263788927146648,0.007078701908426488,0.011608207459678527,1,0,0,1.0,1.0,1.0,0.0,True,2,True,0.0033656250161584467,44.09943257788764,1.1193651793243262,1,1,50
29,magnitude-sweep,DIA-inflate,5029,0.004430017527522858,0.007365502994867374,0.011831513720775951,1,0,0,1.0,1.0,1.0,0.0,True,2,False,0.003524959000060335,44.06549704337276,2.720908880194806,1,1,50
29,magnitude-sweep,Huber,5029,0.005299690542289485,0.008705543916620387,0.014622659854266504,1,0,0,1.0,1.0,1.0,0.0,True,9,True,0.005929166014539078,43.970703008610414,7.592950359031431,1,1,50
29,magnitude-sweep,Hampel,5029,0.00426378892722683,0.007078701908692537,0.011608207458773102,1,0,0,1.0,1.0,1.0,0.0,True,5,True,0.003831542009720579,44.09943257788764,0.9949912705182955,1,1,50
