run_id,scenario,method,seed,rmse_m,mean_pos_error_m,max_pos_error_m,tp,fp,fn,precision,recall,f1,fpr,localization_correct,iterations,converged,runtime_s,condition_number,variance_factor,n_flagged,n_true_outliers,contamination_fraction
0,contamination-sweep,WLS,9000,0.006334212559813004,0.010803064924005156,0.01400848407569809,0,0,0,1.0,1.0,1.0,0.0,True,1,True,0.0007626250153407454,123.7373811732228,0.9231393779890006,0,0,0.0
0,contamination-sweep,DIA-reject,9000,0.006334212559813004,0.010803064924005156,0.01400848407569809,0,0,0,1.0,1.0,1.0,0.0,True,1,True,0.0023129580076783895,123.7373811732228,0.9231393779890006,0,0,0.0
0,contamination-sweep,DIA-inflate,9000,0.006334212559813004,0.010803064924005156,0.01400848407569809,0,0,0,1.0,1.0,1.0,0.0,True,1,True,0.0020697920117527246,123.7373811732228,0.9231393779890006,0,0,0.0
0,contamination-sweep,Huber,9000,0.006334212559813004,0.010803064924005156,0.01400848407569809,0,0,0,1.0,1.0,1.0,0.0,True,2,True,0.0019299160048831254,123.7373811732228,0.9231393779890006,0,0,0.0
0,contamination-sweep,Hampel,9000,0.006334212559813004,0.010803064924005156,0.01400848407569809,0,0,0,1.0,1.0,1.0,0.0,True,2,True,0.0019062079954892397,123.7373811732228,0.9231393779890006,0,0,0.0
1,contamination-sweep,WLS,9001,0.005845453381986748,0.009483088798451333,0.01654204399568763,0,0,0,1.0,1.0,1.0,0.0,True,1,True,0.0007147500000428408,68.11436643218963,0.9374362986590035,0,0,0.0
1,contamination-sweep,DIA-reject,9001,0.005845453381986748,0.009483088798451333,0.01654204399568763,0,0,0,1.0,1.0,1.0,0.0,True,1,True,0.002130250009940937,68.11436643218963,0.9374362986590035,0,0,0.0
1,contamination-sweep,DIA-inflate,9001,0.005845453381986748,0.009483088798451333,0.01654204399568763,0,0,0,1.0,1.0,1.0,0.0,True,1,True,0.0020507079898379743,68.11436643218963,0.9374362986590035,0,0,0.0
1,contamination-sweep,Huber,9001,0.005845453381986748,0.009483088798451333,0.01654204399568763,0,0,0,1.0,1.0,1.0,0.0,True,2,True,0.001941875001648441,68.11436643218963,0.9374362986590035,0,0,0.0
1,contamination-sweep,Hampel,9001,0.005845453381986748,0.009483088798451333,0.01654204399568763,0,0,0,1.0,1.0,1.0,0.0,True,2,True,0.0019797499990090728,68.11436643218963,0.9374362986590035,0,0,0.0
2,contamination-sweep,WLS,9002,0.008212146554292353,0.013497917528407668,0.018629254601879537,0,0,0,1.0,1.0,1.0,0.0,True,1,True,0.0006255419866647571,90.51526529207086,1.0342704800047102,0,0,0.0
2,contamination-sweep,DIA-reject,9002,0.008212146554292353,0.013497917528407668,0.018629254601879537,0,0,0,1.0,1.0,1.0,0.0,True,1,True,0.0020448330033104867,90.51526529207086,1.0342704800047102,0,0,0.0
2,contamination-sweep,DIA-inflate,9002,0.008212146554292353,0.013497917528407668,0.018629254601879537,0,0,0,1.0,1.0,1.0,0.0,True,1,True,0.0020072500046808273,90.51526529207086,1.0342704800047102,0,0,0.0
2,contamination-sweep,Huber,9002,0.008177021142870564,0.013442339693909846,0.018555355623507925,0,0,0,1.0,1.0,1.0,0.0,True,8,True,0.005646832985803485,89.96053679575262,1.0170402640915812,0,0,0.0
2,contamination-sweep,Hampel,9002,0.008177021142870564,0.013442339693909846,0.018555355623507925,0,0,0,1.0,1.0,1.0,0.0,True,8,True,0.005400624999310821,89.96053679575262,1.0170402640915812,0,0,0.0
3,contamination-sweep,WLS,9003,0.013032678016651936,0.022255156708323266,0.026299952673578375,0,0,0,1.0,1.0,1.0,0.0,True,1,True,0.0006517090077977628,207.88929563032954,1.4103370257872156,0,0,0.0
3,contamination-sweep,DIA-reject,9003,0.013032678016651936,0.022255156708323266,0.026299952673578375,0,0,0,1.0,1.0,1.0,0.0,True,1,True,0.0021065420005470514,207.88929563032954,1.4103370257872156,0,0,0.0
3,contamination-sweep,DIA-inflate,9003,0.013032678016651936,0.022255156708323266,0.026299952673578375,0,0,0,1.0,1.0,1.0,0.0,True,1,True,0.00205350000760518,207.88929563032954,1.4103370257872156,0,0,0.0
3,contamination-sweep,Huber,9003,0.013032678016651936,0.022255156708323266,0.026299952673578375,0,0,0,1.0,1.0,1.0,0.0,True,2,True,0.001965540985111147,207.88929563032954,1.4103370257872156,0,0,0.0
3,contamination-sweep,Hampel,9003,0.013032678016651936,0.022255156708323266,0.026299952673578375,0,0,0,1.0,1.0,1.0,0.0,True,2,True,0.00200154198682867,207.88929563032954,1.4103370257872156,0,0,0.0
4,contamination-sweep,WLS,9004,0.00790138189107019,0.012445131480730608,0.02081409185961385,0,0,0,1.0,1.0,1.0,0.0,True,1,True,0.0006286659918259829,59.7939476743771,0.9101533997216031,0,0,0.0
4,contamination-sweep,DIA-reject,9004,0.00790138189107019,0.012445131480730608,0.02081409185961385,0,0,0,1.0,1.0,1.0,0.0,True,1,True,0.00207012498867698,59.7939476743771,0.9101533997216031,0,0,0.0
4,contamination-sweep,DIA-inflate,9004,0.00790138189107019,0.012445131480730608,0.02081409185961385,0,0,0,1.0,1.0,1.0,0.0,True,1,True,0.0020837910124100745,59.7939476743771,0.9101533997216031,0,0,0.0
4,contamination-sweep,Huber,9004,0.00790138189107019,0.012445131480730608,0.02081409185961385,0,0,0,1.0,1.0,1.0,0.0,True,2,True,0.0019461250049062073,59.7939476743771,0.9101533997216031,0,0,0.0
4,contamination-sweep,Hampel,9004,0.00790138189107019,0.012445131480730608,0.02081409185961385,0,0,0,1.0,1.0,1.0,0.0,True,2,True,0.0020415420003701,59.7939476743771,0.9101533997216031,0,0,0.0
5,contamination-sweep,WLS,9005,0.005969804302658805,0.009924496389459312,0.014419408497787096,0,0,0,1.0,1.0,1.0,0.0,True,1,True,0.0006407920154742897,65.33259538225391,1.1804777777586706,0,0,0.0
5,contamination-sweep,DIA-reject,9005,0.005969804302658805,0.009924496389459312,0.014419408497787096,0,0,0,1.0,1.0,1.0,0.0,True,1,True,0.002153374982299283,65.33259538225391,1.1804777777586706,0,0,0.0
5,contamination-sweep,DIA-inflate,9005,0.005969804302658805,0.009924496389459312,0.014419408497787096,0,0,0,1.0,1.0,1.0,0.0,True,1,True,0.0020915000059176236,65.33259538225391,1.1804777777586706,0,0,0.0
5,contamination-sweep,Huber,9005,0.005969804302658805,0.009924496389459312,0.014419408497787096,0,0,0,1.0,1.0,1.0,0.0,True,2,True,0.0020467919821385294,65.33259538225391,1.1804777777586706,0,0,0.0
5,contamination-sweep,Hampel,9005,0.005969804302658805,0.009924496389459312,0.014419408497787096,0,0,0,1.0,1.0,1.0,0.0,True,2,True,0.001984125003218651,65.33259538225391,1.1804777777586706,0,0,0.0
6,contamination-sweep,WLS,9006,0.008062671751902752,0.012873829962838996,0.024197247870166562,0,0,0,1.0,1.0,1.0,0.0,True,1,True,0.0006427080079447478,63.38014746035129,0.6635585559795721,0,0,0.0
6,contamination-sweep,DIA-reject,9006,0.008062671751902752,0.012873829962838996,0.024197247870166562,0,0,0,1.0,1.0,1.0,0.0,True,1,True,0.002074499992886558,63.38014746035129,0.6635585559795721,0,0,0.0
6,contamination-sweep,DIA-inflate,9006,0.008062671751902752,0.012873829962838996,0.024197247870166562,0,0,0,1.0,1.0,1.0,0.0,True,1,True,0.0020788339897990227,63.38014746035129,0.6635585559795721,0,0,0.0
6,contamination-sweep,Huber,9006,0.008062671751902752,0.012873829962838996,0.024197247870166562,0,0,0,1.0,1.0,1.0,0.0,True,2,True,0.002140583994332701,63.38014746035129,0.6635585559795721,0,0,0.0
6,contamination-sweep,Hampel,9006,0.008062671751902752,0.012873829962838996,0.024197247870166562,0,0,0,1.0,1.0,1.0,0.0,True,2,True,0.002551332989241928,63.38014746035129,0.6635585559795721,0,0,0.0
7,contamination-sweep,WLS,9007,0.005360946954598288,0.008914212130431512,0.01274772720894415,0,0,0,1.0,1.0,1.0,0.0,True,1,True,0.0010710829810705036,73.4700998887889,0.8854718963793167,0,0,0.0
7,contamination-sweep,DIA-reject,9007,0.005360946954598288,0.008914212130431512,0.01274772720894415,0,0,0,1.0,1.0,1.0,0.0,True,1,True,0.00312437501270324,73.4700998887889,0.8854718963793167,0,0,0.0
7,contamination-sweep,DIA-inflate,9007,0.005360946954598288,0.008914212130431512,0.01274772720894415,0,0,0,1.0,1.0,1.0,0.0,True,1,True,0.006454916001530364,73.4700998887889,0.8854718963793167,0,0,0.0
7,contamination-sweep,Huber,9007,0.005360946954598288,0.008914212130431512,0.01274772720894415,0,0,0,1.0,1.0,1.0,0.0,True,2,True,0.00688575001549907,73.4700998887889,0.8854718963793167,0,0,0.0
7,contamination-sweep,Hampel,9007,0.005360946954598288,0.008914212130431512,0.01274772720894415,0,0,0,1.0,1.0,1.0,0.0,True,2,True,0.003797334007686004,73.4700998887889,0.8854718963793167,0,0,0.0
8,contamination-sweep,WLS,9008,0.004006943187843606,0.006736116066604126,0.008639255265589844,0,0,0,1.0,1.0,1.0,0.0,True,1,True,0.0007575839990749955,97.85345612145068,1.0716851755936108,0,0,0.0
8,contamination-sweep,DIA-reject,9008,0.004006943187843606,0.006736116066604126,0.008639255265589844,0,0,0,1.0,1.0,1.0,0.0,True,1,True,0.002572291996330023,97.85345612145068,1.0716851755936108,0,0,0.0
8,contamination-sweep,DIA-inflate,9008,0.004006943187843606,0.006736116066604126,0.008639255265589844,0,0,0,1.0,1.0,1.0,0.0,True,1,True,0.002640292019350454,97.85345612145068,1.0716851755936108,0,0,0.0
8,contamination-sweep,Huber,9008,0.003995481793969426,0.006713029715831084,0.00875365661051088,0,0,0,1.0,1.0,1.0,0.0,True,9,True,0.007933832996059209,97.90130706133874,1.0440032196375337,0,0,0.0
8,contamination-sweep,Hampel,9008,0.003995481793969426,0.006713029715831084,0.00875365661051088,0,0,0,1.0,1.0,1.0,0.0,True,9,True,0.01159483299124986,97.90130706133874,1.0440032196375337,0,0,0.0
9,contamination-sweep,WLS,9009,0.0042078899886606805,0.006794798866861124,0.012179332982391478,0,0,0,1.0,1.0,1.0,0.0,True,1,True,0.0007127499848138541,65.42952130360891,1.2428951630835567,0,0,0.0
9,contamination-sweep,DIA-reject,9009,0.0042078899886606805,0.006794798866861124,0.012179332982391478,0,0,0,1.0,1.0,1.0,0.0,True,1,True,0.002975416020490229,65.42952130360891,1.2428951630835567,0,0,0.0
9,contamination-sweep,DIA-inflate,9009,0.0042078899886606805,0.006794798866861124,0.012179332982391478,0,0,0,1.0,1.0,1.0,0.0,True,1,True,0.004934417025651783,65.42952130360891,1.2428951630835567,0,0,0.0
9,contamination-sweep,Huber,9009,0.0042078899886606805,0.006794798866861124,0.012179332982391478,0,0,0,1.0,1.0,1.0,0.0,True,2,True,0.0029091670003253967,65.42952130360891,1.2428951630835567,0,0,0.0
9,contamination-sweep,Hampel,9009,0.0042078899886606805,0.006794798866861124,0.012179332982391478,0,0,0,1.0,1.0,1.0,0.0,True,2,True,0.004411166999489069,65.42952130360891,1.2428951630835567,0,0,0.0
10,contamination-sweep,WLS,9010,0.005955357420853988,0.009605926275731482,0.013626518892419451,0,0,0,1.0,1.0,1.0,0.0,True,1,True,0.00172583301900886,58.168327464759486,0.9755230576172764,0,0,0.0
10,contamination-sweep,DIA-reject,9010,0.005955357420853988,0.009605926275731482,0.013626518892419451,0,0,0,1.0,1.0,1.0,0.0,True,1,True,0.005686999997124076,58.168327464759486,0.9755230576172764,0,0,0.0
10,contamination-sweep,DIA-inflate,9010,0.005955357420853988,0.009605926275731482,0.013626518892419451,0,0,0,1.0,1.0,1.0,0.0,True,1,True,0.004644750006264076,58.168327464759486,0.9755230576172764,0,0,0.0
10,contamination-sweep,Huber,9010,0.005955357420853988,0.009605926275731482,0.013626518892419451,0,0,0,1.0,1.0,1.0,0.0,True,2,True,0.0037467500078491867,58.168327464759486,0.9755230576172764,0,0,0.0
10,contamination-sweep,Hampel,9010,0.005955357420853988,0.009605926275731482,0.013626518892419451,0,0,0,1.0,1.0,1.0,0.0,True,2,True,0.007853791990783066,58.168327464759486,0.9755230576172764,0,0,0.0
11,contamination-sweep,WLS,9011,0.008695888325020803,0.014400945588931364,0.0203130954526979,0,0,0,1.0,1.0,1.0,0.0,True,1,True,0.001021790987579152,54.0779085477795,0.5573920455812493,0,0,0.0
11,contamination-sweep,DIA-reject,9011,0.008695888325020803,0.014400945588931364,0.0203130954526979,0,0,0,1.0,1.0,1.0,0.0,True,1,True,0.00636554099037312,54.0779085477795,0.5573920455812493,0,0,0.0
11,contamination-sweep,DIA-inflate,9011,0.008695888325020803,0.014400945588931364,0.0203130954526979,0,0,0,1.0,1.0,1.0,0.0,True,1,True,0.003857165982481092,54.0779085477795,0.5573920455812493,0,0,0.0
11,contamination-sweep,Huber,9011,0.008695888325020803,0.014400945588931364,0.0203130954526979,0,0,0,1.0,1.0,1.0,0.0,True,2,True,0.0034305409935768694,54.0779085477795,0.5573920455812493,0,0,0.0
11,contamination-sweep,Hampel,9011,0.008695888325020803,0.014400945588931364,0.0203130954526979,0,0,0,1.0,1.0,1.0,0.0,True,2,True,0.005864874983672053,54.0779085477795,0.5573920455812493,0,0,0.0
12,contamination-sweep,WLS,9012,0.009153576135722064,0.01487690353674942,0.025555157964996227,0,0,0,1.0,1.0,1.0,0.0,True,1,True,0.0012488329957704991,57.43467668327041,1.3764256468157976,0,0,0.0
12,contamination-sweep,DIA-reject,9012,0.009153576135722064,0.01487690353674942,0.025555157964996227,0,0,0,1.0,1.0,1.0,0.0,True,1,True,0.0023967080051079392,57.43467668327041,1.3764256468157976,0,0,0.0
12,contamination-sweep,DIA-inflate,9012,0.009153576135722064,0.01487690353674942,0.025555157964996227,0,0,0,1.0,1.0,1.0,0.0,True,1,True,0.002842458983650431,57.43467668327041,1.3764256468157976,0,0,0.0
12,contamination-sweep,Huber,9012,0.009046032300622583,0.014775187845369766,0.025438436792606538,0,0,0,1.0,1.0,1.0,0.0,True,8,True,0.007136833999538794,57.461722714346735,1.3113723175050382,0,0,0.0
12,contamination-sweep,Hampel,9012,0.009046032300622583,0.014775187845369766,0.025438436792606538,0,0,0,1.0,1.0,1.0,0.0,True,8,True,0.005887999985134229,57.461722714346735,1.3113723175050382,0,0,0.0
13,contamination-sweep,WLS,9013,0.007202883996851004,0.010934537583935833,0.021819329087622484,0,0,0,1.0,1.0,1.0,0.0,True,1,True,0.000659791985526681,80.32445086623295,0.6323799609466382,0,0,0.0
13,contamination-sweep,DIA-reject,9013,0.007202883996851004,0.010934537583935833,0.021819329087622484,0,0,0,1.0,1.0,1.0,0.0,True,1,True,0.0022545419924426824,80.32445086623295,0.6323799609466382,0,0,0.0
13,contamination-sweep,DIA-inflate,9013,0.007202883996851004,0.010934537583935833,0.021819329087622484,0,0,0,1.0,1.0,1.0,0.0,True,1,True,0.003249417000915855,80.32445086623295,0.6323799609466382,0,0,0.0
13,contamination-sweep,Huber,9013,0.007202883996851004,0.010934537583935833,0.021819329087622484,0,0,0,1.0,1.0,1.0,0.0,True,2,True,0.0020112089987378567,80.32445086623295,0.6323799609466382,0,0,0.0
13,contamination-sweep,Hampel,9013,0.007202883996851004,0.010934537583935833,0.021819329087622484,0,0,0,1.0,1.0,1.0,0.0,True,2,True,0.0019633749907370657,80.32445086623295,0.6323799609466382,0,0,0.0
14,contamination-sweep,WLS,9014,0.007161033708182535,0.011683252289006935,0.01840243406194497,0,0,0,1.0,1.0,1.0,0.0,True,1,True,0.0006410829955711961,69.77743502903611,1.091783177064397,0,0,0.0
14,contamination-sweep,DIA-reject,9014,0.007161033708182535,0.011683252289006935,0.01840243406194497,0,0,0,1.0,1.0,1.0,0.0,True,1,True,0.0028603750106412917,69.77743502903611,1.091783177064397,0,0,0.0
14,contamination-sweep,DIA-inflate,9014,0.007161033708182535,0.011683252289006935,0.01840243406194497,0,0,0,1.0,1.0,1.0,0.0,True,1,True,0.002072208997560665,69.77743502903611,1.091783177064397,0,0,0.0
14,contamination-sweep,Huber,9014,0.007161033708182535,0.011683252289006935,0.01840243406194497,0,0,0,1.0,1.0,1.0,0.0,True,2,True,0.001958082983037457,69.77743502903611,1.091783177064397,0,0,0.0
14,contamination-sweep,Hampel,9014,0.007161033708182535,0.011683252289006935,0.01840243406194497,0,0,0,1.0,1.0,1.0,0.0,True,2,True,0.001969917007954791,69.77743502903611,1.091783177064397,0,0,0.0
15,contamination-sweep,WLS,9015,0.011021994459542734,0.01851382808149294,0.025140552644179893,0,0,0,1.0,1.0,1.0,0.0,True,1,True,0.0009331250039394945,564.5805414779927,1.1104332176099492,0,0,0.0
15,contamination-sweep,DIA-reject,9015,0.011021994459542734,0.01851382808149294,0.025140552644179893,0,0,0,1.0,1.0,1.0,0.0,True,1,True,0.002178041002480313,564.5805414779927,1.1104332176099492,0,0,0.0
15,contamination-sweep,DIA-inflate,9015,0.011021994459542734,0.01851382808149294,0.025140552644179893,0,0,0,1.0,1.0,1.0,0.0,True,1,True,0.0020564160076901317,564.5805414779927,1.1104332176099492,0,0,0.0
15,contamination-sweep,Huber,9015,0.011021994459542734,0.01851382808149294,0.025140552644179893,0,0,0,1.0,1.0,1.0,0.0,True,2,True,0.0019489999976940453,564.5805414779927,1.1104332176099492,0,0,0.0
15,contamination-sweep,Hampel,9015,0.011021994459542734,0.01851382808149294,0.025140552644179893,0,0,0,1.0,1.0,1.0,0.0,True,2,True,0.002652124996529892,564.5805414779927,1.1104332176099492,0,0,0.0
16,contamination-sweep,WLS,9016,0.007607831130883034,0.01184045339623213,0.02286034613422052,0,0,0,1.0,1.0,1.0,0.0,True,1,True,0.0006613330042455345,73.61373523598202,1.2104709052631226,0,0,0.0
16,contamination-sweep,DIA-reject,9016,0.007607831130883034,0.01184045339623213,0.02286034613422052,0,0,0,1.0,1.0,1.0,0.0,True,1,True,0.0023531659971922636,73.61373523598202,1.2104709052631226,0,0,0.0
16,contamination-sweep,DIA-inflate,9016,0.007607831130883034,0.01184045339623213,0.02286034613422052,0,0,0,1.0,1.0,1.0,0.0,True,1,True,0.002524707990232855,73.61373523598202,1.2104709052631226,0,0,0.0
16,contamination-sweep,Huber,9016,0.007607831130883034,0.01184045339623213,0.02286034613422052,0,0,0,1.0,1.0,1.0,0.0,True,2,True,0.0037384159804787487,73.61373523598202,1.2104709052631226,0,0,0.0
16,contamination-sweep,Hampel,9016,0.007607831130883034,0.01184045339623213,0.02286034613422052,0,0,0,1.0,1.0,1.0,0.0,True,2,True,0.0020287089864723384,73.61373523598202,1.2104709052631226,0,0,0.0
17,contamination-sweep,WLS,9017,0.004015868450588582,0.006620992872447567,0.009303517773006045,0,0,0,1.0,1.0,1.0,0.0,True,1,True,0.0006320830143522471,34.60131249849763,1.144470296310802,0,0,0.0
17,contamination-sweep,DIA-reject,9017,0.004015868450588582,0.006620992872447567,0.009303517773006045,0,0,0,1.0,1.0,1.0,0.0,True,1,True,0.002416917006485164,34.60131249849763,1.144470296310802,0,0,0.0
17,contamination-sweep,DIA-inflate,9017,0.004015868450588582,0.006620992872447567,0.009303517773006045,0,0,0,1.0,1.0,1.0,0.0,True,1,True,0.0037175000179558992,34.60131249849763,1.144470296310802,0,0,0.0
17,contamination-sweep,Huber,9017,0.004015868450588582,0.006620992872447567,0.009303517773006045,0,0,0,1.0,1.0,1.0,0.0,True,2,True,0.0026647920021787286,34.60131249849763,1.144470296310802,0,0,0.0
17,contamination-sweep,Hampel,9017,0.004015868450588582,0.006620992872447567,0.009303517773006045,0,0,0,1.0,1.0,1.0,0.0,True,2,True,0.003926832985598594,34.60131249849763,1.144470296310802,0,0,0.0
18,contamination-sweep,WLS,9018,0.009172491650911573,0.015614908676439042,0.01989586785086009,0,0,0,1.0,1.0,1.0,0.0,True,1,True,0.0006592090066988021,151.78860235849444,1.0001637989700758,0,0,0.0
18,contamination-sweep,DIA-reject,9018,0.009172491650911573,0.015614908676439042,0.01989586785086009,0,0,0,1.0,1.0,1.0,0.0,True,1,True,0.002139167016139254,151.78860235849444,1.0001637989700758,0,0,0.0
18,contamination-sweep,DIA-inflate,9018,0.009172491650911573,0.015614908676439042,0.01989586785086009,0,0,0,1.0,1.0,1.0,0.0,True,1,True,0.0024082920281216502,151.78860235849444,1.0001637989700758,0,0,0.0
18,contamination-sweep,Huber,9018,0.009172491650911573,0.015614908676439042,0.01989586785086009,0,0,0,1.0,1.0,1.0,0.0,True,2,True,0.002911374991526827,151.78860235849444,1.0001637989700758,0,0,0.0
18,contamination-sweep,Hampel,9018,0.009172491650911573,0.015614908676439042,0.01989586785086009,0,0,0,1.0,1.0,1.0,0.0,True,2,True,0.0022386659984476864,151.78860235849444,1.0001637989700758,0,0,0.0
19,contamination-sweep,WLS,9019,0.004933656645577188,0.007939063678884611,0.012814945137801629,0,0,0,1.0,1.0,1.0,0.0,True,1,True,0.0006559999892488122,122.69143714687776,1.4452393721989958,0,0,0.0
19,contamination-sweep,DIA-reject,9019,0.004933656645577188,0.007939063678884611,0.012814945137801629,0,0,0,1.0,1.0,1.0,0.0,True,1,True,0.002899874991271645,122.69143714687776,1.4452393721989958,0,0,0.0
19,contamination-sweep,DIA-inflate,9019,0.004933656645577188,0.007939063678884611,0.012814945137801629,0,0,0,1.0,1.0,1.0,0.0,True,1,True,0.002195959008531645,122.69143714687776,1.4452393721989958,0,0,0.0
19,contamination-sweep,Huber,9019,0.004933656645577188,0.007939063678884611,0.012814945137801629,0,0,0,1.0,1.0,1.0,0.0,True,2,True,0.0019810409867204726,122.69143714687776,1.4452393721989958,0,0,0.0
19,contamination-sweep,Hampel,9019,0.004933656645577188,0.007939063678884611,0.012814945137801629,0,0,0,1.0,1.0,1.0,0.0,True,2,True,0.00198545801686123,122.69143714687776,1.4452393721989958,0,0,0.0
20,contamination-sweep,WLS,9020,0.007006404861919843,0.011610188312759048,0.017044208364563194,0,0,0,1.0,1.0,1.0,0.0,True,1,True,0.0009017499978654087,83.44865444852825,0.9863098527649424,0,0,0.0
20,contamination-sweep,DIA-reject,9020,0.007006404861919843,0.011610188312759048,0.017044208364563194,0,0,0,1.0,1.0,1.0,0.0,True,1,True,0.0022354579996317625,83.44865444852825,0.9863098527649424,0,0,0.0
20,contamination-sweep,DIA-inflate,9020,0.007006404861919843,0.011610188312759048,0.017044208364563194,0,0,0,1.0,1.0,1.0,0.0,True,1,True,0.0020634999964386225,83.44865444852825,0.9863098527649424,0,0,0.0
20,contamination-sweep,Huber,9020,0.007006404861919843,0.011610188312759048,0.017044208364563194,0,0,0,1.0,1.0,1.0,0.0,True,2,True,0.001965500006917864,83.44865444852825,0.9863098527649424,0,0,0.0
20,contamination-sweep,Hampel,9020,0.007006404861919843,0.011610188312759048,0.017044208364563194,0,0,0,1.0,1.0,1.0,0.0,True,2,True,0.002471416984917596,83.44865444852825,0.9863098527649424,0,0,0.0
21,contamination-sweep,WLS,9021,0.017149490675378822,0.028566714953528177,0.03950739554234111,0,0,0,1.0,1.0,1.0,0.0,True,1,True,0.0006526659999508411,139.4951624904641,0.8595578232331716,0,0,0.0
21,contamination-sweep,DIA-reject,9021,0.017149490675378822,0.028566714953528177,0.03950739554234111,0,0,0,1.0,1.0,1.0,0.0,True,1,True,0.0020899590163026005,139.4951624904641,0.8595578232331716,0,0,0.0
21,contamination-sweep,DIA-inflate,9021,0.017149490675378822,0.028566714953528177,0.03950739554234111,0,0,0,1.0,1.0,1.0,0.0,True,1,True,0.002072167000733316,139.4951624904641,0.8595578232331716,0,0,0.0
21,contamination-sweep,Huber,9021,0.017149490675378822,0.028566714953528177,0.03950739554234111,0,0,0,1.0,1.0,1.0,0.0,True,2,True,0.00250920801772736,139.4951624904641,0.8595578232331716,0,0,0.0
21,contamination-sweep,Hampel,9021,0.017149490675378822,0.028566714953528177,0.03950739554234111,0,0,0,1.0,1.0,1.0,0.0,True,2,True,0.0020191670046187937,139.4951624904641,0.8595578232331716,0,0,0.0
22,contamination-sweep,WLS,9022,0.006667694897064167,0.011118925590197951,0.01547549696167411,0,0,0,1.0,1.0,1.0,0.0,True,1,True,0.0006344169960357249,48.21269270985139,0.6160268105843321,0,0,0.0
22,contamination-sweep,DIA-reject,9022,0.006667694897064167,0.011118925590197951,0.01547549696167411,0,0,0,1.0,1.0,1.0,0.0,True,1,True,0.0021360829996410757,48.21269270985139,0.6160268105843321,0,0,0.0
22,contamination-sweep,DIA-inflate,9022,0.006667694897064167,0.011118925590197951,0.01547549696167411,0,0,0,1.0,1.0,1.0,0.0,True,1,True,0.002598958002636209,48.21269270985139,0.6160268105843321,0,0,0.0
22,contamination-sweep,Huber,9022,0.006667694897064167,0.011118925590197951,0.01547549696167411,0,0,0,1.0,1.0,1.0,0.0,True,2,True,0.0020400420180521905,48.21269270985139,0.6160268105843321,0,0,0.0
22,contamination-sweep,Hampel,9022,0.006667694897064167,0.011118925590197951,0.01547549696167411,0,0,0,1.0,1.0,1.0,0.0,True,2,True,0.0019387080101296306,48.21269270985139,0.6160268105843321,0,0,0.0
23,contamination-sweep,WLS,9023,0.009508377120667154,0.015945228351437718,0.0225772283860452,0,0,0,1.0,1.0,1.0,0.0,True,1,True,0.0006341249973047525,61.91077361824604,1.155925829838205,0,0,0.0
23,contamination-sweep,DIA-reject,9023,0.009508377120667154,0.015945228351437718,0.0225772283860452,0,0,0,1.0,1.0,1.0,0.0,True,1,True,0.0023272079997695982,61.91077361824604,1.155925829838205,0,0,0.0
23,contamination-sweep,DIA-inflate,9023,0.009508377120667154,0.015945228351437718,0.0225772283860452,0,0,0,1.0,1.0,1.0,0.0,True,1,True,0.002517042012186721,61.91077361824604,1.155925829838205,0,0,0.0
23,contamination-sweep,Huber,9023,0.00945259360196253,0.01588517554131641,0.022255928643281114,0,0,0,1.0,1.0,1.0,0.0,True,8,True,0.005413625010987744,63.00087386169867,1.1012196374795666,0,0,0.0
23,contamination-sweep,Hampel,9023,0.00945259360196253,0.01588517554131641,0.022255928643281114,0,0,0,1.0,1.0,1.0,0.0,True,8,True,0.006113625015132129,63.00087386169867,1.1012196374795666,0,0,0.0
24,contamination-sweep,WLS,9024,0.004487274597973811,0.0074355167398936816,0.009920120687215008,0,0,0,1.0,1.0,1.0,0.0,True,1,True,0.0006601659988518804,156.77326890353666,1.2784562333537897,0,0,0.0
24,contamination-sweep,DIA-reject,9024,0.004487274597973811,0.0074355167398936816,0.009920120687215008,0,0,0,1.0,1.0,1.0,0.0,True,1,True,0.002702375000808388,156.77326890353666,1.2784562333537897,0,0,0.0
24,contamination-sweep,DIA-inflate,9024,0.004487274597973811,0.0074355167398936816,0.009920120687215008,0,0,0,1.0,1.0,1.0,0.0,True,1,True,0.0021421250130515546,156.77326890353666,1.2784562333537897,0,0,0.0
24,contamination-sweep,Huber,9024,0.004487274597973811,0.0074355167398936816,0.009920120687215008,0,0,0,1.0,1.0,1.0,0.0,True,2,True,0.001967959018656984,156.77326890353666,1.2784562333537897,0,0,0.0
24,contamination-sweep,Hampel,9024,0.004487274597973811,0.0074355167398936816,0.009920120687215008,0,0,0,1.0,1.0,1.0,0.0,True,2,True,0.0019634580239653587,156.77326890353666,1.2784562333537897,0,0,0.0
25,contamination-sweep,WLS,9025,0.008088874195836107,0.012628209365613059,0.020216130966508174,0,0,0,1.0,1.0,1.0,0.0,True,1,True,0.0009618749900255352,53.44951674782297,0.821314341050461,0,0,0.0
25,contamination-sweep,DIA-reject,9025,0.008088874195836107,0.012628209365613059,0.020216130966508174,0,0,0,1.0,1.0,1.0,0.0,True,1,True,0.002266333991428837,53.44951674782297,0.821314341050461,0,0,0.0
25,contamination-sweep,DIA-inflate,9025,0.008088874195836107,0.012628209365613059,0.020216130966508174,0,0,0,1.0,1.0,1.0,0.0,True,1,True,0.0020657920103985816,53.44951674782297,0.821314341050461,0,0,0.0
25,contamination-sweep,Huber,9025,0.008088874195836107,0.012628209365613059,0.020216130966508174,0,0,0,1.0,1.0,1.0,0.0,True,2,True,0.002036292018601671,53.44951674782297,0.821314341050461,0,0,0.0
25,contamination-sweep,Hampel,9025,0.008088874195836107,0.012628209365613059,0.020216130966508174,0,0,0,1.0,1.0,1.0,0.0,True,2,True,0.002436416019918397,53.44951674782297,0.821314341050461,0,0,0.0
26,contamination-sweep,WLS,9026,0.010070808936441387,0.012597367860867644,0.041304185992048645,0,0,0,1.0,1.0,1.0,0.0,True,1,True,0.0006907919887453318,111.26750081690467,1.1655447036236366,0,0,0.0
26,contamination-sweep,DIA-reject,9026,0.010070808936441387,0.012597367860867644,0.041304185992048645,0,0,0,1.0,1.0,1.0,0.0,True,1,True,0.0020904999983031303,111.26750081690467,1.1655447036236366,0,0,0.0
26,contamination-sweep,DIA-inflate,9026,0.010070808936441387,0.012597367860867644,0.041304185992048645,0,0,0,1.0,1.0,1.0,0.0,True,1,True,0.002057583973510191,111.26750081690467,1.1655447036236366,0,0,0.0
26,contamination-sweep,Huber,9026,0.010070808936441387,0.012597367860867644,0.041304185992048645,0,0,0,1.0,1.0,1.0,0.0,True,2,True,0.002467209007591009,111.26750081690467,1.1655447036236366,0,0,0.0
26,contamination-sweep,Hampel,9026,0.010070808936441387,0.012597367860867644,0.041304185992048645,0,0,0,1.0,1.0,1.0,0.0,True,2,True,0.0020487910078372806,111.26750081690467,1.1655447036236366,0,0,0.0
27,contamination-sweep,WLS,9027,0.005525384975700135,0.008532926973796586,0.01724426899676616,0,0,0,1.0,1.0,1.0,0.0,True,1,True,0.000631584000075236,67.24779524351752,0.5672113779110031,0,0,0.0
27,contamination-sweep,DIA-reject,9027,0.005525384975700135,0.008532926973796586,0.01724426899676616,0,0,0,1.0,1.0,1.0,0.0,True,1,True,0.0020852079906035215,67.24779524351752,0.5672113779110031,0,0,0.0
27,contamination-sweep,DIA-inflate,9027,0.005525384975700135,0.008532926973796586,0.01724426899676616,0,0,0,1.0,1.0,1.0,0.0,True,1,True,0.0022527909895870835,67.24779524351752,0.5672113779110031,0,0,0.0
27,contamination-sweep,Huber,9027,0.005525384975700135,0.008532926973796586,0.01724426899676616,0,0,0,1.0,1.0,1.0,0.0,True,2,True,0.0025694580108392984,67.24779524351752,0.5672113779110031,0,0,0.0
27,contamination-sweep,Hampel,9027,0.005525384975700135,0.008532926973796586,0.01724426899676616,0,0,0,1.0,1.0,1.0,0.0,True,2,True,0.0020658329885918647,67.24779524351752,0.5672113779110031,0,0,0.0
28,contamination-sweep,WLS,9028,0.004207228638480062,0.006890396428314379,0.010137192547280295,0,0,0,1.0,1.0,1.0,0.0,True,1,True,0.0006899170111864805,36.256783960086025,1.163594791012633,0,0,0.0
28,contamination-sweep,DIA-reject,9028,0.004207228638480062,0.006890396428314379,0.010137192547280295,0,0,0,1.0,1.0,1.0,0.0,True,1,True,0.0022841659956611693,36.256783960086025,1.163594791012633,0,0,0.0
28,contamination-sweep,DIA-inflate,9028,0.004207228638480062,0.006890396428314379,0.010137192547280295,0,0,0,1.0,1.0,1.0,0.0,True,1,True,0.002631707990076393,36.256783960086025,1.163594791012633,0,0,0.0
28,contamination-sweep,Huber,9028,0.004207228638480062,0.006890396428314379,0.010137192547280295,0,0,0,1.0,1.0,1.0,0.0,True,2,True,0.0019902500207535923,36.256783960086025,1.163594791012633,0,0,0.0
28,contamination-sweep,Hampel,9028,0.004207228638480062,0.006890396428314379,0.010137192547280295,0,0,0,1.0,1.0,1.0,0.0,True,2,True,0.0019699580152519047,36.256783960086025,1.163594791012633,0,0,0.0
29,contamination-sweep,WLS,9029,0.0073868877795148745,0.012276817440639487,0.01820772373578253,0,0,0,1.0,1.0,1.0,0.0,True,1,True,0.000637040997389704,59.26785410557768,1.0204842347495544,0,0,0.0
29,contamination-sweep,DIA-reject,9029,0.0073868877795148745,0.012276817440639487,0.01820772373578253,0,0,0,1.0,1.0,1.0,0.0,True,1,True,0.0026159580156672746,59.26785410557768,1.0204842347495544,0,0,0.0
29,contamination-sweep,DIA-inflate,9029,0.0073868877795148745,0.012276817440639487,0.01820772373578253,0,0,0,1.0,1.0,1.0,0.0,True,1,True,0.0021127080253791064,59.26785410557768,1.0204842347495544,0,0,0.0
29,contamination-sweep,Huber,9029,0.0073868877795148745,0.012276817440639487,0.01820772373578253,0,0,0,1.0,1.0,1.0,0.0,True,2,True,0.0019315000099595636,59.26785410557768,1.0204842347495544,0,0,0.0
29,contamination-sweep,Hampel,9029,0.0073868877795148745,0.012276817440639487,0.01820772373578253,0,0,0,1.0,1.0,1.0,0.0,True,2,True,0.0019666669832076877,59.26785410557768,1.0204842347495544,0,0,0.0
0,contamination-sweep,WLS,9000,0.012551778214185953,0.01812639548062307,0.04528198192156778,0,0,1,0.0,0.0,0.0,0.0,False,1,True,0.0008154999813996255,117.98763336473819,15.260265545782149,0,1,0.05
0,contamination-sweep,DIA-reject,9000,0.006166524509818878,0.01046582673113847,0.013398242206676238,1,0,0,1.0,1.0,1.0,0.0,True,2,True,0.0035841249919030815,116.44965402664964,1.281494668716193,1,1,0.05
0,contamination-sweep,DIA-inflate,9000,0.006175215653410679,0.010484141119986282,0.013384510249455276,1,0,0,1.0,1.0,1.0,0.0,True,2,True,0.004248167009791359,116.44783516227322,1.3516124742712705,1,1,0.05
0,contamination-sweep,Huber,9000,0.006771774918189945,0.011401540473784817,0.015827291607798895,1,0,0,1.0,1.0,1.0,0.0,True,17,True,0.011946541984798387,114.85151371823136,3.3586516274924434,1,1,0.05
0,contamination-sweep,Hampel,9000,0.00616652451129734,0.010465826733545052,0.013398242210174055,1,0,0,1.0,1.0,1.0,0.0,True,5,True,0.004886541981250048,116.44965402664964,1.1391063721950474,1,1,0.05
1,contamination-sweep,WLS,9001,0.026138856149156755,0.0426823763548413,0.07430653718849409,0,0,1,0.0,0.0,0.0,0.0,False,1,True,0.0006996669981162995,63.92460639059379,9.07366617548716,0,1,0.05
1,contamination-sweep,DIA-reject,9001,0.010815004478774514,0.017912843606088056,0.026467263306610322,1,0,0,1.0,1.0,1.0,0.0,True,2,True,0.003602250013500452,86.79255635045136,0.9030860725109348,1,1,0.05
1,contamination-sweep,DIA-inflate,9001,0.01091103482053547,0.018074259731320614,0.026557315128340975,1,0,0,1.0,1.0,1.0,0.0,True,2,True,0.00468216699664481,86.34917380735453,0.936803992048378,1,1,0.05
1,contamination-sweep,Huber,9001,0.012971131614649268,0.021508528538367013,0.028455205392120566,1,0,0,1.0,1.0,1.0,0.0,True,8,True,0.006773083005100489,80.93403206705067,2.6386920948997195,1,1,0.05
1,contamination-sweep,Hampel,9001,0.01081500447925432,0.017912843606872585,0.026467263307287114,1,0,0,1.0,1.0,1.0,0.0,True,4,True,0.0034421670134179294,86.79255635045136,0.8027431755535203,1,1,0.05
2,contamination-sweep,WLS,9002,0.021077998240060764,0.028074033395812943,0.07670047788862025,0,0,1,0.0,0.0,0.0,0.0,False,1,True,0.0006797090172767639,76.53335962877759,19.899111889904404,0,1,0.05
2,contamination-sweep,DIA-reject,9002,0.007805471117403718,0.01248327454234756,0.021726778776238263,1,0,0,1.0,1.0,1.0,0.0,True,2,False,0.004686540982220322,78.14450520985928,1.65910093447633,1,1,0.05
2,contamination-sweep,DIA-inflate,9002,0.007825723803956797,0.012540734061157776,0.02164607167551214,1,0,0,1.0,1.0,1.0,0.0,True,2,False,0.0036178329901304096,78.11103866087974,1.8408807059937429,1,1,0.05
2,contamination-sweep,Huber,9002,0.008534801791550604,0.013629585657291,0.024166263282790004,1,0,0,1.0,1.0,1.0,0.0,True,13,True,0.008914333011489362,77.75919712695902,4.508640909002922,1,1,0.05
2,contamination-sweep,Hampel,9002,0.0078076601144114206,0.012466367459317054,0.021744661958652014,1,0,0,1.0,1.0,1.0,0.0,True,10,True,0.007590916007757187,77.9467805156301,1.4610994992289479,1,1,0.05
3,contamination-sweep,WLS,9003,0.08945651957797045,0.15453657900857753,0.17736483756619892,0,0,1,0.0,0.0,0.0,0.0,False,1,True,0.0006392500072252005,204.50689902419907,8.74833079564962,0,1,0.05
3,contamination-sweep,DIA-reject,9003,0.13189554728705052,0.22843602654794062,0.23246916862887076,0,1,1,0.0,0.0,0.0,0.06666666666666667,False,2,True,0.004360041988547891,403.84489850789214,1.0770161973595576,1,1,0.05
3,contamination-sweep,DIA-inflate,9003,0.1311352717453934,0.22711787039661455,0.2314779370391026,0,1,1,0.0,0.0,0.0,0.06666666666666667,False,2,True,0.0035637499822769314,398.50032065021543,1.1067824778312656,1,1,0.05
3,contamination-sweep,Huber,9003,0.12200131446775575,0.21127036659655668,0.21960309177827392,0,1,1,0.0,0.0,0.0,0.06666666666666667,False,13,True,0.009092541004065424,340.443450911299,2.895650668025576,1,1,0.05
3,contamination-sweep,Hampel,9003,0.13189554729052028,0.2284360265539605,0.23246916863295322,0,1,1,0.0,0.0,0.0,0.06666666666666667,False,4,True,0.0037008329818490893,403.84489850789214,0.9573477310133948,1,1,0.05
4,contamination-sweep,WLS,9004,0.014514154086692741,0.021826079229930538,0.04938253239225988,0,0,1,0.0,0.0,0.0,0.0,False,1,True,0.000638083991361782,62.68302741035078,16.925102997973053,0,1,0.05
4,contamination-sweep,DIA-reject,9004,0.009528601590665252,0.01447213010340513,0.029458631601206955,1,0,0,1.0,1.0,1.0,0.0,True,2,True,0.003493875003186986,64.16120355206363,0.9340657663329304,1,1,0.05
4,contamination-sweep,DIA-inflate,9004,0.009495086849710696,0.01441189413946708,0.02938488438620683,1,0,0,1.0,1.0,1.0,0.0,True,2,True,0.0038973750197328627,64.12710609299441,1.051740800242835,1,1,0.05
4,contamination-sweep,Huber,9004,0.009340960543203094,0.014096285368544343,0.02930983936166946,1,0,0,1.0,1.0,1.0,0.0,True,7,True,0.004839125002035871,63.81664311656966,3.1876268604506555,1,1,0.05
4,contamination-sweep,Hampel,9004,0.009528601590924354,0.014472130103711128,0.029458631602198103,1,0,0,1.0,1.0,1.0,0.0,True,4,True,0.0035756250144913793,64.16120355206363,0.8302806811877701,1,1,0.05
5,contamination-sweep,WLS,9005,0.013623533544583495,0.020160123917521137,0.04108961819142333,0,0,1,0.0,0.0,0.0,0.0,False,1,True,0.000628374982625246,82.81836663957344,17.359160094464755,0,1,0.05
5,contamination-sweep,DIA-reject,9005,0.006159887007632175,0.010492321178728442,0.01290719954270555,1,0,0,1.0,1.0,1.0,0.0,True,2,True,0.0034903330088127404,79.24623808429223,1.2344054520457395,1,1,0.05
5,contamination-sweep,DIA-inflate,9005,0.006181629944528121,0.01055527254376224,0.012805739783703658,1,0,0,1.0,1.0,1.0,0.0,True,2,True,0.0040267919830512255,79.27177484546685,1.3266487943807783,1,1,0.05
5,contamination-sweep,Huber,9005,0.006591060532045174,0.01133964684286567,0.013380477666962832,1,0,0,1.0,1.0,1.0,0.0,True,6,True,0.00428437499795109,79.53420960350094,3.496953683666996,1,1,0.05
5,contamination-sweep,Hampel,9005,0.006159887007632175,0.010492321178728442,0.01290719954270555,1,0,0,1.0,1.0,1.0,0.0,True,4,True,0.0035016670008189976,79.24623808429223,1.0972492907073241,1,1,0.05
6,contamination-sweep,WLS,9006,0.01356159452485782,0.01899866215737559,0.0497867402208079,0,0,1,0.0,0.0,0.0,0.0,False,1,True,0.0006337919912766665,65.52919320363257,16.319329824862432,0,1,0.05
6,contamination-sweep,DIA-reject,9006,0.005744957764182607,0.009065620776023287,0.016354570745315416,1,0,0,1.0,1.0,1.0,0.0,True,2,True,0.0034457500150892884,66.00276017582259,1.2551198134343757,1,1,0.05
6,contamination-sweep,DIA-inflate,9006,0.005725861033263898,0.00902219598280704,0.01635489805014443,1,0,0,1.0,1.0,1.0,0.0,True,2,True,0.003924624994397163,65.98072990426763,1.3808722704423841,1,1,0.05
6,contamination-sweep,Huber,9006,0.005989038773561156,0.009425414713297034,0.016351879431573523,1,0,0,1.0,1.0,1.0,0.0,True,10,True,0.006921416992554441,65.80646622034737,3.699870911341761,1,1,0.05
6,contamination-sweep,Hampel,9006,0.005744957764126262,0.009065620776072422,0.01635457074449327,1,0,0,1.0,1.0,1.0,0.0,True,4,True,0.0031796660041436553,66.00276017582259,1.1156620563925015,1,1,0.05
7,contamination-sweep,WLS,9007,0.013592275450799092,0.02087604075138854,0.0376455331877942,0,0,1,0.0,0.0,0.0,0.0,False,1,True,0.0006398750119842589,76.99561598754586,12.753482730931923,0,1,0.05
7,contamination-sweep,DIA-reject,9007,0.006281656240441809,0.010424659566786868,0.016703726842348297,1,0,0,1.0,1.0,1.0,0.0,True,2,True,0.003875750000588596,75.88431908568732,0.9846744419689841,1,1,0.05
7,contamination-sweep,DIA-inflate,9007,0.006314508287166141,0.010460293748108052,0.016931287381040296,1,0,0,1.0,1.0,1.0,0.0,True,2,True,0.003720542008522898,75.85959953980196,1.097795412301706,1,1,0.05
7,contamination-sweep,Huber,9007,0.006937201068843724,0.011393934729417724,0.019649131355627462,1,0,0,1.0,1.0,1.0,0.0,True,8,True,0.005813625000882894,75.65304978790606,3.244234265678954,1,1,0.05
7,contamination-sweep,Hampel,9007,0.0062816562399130365,0.010424659566029006,0.016703726840743505,1,0,0,1.0,1.0,1.0,0.0,True,4,True,0.003242542006773874,75.88431908568732,0.875266170646231,1,1,0.05
8,contamination-sweep,WLS,9008,0.017284343470257302,0.02481561006813645,0.05381749852520666,0,0,1,0.0,0.0,0.0,0.0,False,1,True,0.0006354170036502182,97.89990301541084,16.337206301842585,0,1,0.05
8,contamination-sweep,DIA-reject,9008,0.0039132145274881226,0.006207928781116278,0.009427548012144689,1,0,0,1.0,1.0,1.0,0.0,True,2,True,0.003813124989392236,93.04616095333144,1.188515076646616,1,1,0.05
8,contamination-sweep,DIA-inflate,9008,0.004034339712271685,0.006318303113484899,0.009957508371077759,1,0,0,1.0,1.0,1.0,0.0,True,2,True,0.0036874169891234487,93.0760767611421,1.3303681385961523,1,1,0.05
8,contamination-sweep,Huber,9008,0.005582760104963625,0.008529219223857793,0.015212477767688673,1,0,0,1.0,1.0,1.0,0.0,True,9,True,0.0063965409935917705,93.30840133654857,3.6711596643653555,1,1,0.05
8,contamination-sweep,Hampel,9008,0.003912885144399164,0.006206576579249308,0.009442486652625941,1,0,0,1.0,1.0,1.0,0.0,True,9,True,0.00659879099112004,93.02434646421827,1.0529949397079734,1,1,0.05
9,contamination-sweep,WLS,9009,0.013941028801804757,0.022027477768331027,0.03275262246502586,0,0,1,0.0,0.0,0.0,0.0,False,1,True,0.0006459580035880208,63.52676820817173,6.349635170495731,0,1,0.05
9,contamination-sweep,DIA-reject,9009,0.00556562022015136,0.009192393300398128,0.012650942103828961,1,0,0,1.0,1.0,1.0,0.0,True,2,True,0.003520957980072126,65.70120215850578,1.0931189472424505,1,1,0.05
9,contamination-sweep,DIA-inflate,9009,0.005509569906836194,0.009122273978998587,0.012814103822369347,1,0,0,1.0,1.0,1.0,0.0,True,2,True,0.004098625009646639,65.64304842889246,1.069428805132936,1,1,0.05
9,contamination-sweep,Huber,9009,0.006250261083484883,0.010299406114807685,0.016622674301998347,1,0,0,1.0,1.0,1.0,0.0,True,8,True,0.005855833005625755,64.86733605036997,2.5398541183351653,1,1,0.05
9,contamination-sweep,Hampel,9009,0.005565620220447871,0.009192393300977087,0.01265094210455779,1,0,0,1.0,1.0,1.0,0.0,True,5,True,0.003920250019291416,65.70120215850578,0.9716612864341919,1,1,0.05
10,contamination-sweep,WLS,9010,0.016706399525369283,0.018646034795334547,0.07045871149803921,0,0,1,0.0,0.0,0.0,0.0,False,1,True,0.000657291995594278,58.168327464759486,10.001782116826412,0,1,0.05
10,contamination-sweep,DIA-reject,9010,0.006056752974145834,0.00963352697104698,0.015526291775625244,1,0,0,1.0,1.0,1.0,0.0,True,2,True,0.0038882500084582716,59.28577966605909,0.9812589033676389,1,1,0.05
10,contamination-sweep,DIA-inflate,9010,0.005949520709986583,0.009503587506434735,0.014895912497258674,1,0,0,1.0,1.0,1.0,0.0,True,2,True,0.003623832977609709,59.17557455106816,1.104098952071026,1,1,0.05
10,contamination-sweep,Huber,9010,0.006817198928580683,0.010289574668553242,0.02215196264010124,1,0,0,1.0,1.0,1.0,0.0,True,12,True,0.007819042017217726,58.32671919412998,3.294311781539731,1,1,0.05
10,contamination-sweep,Hampel,9010,0.006056752974271313,0.009633526971323763,0.015526291775865541,1,0,0,1.0,1.0,1.0,0.0,True,5,True,0.003891208005370572,59.28577966605909,0.8722301363248414,1,1,0.05
11,contamination-sweep,WLS,9011,0.01614254689923422,0.022469005664402002,0.057414124819242233,0,0,1,0.0,0.0,0.0,0.0,False,1,True,0.0006462080054916441,52.0160117125316,11.975319430299443,0,1,0.05
11,contamination-sweep,DIA-reject,9011,0.006461315103745203,0.009137990078876099,0.02305809351695601,1,0,0,1.0,1.0,1.0,0.0,True,2,True,0.0034630830050446093,54.90194165627933,1.1864496175327817,1,1,0.05
11,contamination-sweep,DIA-inflate,9011,0.006509989391830618,0.00917322614599531,0.023468575461715168,1,0,0,1.0,1.0,1.0,0.0,True,2,True,0.0036704580124933273,54.832402852763124,1.252316542744615,1,1,0.05
11,contamination-sweep,Huber,9011,0.007460797113285523,0.010192264060930795,0.02850647861009078,1,0,0,1.0,1.0,1.0,0.0,True,9,True,0.006027208000887185,54.16189279754338,3.286689435779051,1,1,0.05
11,contamination-sweep,Hampel,9011,0.006461315103997741,0.009137990079082076,0.023058093518134534,1,0,0,1.0,1.0,1.0,0.0,True,5,True,0.003870499989716336,54.90194165627933,1.0546218822580438,1,1,0.05
12,contamination-sweep,WLS,9012,0.03891994378660914,0.06410481808748768,0.10620181896645722,0,0,1,0.0,0.0,0.0,0.0,False,1,True,0.0006470000080298632,60.21050609289893,11.486408727580072,0,1,0.05
12,contamination-sweep,DIA-reject,9012,0.005776215134857634,0.009662890877229336,0.013733243861321822,1,0,0,1.0,1.0,1.0,0.0,True,2,True,0.0034515829756855965,82.84864293437008,1.0134763271842717,1,1,0.05
12,contamination-sweep,DIA-inflate,9012,0.005842749184054748,0.009765342140805497,0.014781177683098687,1,0,0,1.0,1.0,1.0,0.0,True,2,True,0.0035881249932572246,82.40376144079973,1.122057112345724,1,1,0.05
12,contamination-sweep,Huber,9012,0.010408497466343727,0.01735131003144837,0.025823304649135192,1,0,0,1.0,1.0,1.0,0.0,True,11,True,0.007245916989631951,78.06876344444326,3.2582156482698794,1,1,0.05
12,contamination-sweep,Hampel,9012,0.0058166663172671985,0.009724732227027301,0.013826032682066978,1,0,0,1.0,1.0,1.0,0.0,True,9,True,0.006217832997208461,82.95852098430987,0.8474165446426132,1,1,0.05
13,contamination-sweep,WLS,9013,0.041616771105139075,0.0706643403136903,0.10249826715556895,0,0,1,0.0,0.0,0.0,0.0,False,1,True,0.000676166993798688,106.8809104351519,15.60409700418151,0,1,0.05
13,contamination-sweep,DIA-reject,9013,0.01064480686578871,0.017682132211828287,0.025263048073785658,1,0,0,1.0,1.0,1.0,0.0,True,2,True,0.0034607090055942535,147.71206731207164,0.8078233902906248,1,1,0.05
13,contamination-sweep,DIA-inflate,9013,0.010961898187465959,0.018265078874454995,0.025768798163373068,1,0,0,1.0,1.0,1.0,0.0,True,2,True,0.003573292022338137,146.93248960745893,1.0239793074503765,1,1,0.05
13,contamination-sweep,Huber,9013,0.014886974176932383,0.025438972611083542,0.030088655018372375,1,0,0,1.0,1.0,1.0,0.0,True,9,True,0.00600275001488626,140.5611494300798,3.4982663277313093,1,1,0.05
13,contamination-sweep,Hampel,9013,0.010644806865831753,0.01768213221191849,0.025263048074019204,1,0,0,1.0,1.0,1.0,0.0,True,4,True,0.0032257089915219694,147.71206731207164,0.7180652358179563,1,1,0.05
14,contamination-sweep,WLS,9014,0.015335216992192095,0.020843156785360972,0.05904420932224969,0,0,1,0.0,0.0,0.0,0.0,False,1,True,0.0006364160217344761,62.566091821662575,6.82010579481303,0,1,0.05
14,contamination-sweep,DIA-reject,9014,0.006389490094719423,0.01003558750641871,0.0187846617681483,1,0,0,1.0,1.0,1.0,0.0,True,2,True,0.003465917019639164,60.71586387805433,1.1339739886173397,1,1,0.05
14,contamination-sweep,DIA-inflate,9014,0.006427112686140791,0.010073568120579761,0.01884635907669834,1,0,0,1.0,1.0,1.0,0.0,True,2,True,0.003517957986332476,60.703786514863644,1.153583362286128,1,1,0.05
14,contamination-sweep,Huber,9014,0.008056206151155272,0.012082374394560613,0.025020518159981374,1,0,0,1.0,1.0,1.0,0.0,True,14,True,0.009090791980270296,60.66723899637351,2.9276270304146688,1,1,0.05
14,contamination-sweep,Hampel,9014,0.0063894900948281985,0.01003558750658245,0.018784661768479805,1,0,0,1.0,1.0,1.0,0.0,True,5,True,0.003749124996829778,60.71586387805433,1.0079768787708625,1,1,0.05
15,contamination-sweep,WLS,9015,0.018779616786269788,0.028831369148166745,0.06408080137636142,0,0,1,0.0,0.0,0.0,0.0,False,1,True,0.0006291670142672956,616.7382960673539,15.983149184800935,0,1,0.05
15,contamination-sweep,DIA-reject,9015,0.013403458728986933,0.022628332960896853,0.03340854229024824,1,0,0,1.0,1.0,1.0,0.0,True,2,True,0.0034518750035203993,617.3866452711254,0.7413400558411115,1,1,0.05
15,contamination-sweep,DIA-inflate,9015,0.013362209427954526,0.02255320345528835,0.03334656246753604,1,0,0,1.0,1.0,1.0,0.0,True,2,True,0.0034442500036675483,617.3697876929228,0.889357180462904,1,1,0.05
15,contamination-sweep,Huber,9015,0.013190138209052455,0.022266793241232857,0.032851729644889326,1,0,0,1.0,1.0,1.0,0.0,True,8,True,0.00554554199334234,617.2178627123227,3.064976243795086,1,1,0.05
15,contamination-sweep,Hampel,9015,0.013403458728101834,0.02262833295950638,0.0334085422884752,1,0,0,1.0,1.0,1.0,0.0,True,4,True,0.003281749988673255,617.3866452711254,0.6589689385265873,1,1,0.05
16,contamination-sweep,WLS,9016,0.015789731007931646,0.02290116989164232,0.04527800535904213,0,0,1,0.0,0.0,0.0,0.0,False,1,True,0.0006371659983415157,76.56846377309164,8.792014320218888,0,1,0.05
16,contamination-sweep,DIA-reject,9016,0.008799780008055494,0.013862526886185089,0.025302876814859147,1,0,0,1.0,1.0,1.0,0.0,True,2,True,0.00360437500057742,74.82907503691449,0.7214643176329254,1,1,0.05
16,contamination-sweep,DIA-inflate,9016,0.008720837558442102,0.013741035104093859,0.02508509427128376,1,0,0,1.0,1.0,1.0,0.0,True,2,True,0.0035361670015845448,74.8301873223248,0.8024806670649646,1,1,0.05
16,contamination-sweep,Huber,9016,0.008650575885964861,0.013867507877642285,0.022701541361124532,1,0,0,1.0,1.0,1.0,0.0,True,9,True,0.006201666983542964,74.88320774679244,2.6584053379218426,1,1,0.05
16,contamination-sweep,Hampel,9016,0.008799780007843913,0.01386252688571407,0.025302876814854013,1,0,0,1.0,1.0,1.0,0.0,True,5,True,0.004287833988200873,74.82907503691449,0.641301615673565,1,1,0.05
17,contamination-sweep,WLS,9017,0.02461517686596602,0.036398526000273046,0.0887932844183305,0,0,1,0.0,0.0,0.0,0.0,False,1,True,0.0007715829997323453,34.64861346875561,15.069090271189612,0,1,0.05
17,contamination-sweep,DIA-reject,9017,0.0060636777341467754,0.009723355938767395,0.01457406454585977,1,0,0,1.0,1.0,1.0,0.0,True,2,True,0.005226958979619667,46.976983335851834,0.8953686056306602,1,1,0.05
17,contamination-sweep,DIA-inflate,9017,0.005890605227048915,0.009407180279259977,0.014363743422732902,1,0,0,1.0,1.0,1.0,0.0,True,2,True,0.0046095409779809415,46.72094527452484,1.0702292419356159,1,1,0.05
17,contamination-sweep,Huber,9017,0.006311624812703977,0.009805535378544988,0.016862674269613697,1,0,0,1.0,1.0,1.0,0.0,True,9,True,0.006405249994713813,44.54451535897941,3.426946548878417,1,1,0.05
17,contamination-sweep,Hampel,9017,0.006063677734029522,0.009723355938574785,0.014574064545367292,1,0,0,1.0,1.0,1.0,0.0,True,4,True,0.0036166659847367555,46.976983335851834,0.7958832050025583,1,1,0.05
18,contamination-sweep,WLS,9018,0.015342647333966923,0.02341988935914824,0.044995015232319135,0,0,1,0.0,0.0,0.0,0.0,False,1,True,0.0006451670196838677,173.23300641301097,22.79396030452095,0,1,0.05
18,contamination-sweep,DIA-reject,9018,0.009258302262910903,0.01562623000911267,0.023657834379433265,1,0,0,1.0,1.0,1.0,0.0,True,2,True,0.00386570900445804,172.7620728406525,1.1239388294718677,1,1,0.05
18,contamination-sweep,DIA-inflate,9018,0.009253353292084186,0.015619795530313885,0.023611372407107093,1,0,0,1.0,1.0,1.0,0.0,True,2,True,0.0037696249783039093,172.76585229270367,1.2919203237101842,1,1,0.05
18,contamination-sweep,Huber,9018,0.009334538945283013,0.01574331203919339,0.02372741601935719,1,0,0,1.0,1.0,1.0,0.0,True,6,True,0.004266417003236711,172.7988783545274,3.709605919896709,1,1,0.05
18,contamination-sweep,Hampel,9018,0.009258302263891769,0.01562623001078852,0.023657834381438196,1,0,0,1.0,1.0,1.0,0.0,True,4,True,0.0035974170023109764,172.7620728406525,0.9990567373041151,1,1,0.05
19,contamination-sweep,WLS,9019,0.017625240261136387,0.028240021391803864,0.05572189978249901,0,0,1,0.0,0.0,0.0,0.0,False,1,True,0.0006398330151569098,141.61580203022808,16.71449865617761,0,1,0.05
19,contamination-sweep,DIA-reject,9019,0.01072220808080412,0.018305935899646693,0.023330099735053535,1,0,0,1.0,1.0,1.0,0.0,True,2,True,0.003528041997924447,144.81598474164375,1.410660661511163,1,1,0.05
19,contamination-sweep,DIA-inflate,9019,0.010680544141002946,0.018231320508736857,0.02336774165258897,1,0,0,1.0,1.0,1.0,0.0,True,2,False,0.004076500015798956,144.75073477347755,1.526835653726394,1,1,0.05
19,contamination-sweep,Huber,9019,0.010611625467183394,0.018132517156338103,0.023769217171847008,1,0,0,1.0,1.0,1.0,0.0,True,13,True,0.008368165988940746,141.5063526680533,3.8309095968199665,1,1,0.05
19,contamination-sweep,Hampel,9019,0.010722208081076306,0.01830593590019022,0.0233300997343689,1,0,0,1.0,1.0,1.0,0.0,True,5,True,0.003819042001850903,144.81598474164375,1.2539205880065167,1,1,0.05
20,contamination-sweep,WLS,9020,0.019054297051129564,0.02795182539533464,0.05382689450920744,0,0,1,0.0,0.0,0.0,0.0,False,1,True,0.0007207500166259706,71.33319627016877,9.791629361436234,0,1,0.05
20,contamination-sweep,DIA-reject,9020,0.00670002666924647,0.009970136585523358,0.024334338476923713,1,0,0,1.0,1.0,1.0,0.0,True,2,True,0.003567333013052121,67.66406451062112,0.8128494959187074,1,1,0.05
20,contamination-sweep,DIA-inflate,9020,0.006820924229823931,0.010163768468311634,0.024670917208644724,1,0,0,1.0,1.0,1.0,0.0,True,2,True,0.0035650829959195107,67.5663081366525,0.8916553985817152,1,1,0.05
20,contamination-sweep,Huber,9020,0.008657898835018938,0.012883530683138158,0.029260807493456147,1,0,0,1.0,1.0,1.0,0.0,True,9,True,0.006054041994502768,66.49557357960788,2.786983973773095,1,1,0.05
20,contamination-sweep,Hampel,9020,0.006700026669529639,0.009970136585864068,0.024334338478314045,1,0,0,1.0,1.0,1.0,0.0,True,5,True,0.003848374995868653,67.66406451062112,0.7225328852638905,1,1,0.05
21,contamination-sweep,WLS,9021,0.019233616069612314,0.02683213965919931,0.06491910036024068,0,0,1,0.0,0.0,0.0,0.0,False,1,True,0.0006440410215873271,168.2451954435373,18.439934770551286,0,1,0.05
21,contamination-sweep,DIA-reject,9021,0.007409361391803515,0.012152302537898122,0.018685613599561498,1,0,0,1.0,1.0,1.0,0.0,True,2,True,0.0034479159803595394,167.8436002914951,1.076297314668972,1,1,0.05
21,contamination-sweep,DIA-inflate,9021,0.007272394080843861,0.011916307918658864,0.018420377099165334,1,0,0,1.0,1.0,1.0,0.0,True,2,True,0.003635000000940636,167.81944588168065,1.214393910866943,1,1,0.05
21,contamination-sweep,Huber,9021,0.006720261094459116,0.010878178036114712,0.017581111183801113,1,0,0,1.0,1.0,1.0,0.0,True,10,True,0.006603375019039959,171.27451762168678,3.4770984909556955,1,1,0.05
21,contamination-sweep,Hampel,9021,0.00743197401459021,0.012213173639858148,0.018833050871833037,1,0,0,1.0,1.0,1.0,0.0,True,10,True,0.006783209013519809,169.53225844720316,0.9459903568548135,1,1,0.05
22,contamination-sweep,WLS,9022,0.025684517171272996,0.03787920692808076,0.08031872600141644,0,0,1,0.0,0.0,0.0,0.0,False,1,True,0.0006412920192815363,52.82214794961169,12.091606637643949,0,1,0.05
22,contamination-sweep,DIA-reject,9022,0.005091632434291567,0.008370126468832619,0.013611106706679423,1,0,0,1.0,1.0,1.0,0.0,True,2,True,0.0035507919965311885,72.54367902341234,1.2321477216848524,1,1,0.05
22,contamination-sweep,DIA-inflate,9022,0.005065594966026754,0.008285845540059547,0.01414186671915787,1,0,0,1.0,1.0,1.0,0.0,True,2,True,0.0035237919946666807,72.20584719202144,1.2685338481973671,1,1,0.05
22,contamination-sweep,Huber,9022,0.007130784801839275,0.011031390731222912,0.021842305902675118,1,0,0,1.0,1.0,1.0,0.0,True,12,True,0.007908833009423688,69.9343181162165,3.1468822949240183,1,1,0.05
22,contamination-sweep,Hampel,9022,0.005091632434301444,0.008370126468764729,0.013611106706079084,1,0,0,1.0,1.0,1.0,0.0,True,5,True,0.003805749991443008,72.54367902341234,1.0952424192883585,1,1,0.05
23,contamination-sweep,WLS,9023,0.022708671506233923,0.025031842294499763,0.09604488723201,0,0,1,0.0,0.0,0.0,0.0,False,1,True,0.0006331250187940896,72.51308042212939,5.184371084646829,0,1,0.05
23,contamination-sweep,DIA-reject,9023,0.008668655115998168,0.014396280213806434,0.023120560207011864,1,0,0,1.0,1.0,1.0,0.0,True,2,True,0.003463082975940779,74.9685181957283,0.8703514008138603,1,1,0.05
23,contamination-sweep,DIA-inflate,9023,0.008240463489759505,0.013733835899970154,0.021758290369059356,1,0,0,1.0,1.0,1.0,0.0,True,2,True,0.0035661660076584667,74.5916958957287,0.8771441577439854,1,1,0.05
23,contamination-sweep,Huber,9023,0.008610832096545288,0.01243121998886189,0.03149553785597214,1,0,0,1.0,1.0,1.0,0.0,True,14,True,0.008879542001523077,70.60413700212169,2.3788360125779238,1,1,0.05
23,contamination-sweep,Hampel,9023,0.008668655116094638,0.01439628021398377,0.023120560206804627,1,0,0,1.0,1.0,1.0,0.0,True,6,True,0.0043362499854993075,74.9685181957283,0.773645689605352,1,1,0.05
24,contamination-sweep,WLS,9024,0.018579079267633608,0.03047943651551099,0.053632566224938595,0,0,1,0.0,0.0,0.0,0.0,False,1,True,0.0006344169960357249,136.2212658190961,13.992070857991415,0,1,0.05
24,contamination-sweep,DIA-reject,9024,0.01288182668872911,0.02182644381651688,0.02911533847166608,1,0,0,1.0,1.0,1.0,0.0,True,2,True,0.0035846669925376773,126.45224964126481,0.921647548078031,1,1,0.05
24,contamination-sweep,DIA-inflate,9024,0.012907781892438267,0.02186238347861933,0.029124152283833974,1,0,0,1.0,1.0,1.0,0.0,True,2,True,0.0035255830152891576,126.46285138468767,1.045465251220656,1,1,0.05
24,contamination-sweep,Huber,9024,0.013314346987481943,0.02249844881221551,0.0292489082939304,1,0,0,1.0,1.0,1.0,0.0,True,7,True,0.0049606660031713545,126.59428084449426,3.2060440350704136,1,1,0.05
24,contamination-sweep,Hampel,9024,0.012881826688956698,0.021826443817005315,0.029115338470717282,1,0,0,1.0,1.0,1.0,0.0,True,4,True,0.003184457978932187,126.45224964126481,0.8192422649632144,1,1,0.05
25,contamination-sweep,WLS,9025,0.02893802504954383,0.04526564282181028,0.07988624153666382,0,0,1,0.0,0.0,0.0,0.0,False,1,True,0.0006417919939849526,57.11994281655849,11.530035143944803,0,1,0.05
25,contamination-sweep,DIA-reject,9025,0.007737613852070579,0.012602246794547273,0.021034863393411606,1,0,0,1.0,1.0,1.0,0.0,True,2,True,0.0035425420210231096,76.96448214867473,0.6831523356024206,1,1,0.05
25,contamination-sweep,DIA-inflate,9025,0.007402008637425717,0.012041530704076073,0.020448854335328448,1,0,0,1.0,1.0,1.0,0.0,True,2,True,0.0036014159850310534,76.57076300675276,0.8308648753934501,1,1,0.05
25,contamination-sweep,Huber,9025,0.007315306697412127,0.011937709512356023,0.01513203963438996,1,0,0,1.0,1.0,1.0,0.0,True,9,True,0.006436083000153303,72.74285985639932,2.9841573752669603,1,1,0.05
25,contamination-sweep,Hampel,9025,0.007737613852063581,0.01260224679454923,0.021034863393340555,1,0,0,1.0,1.0,1.0,0.0,True,4,True,0.003263333986978978,76.96448214867473,0.60724652053548,1,1,0.05
26,contamination-sweep,WLS,9026,0.03118319476288104,0.05212211665385522,0.07632393936240672,0,0,1,0.0,0.0,0.0,0.0,False,1,True,0.0007019160257186741,111.26750081690467,10.465590778094274,0,1,0.05
26,contamination-sweep,DIA-reject,9026,0.010181028880763159,0.013387469086383596,0.039944933291099785,1,0,0,1.0,1.0,1.0,0.0,True,2,True,0.003855333023238927,133.77688371702646,1.2220185391922855,1,1,0.05
26,contamination-sweep,DIA-inflate,9026,0.010309116428545189,0.013739465607530922,0.040175251889377615,1,0,0,1.0,1.0,1.0,0.0,True,2,True,0.0038564580027014017,133.0377244428891,1.2741003316921555,1,1,0.05
26,contamination-sweep,Huber,9026,0.013053759636476023,0.020048117226024446,0.043651067424136505,1,0,0,1.0,1.0,1.0,0.0,True,12,True,0.007865500025218353,125.6256987772472,3.2233345591063745,1,1,0.05
26,contamination-sweep,Hampel,9026,0.010181028880763159,0.013387469086383596,0.039944933291099785,1,0,0,1.0,1.0,1.0,0.0,True,5,True,0.00398850001511164,133.77688371702646,1.0862387015042538,1,1,0.05
27,contamination-sweep,WLS,9027,0.01656149393103198,0.02266177990762292,0.05907913240197008,0,0,1,0.0,0.0,0.0,0.0,False,1,True,0.0006417919939849526,57.97361051733512,8.5734959627985,0,1,0.05
27,contamination-sweep,DIA-reject,9027,0.004416005931553695,0.0072868610292218345,0.01051419854828377,1,0,0,1.0,1.0,1.0,0.0,True,2,True,0.003438707994064316,58.05331251620911,0.9217087380068715,1,1,0.05
27,contamination-sweep,DIA-inflate,9027,0.004375178866481402,0.007191322617200101,0.01099899544473582,1,0,0,1.0,1.0,1.0,0.0,True,2,True,0.0037132499855943024,57.937725182191535,0.9915204810806129,1,1,0.05
27,contamination-sweep,Huber,9027,0.0058857143624840074,0.008318168119762596,0.02203744889255369,1,0,0,1.0,1.0,1.0,0.0,True,9,True,0.006063792010536417,56.7657938805899,2.906988881834314,1,1,0.05
27,contamination-sweep,Hampel,9027,0.004416005931842653,0.007286861029709283,0.01051419854869406,1,0,0,1.0,1.0,1.0,0.0,True,5,True,0.0037613330059684813,58.05331251620911,0.819296656006105,1,1,0.05
28,contamination-sweep,WLS,9028,0.013205443886457233,0.020848403809002262,0.03996701735545294,0,0,1,0.0,0.0,0.0,0.0,False,1,True,0.000641792023088783,47.32916412631962,18.170240908058098,0,1,0.05
28,contamination-sweep,DIA-reject,9028,0.00547350983300817,0.009120771652355692,0.012970670819778348,1,0,0,1.0,1.0,1.0,0.0,True,2,True,0.003639417001977563,45.5642014193773,0.8256090446375697,1,1,0.05
28,contamination-sweep,DIA-inflate,9028,0.005500173611398552,0.009183042131947084,0.01309612234325215,1,0,0,1.0,1.0,1.0,0.0,True,2,True,0.003568624990293756,45.57311778188471,0.9916929772572837,1,1,0.05
28,contamination-sweep,Huber,9028,0.005943694062097335,0.01004560822630855,0.014229998484449377,1,0,0,1.0,1.0,1.0,0.0,True,6,True,0.0043764589936472476,45.66189506397518,3.2788198712936243,1,1,0.05
28,contamination-sweep,Hampel,9028,0.005473509832862892,0.00912077165222869,0.012970670818948128,1,0,0,1.0,1.0,1.0,0.0,True,4,True,0.0032617499819025397,45.5642014193773,0.7338747063437104,1,1,0.05
29,contamination-sweep,WLS,9029,0.013742387083262624,0.02179178227781494,0.036493747432589214,0,0,1,0.0,0.0,0.0,0.0,False,1,True,0.0006295839848462492,60.65546342962645,14.32974281373813,0,1,0.05
29,contamination-sweep,DIA-reject,9029,0.0076105632008425595,0.012604850898085575,0.016862339070629565,1,0,0,1.0,1.0,1.0,0.0,True,2,True,0.0033989999792538583,60.5299315177941,1.1506817548233979,1,1,0.05
29,contamination-sweep,DIA-inflate,9029,0.007546468948704964,0.012472159575608056,0.016299126344128174,1,0,0,1.0,1.0,1.0,0.0,True,2,True,0.003639625007053837,60.5238095185736,1.2328457884755462,1,1,0.05
29,contamination-sweep,Huber,9029,0.007244580328838389,0.011512951943724677,0.017036160208946875,1,0,0,1.0,1.0,1.0,0.0,True,7,True,0.004723374993773177,60.46975145007192,3.3208555540248814,1,1,0.05
29,contamination-sweep,Hampel,9029,0.007610563200803666,0.012604850898038861,0.016862339070656512,1,0,0,1.0,1.0,1.0,0.0,True,4,True,0.00325108299148269,60.5299315177941,1.0228282265080126,1,1,0.05
0,contamination-sweep,WLS,9000,0.022678237405340626,0.03478883026929762,0.06261997698072068,0,0,2,0.0,0.0,0.0,0.0,False,1,True,0.0006346669979393482,121.59811511791342,34.00414371553661,0,2,0.1
0,contamination-sweep,DIA-reject,9000,0.008396362549315528,0.01357535369329876,0.02370245360459225,2,0,0,1.0,1.0,1.0,0.0,True,3,True,0.004818749992409721,115.78045805813483,0.4810369715404097,2,2,0.1
0,contamination-sweep,DIA-inflate,9000,0.00807102319162455,0.012962887684319885,0.023348408920373938,2,0,0,1.0,1.0,1.0,0.0,True,3,True,0.005042540986323729,115.58350077319753,0.9681553843259676,2,2,0.1
0,contamination-sweep,Huber,9000,0.006555037316862235,0.009780455337061815,0.02221880198677067,2,0,0,1.0,1.0,1.0,0.0,True,8,True,0.006046458991477266,114.15889649078562,5.840220223074766,2,2,0.1
0,contamination-sweep,Hampel,9000,0.008396362549368562,0.013575353693345584,0.02370245360502683,2,0,0,1.0,1.0,1.0,0.0,True,4,True,0.0036903749860357493,115.78045805813483,0.3741398667531501,2,2,0.1
1,contamination-sweep,WLS,9001,0.03733419995025642,0.061884441781322026,0.10460195818074224,0,0,2,0.0,0.0,0.0,0.0,False,1,True,0.0006422089936677366,68.1801559478732,34.7526273073286,0,2,0.1
1,contamination-sweep,DIA-reject,9001,0.006309584269168859,0.01026444048085033,0.01809086816347737,2,0,0,1.0,1.0,1.0,0.0,True,3,True,0.005278083001030609,90.40696692494154,1.0786122481622378,2,2,0.1
1,contamination-sweep,DIA-inflate,9001,0.006799054790087419,0.011096488533413421,0.019593652113514746,2,0,0,1.0,1.0,1.0,0.0,True,3,False,0.0052661670197267085,89.73800286506449,1.5216894189700882,2,2,0.1
1,contamination-sweep,Huber,9001,0.012061815807054883,0.01939198093950879,0.037733336681757775,2,0,0,1.0,1.0,1.0,0.0,True,18,True,0.011325583996949717,84.63863560429188,6.676417923116509,2,2,0.1
1,contamination-sweep,Hampel,9001,0.006309584269668279,0.010264440481867323,0.018090868163785915,2,0,0,1.0,1.0,1.0,0.0,True,4,True,0.0031847910140641034,90.40696692494154,0.8389206374442932,2,2,0.1
2,contamination-sweep,WLS,9002,0.020072641757294587,0.028285556402220892,0.07257251738802949,0,0,2,0.0,0.0,0.0,0.0,False,1,True,0.0006387920002453029,75.26560386019801,28.49680365117615,0,2,0.1
2,contamination-sweep,DIA-reject,9002,0.004698489642440573,0.007488065406351774,0.011703611386664136,2,0,0,1.0,1.0,1.0,0.0,True,3,True,0.004679125006077811,77.42612516225462,1.0173463756676886,2,2,0.1
2,contamination-sweep,DIA-inflate,9002,0.004735057241443251,0.007577516542432589,0.011723113409442524,2,0,0,1.0,1.0,1.0,0.0,True,3,True,0.005020750017138198,77.37307752651553,1.2212727289221332,2,2,0.1
2,contamination-sweep,Huber,9002,0.0061241804345361405,0.009759319506809513,0.01592155757267477,2,0,0,1.0,1.0,1.0,0.0,True,9,True,0.006004708004184067,76.93116988313515,5.272973205809223,2,2,0.1
2,contamination-sweep,Hampel,9002,0.004698489642412181,0.007488065406268071,0.01170361138686204,2,0,0,1.0,1.0,1.0,0.0,True,4,True,0.0032585409935563803,77.42612516225462,0.7912694032842308,2,2,0.1
3,contamination-sweep,WLS,9003,0.02323729511561271,0.03740051746282558,0.0587825302115533,0,0,2,0.0,0.0,0.0,0.0,False,1,True,0.0006432920054066926,176.05634422425058,23.61002164950876,0,2,0.1
3,contamination-sweep,DIA-reject,9003,0.016242072620521023,0.027343998820240894,0.0389646335734368,2,0,0,1.0,1.0,1.0,0.0,True,3,True,0.0048136659897863865,137.5323373553935,0.8607870444721192,2,2,0.1
3,contamination-sweep,DIA-inflate,9003,0.016143194648268428,0.027213739725755713,0.03809754279531319,2,0,0,1.0,1.0,1.0,0.0,True,3,True,0.005129416997078806,137.62017869442514,1.1276167240842179,2,2,0.1
3,contamination-sweep,Huber,9003,0.016150688829046727,0.027405054571438804,0.03413831779003831,2,0,0,1.0,1.0,1.0,0.0,True,10,True,0.006672749994322658,138.79306036192847,5.459339423164771,2,2,0.1
3,contamination-sweep,Hampel,9003,0.016242072619521174,0.027343998818536584,0.03896463357118357,2,0,0,1.0,1.0,1.0,0.0,True,4,True,0.0031427920039277524,137.5323373553935,0.6695010345857826,2,2,0.1
4,contamination-sweep,WLS,9004,0.020573024464224217,0.03233131212978555,0.06359112734915841,0,0,2,0.0,0.0,0.0,0.0,False,1,True,0.0006707499851472676,55.79531008805494,21.568197804484996,0,2,0.1
4,contamination-sweep,DIA-reject,9004,0.005371571462362419,0.009035236970654835,0.01337338661926564,2,0,0,1.0,1.0,1.0,0.0,True,3,True,0.004782083007739857,61.182406605205074,0.7134467319709329,2,2,0.1
4,contamination-sweep,DIA-inflate,9004,0.005476426576450536,0.00919274687472577,0.013621931828955824,2,0,0,1.0,1.0,1.0,0.0,True,3,True,0.005145417002495378,61.02141556230241,0.8858204440400248,2,2,0.1
4,contamination-sweep,Huber,9004,0.00770146737344621,0.012424188762007486,0.02192338906583537,2,0,0,1.0,1.0,1.0,0.0,True,9,True,0.005888958025025204,59.35382311665752,4.6188144346689155,2,2,0.1
4,contamination-sweep,Hampel,9004,0.005371571462362419,0.009035236970654835,0.01337338661926564,2,0,0,1.0,1.0,1.0,0.0,True,5,True,0.0038798750028945506,61.182406605205074,0.55490301375517,2,2,0.1
5,contamination-sweep,WLS,9005,0.015885342282421524,0.02416292011258258,0.049987689249881236,0,0,2,0.0,0.0,0.0,0.0,False,1,True,0.0006517079891636968,85.35979766692681,24.632091343983532,0,2,0.1
5,contamination-sweep,DIA-reject,9005,0.0101295177511366,0.017176620941302265,0.023513501238892922,2,0,0,1.0,1.0,1.0,0.0,True,3,True,0.00481879198923707,89.43655557851189,1.2621574171304677,2,2,0.1
5,contamination-sweep,DIA-inflate,9005,0.009954085817667074,0.016856700957973484,0.023629066728480135,2,0,0,1.0,1.0,1.0,0.0,True,3,True,0.004877750005107373,89.19446491095655,1.3699442025058597,2,2,0.1
5,contamination-sweep,Huber,9005,0.009138352740395763,0.015420968892398496,0.022567455755745633,2,0,0,1.0,1.0,1.0,0.0,True,11,True,0.007080582989146933,87.33275327066772,5.3070889220757556,2,2,0.1
5,contamination-sweep,Hampel,9005,0.0101295177511366,0.017176620941302265,0.023513501238892922,2,0,0,1.0,1.0,1.0,0.0,True,4,True,0.003116000007139519,89.43655557851189,0.9816779911014748,2,2,0.1
6,contamination-sweep,WLS,9006,0.02161725530428862,0.035659399665866016,0.05657775901491129,0,0,2,0.0,0.0,0.0,0.0,False,1,True,0.0006644579989369959,61.98381766714767,33.53138649141153,0,2,0.1
6,contamination-sweep,DIA-reject,9006,0.00731087270134201,0.012455309198274507,0.01673803961820246,2,0,0,1.0,1.0,1.0,0.0,True,3,True,0.004717624979093671,63.69480349471719,1.0933725270148196,2,2,0.1
6,contamination-sweep,DIA-inflate,9006,0.007170807986423779,0.01218161101410352,0.01671794629864865,2,0,0,1.0,1.0,1.0,0.0,True,3,True,0.00506929200491868,63.633106613632556,1.3506310837810502,2,2,0.1
6,contamination-sweep,Huber,9006,0.007326039594285637,0.01177049734490339,0.018372637169473235,2,0,0,1.0,1.0,1.0,0.0,True,16,True,0.009970249986508861,61.87893418123508,5.770469657294461,2,2,0.1
6,contamination-sweep,Hampel,9006,0.007310872701177665,0.01245530919796547,0.016738039618811984,2,0,0,1.0,1.0,1.0,0.0,True,5,True,0.0036621670005843043,63.69480349471719,0.8504008543434962,2,2,0.1
7,contamination-sweep,WLS,9007,0.02703696125776825,0.043855673088607126,0.07220039392002119,0,0,2,0.0,0.0,0.0,0.0,False,1,True,0.0006590829871129245,78.99646797490374,36.32211207663199,0,2,0.1
7,contamination-sweep,DIA-reject,9007,0.010143635883472776,0.016163656022109826,0.02981078677360277,2,0,0,1.0,1.0,1.0,0.0,True,3,False,0.004685833991970867,95.11348851385337,1.6634454847520557,2,2,0.1
7,contamination-sweep,DIA-inflate,9007,0.0101162403693105,0.01612729875065406,0.02963540982676884,2,0,0,1.0,1.0,1.0,0.0,True,3,False,0.0050091249868273735,94.8722909008328,1.7884671405592611,2,2,0.1
7,contamination-sweep,Huber,9007,0.010488964949575104,0.01670423135554005,0.028894685444172927,2,0,0,1.0,1.0,1.0,0.0,True,9,True,0.005939958995440975,92.92561815378807,6.256718712124965,2,2,0.1
7,contamination-sweep,Hampel,9007,0.01014363588330955,0.01616365602179966,0.029810786773181046,2,0,0,1.0,1.0,1.0,0.0,True,5,True,0.0038712910027243197,95.11348851385337,1.293790932589811,2,2,0.1
8,contamination-sweep,WLS,9008,0.04571373820384314,0.07531284840669693,0.11122051426315409,0,0,2,0.0,0.0,0.0,0.0,False,1,True,0.0006365420122165233,94.51059415361536,20.651710378331185,0,2,0.1
8,contamination-sweep,DIA-reject,9008,0.005236288076072667,0.008110958185502727,0.016031404600383943,2,0,0,1.0,1.0,1.0,0.0,True,3,True,0.0047684169840067625,140.866624283396,0.9629928018805762,2,2,0.1
8,contamination-sweep,DIA-inflate,9008,0.00488763788585123,0.007639012690469902,0.014389334922970612,2,0,0,1.0,1.0,1.0,0.0,True,3,True,0.005070415994850919,139.67674807988124,1.1319448774602776,2,2,0.1
8,contamination-sweep,Huber,9008,0.012389320300048478,0.01953368276398727,0.03295008595506368,2,0,0,1.0,1.0,1.0,0.0,True,14,True,0.00889233301859349,127.70025958867666,5.139306798449896,2,2,0.1
8,contamination-sweep,Hampel,9008,0.005236288076072667,0.008110958185502727,0.016031404600383943,2,0,0,1.0,1.0,1.0,0.0,True,5,True,0.003928624995751306,140.866624283396,0.7489944014626704,2,2,0.1
9,contamination-sweep,WLS,9009,0.03631520020726384,0.05848345317037778,0.0905476858031464,0,0,2,0.0,0.0,0.0,0.0,False,1,True,0.0006465830083470792,66.29498389262162,16.71305212619121,0,2,0.1
9,contamination-sweep,DIA-reject,9009,0.005555859146222054,0.009031201099786418,0.01299693210252093,2,0,0,1.0,1.0,1.0,0.0,True,3,True,0.005430417018942535,109.37446783843832,1.307422069104197,2,2,0.1
9,contamination-sweep,DIA-inflate,9009,0.005933414050482418,0.009537053864678065,0.015334197804551017,2,0,0,1.0,1.0,1.0,0.0,True,3,True,0.008581624977523461,108.11034109201931,1.3670406909068211,2,2,0.1
9,contamination-sweep,Huber,9009,0.014544232783748768,0.02228913253198232,0.04051912390925335,2,0,0,1.0,1.0,1.0,0.0,True,20,True,0.017306958994595334,93.85669612827166,5.174668397254686,2,2,0.1
9,contamination-sweep,Hampel,9009,0.005555859146548125,0.009031201100441626,0.012996932103385098,2,0,0,1.0,1.0,1.0,0.0,True,5,True,0.004067166999448091,109.37446783843832,1.016883831523869,2,2,0.1
10,contamination-sweep,WLS,9010,0.025397069457071434,0.038539212339576294,0.07714783593979203,0,0,2,0.0,0.0,0.0,0.0,False,1,True,0.0006388330075424165,58.47762634589221,14.479110598055227,0,2,0.1
10,contamination-sweep,DIA-reject,9010,0.006214434005660306,0.009529696160491551,0.019527798155708563,2,0,0,1.0,1.0,1.0,0.0,True,3,False,0.005737208004575223,62.06276452563256,1.6816818650252652,2,2,0.1
10,contamination-sweep,DIA-inflate,9010,0.006287355992637093,0.00970130598425902,0.01899210543910962,2,0,0,1.0,1.0,1.0,0.0,True,3,False,0.005399415997089818,61.92942617929663,1.563848405616913,2,2,0.1
10,contamination-sweep,Huber,9010,0.011171534466148368,0.017447710603224604,0.029870555311977076,2,0,0,1.0,1.0,1.0,0.0,True,12,True,0.007838500023353845,65.99116738251693,4.740164639705882,2,2,0.1
10,contamination-sweep,Hampel,9010,0.00629115652216893,0.009641603463181445,0.019549636186686495,2,0,0,1.0,1.0,1.0,0.0,True,14,True,0.009285875014029443,63.01662021262123,1.2894138943263016,2,2,0.1
11,contamination-sweep,WLS,9011,0.018361623561442195,0.029850107347185437,0.049754742994517494,0,0,2,0.0,0.0,0.0,0.0,False,1,True,0.0006751249893568456,47.449075223759145,27.37438425323765,0,2,0.1
11,contamination-sweep,DIA-reject,9011,0.007355520027537804,0.011806358026879103,0.016005895640025036,2,0,0,1.0,1.0,1.0,0.0,True,3,True,0.004805667005712166,44.22014839336397,0.6357775072974461,2,2,0.1
11,contamination-sweep,DIA-inflate,9011,0.0073096670861054905,0.01173974178415689,0.01574604547578206,2,0,0,1.0,1.0,1.0,0.0,True,3,True,0.005105292017105967,44.18610066186659,0.9386042735040627,2,2,0.1
11,contamination-sweep,Huber,9011,0.0076188075469218975,0.01256692726413325,0.015320985172862985,2,0,0,1.0,1.0,1.0,0.0,True,9,True,0.00601787498453632,43.95341979940993,5.221900935538308,2,2,0.1
11,contamination-sweep,Hampel,9011,0.007355520026809847,0.011806358025578447,0.016005895638161943,2,0,0,1.0,1.0,1.0,0.0,True,4,True,0.0031254159985110164,44.22014839336397,0.49449361678730147,2,2,0.1
12,contamination-sweep,WLS,9012,0.03612777914132764,0.053781073615049094,0.12098521177114151,0,0,2,0.0,0.0,0.0,0.0,False,1,True,0.0006347089947666973,55.024335942133355,17.200256516814154,0,2,0.1
12,contamination-sweep,DIA-reject,9012,0.04016753662432253,0.03250196009132462,0.18298109714891878,1,1,1,0.5,0.5,0.5,0.07142857142857142,False,3,True,0.004836374981096014,73.52926863840914,1.4934551995399323,2,2,0.1
12,contamination-sweep,DIA-inflate,9012,0.03977305473169809,0.03225044091799973,0.18116031839774704,1,1,1,0.5,0.5,0.5,0.07142857142857142,False,3,True,0.004949582973495126,73.13466294607598,1.458151381910669,2,2,0.1
12,contamination-sweep,Huber,9012,0.026384166710711962,0.026661694073393256,0.11730384066325625,2,1,0,0.6666666666666666,1.0,0.8,0.07142857142857142,False,50,False,0.03791841599741019,76.3752748688366,4.988993045795901,3,2,0.1
12,contamination-sweep,Hampel,9012,0.04012427681119643,0.03225668089658745,0.18287038626942473,1,1,1,0.5,0.5,0.5,0.07142857142857142,False,11,True,0.008999000012408942,73.4091960334703,1.0989782139662363,2,2,0.1
13,contamination-sweep,WLS,9013,0.044467303719232854,0.07346810089236204,0.11151076314478724,0,0,2,0.0,0.0,0.0,0.0,False,1,True,0.0006451669905800372,90.15809509130095,34.42229819388672,0,2,0.1
13,contamination-sweep,DIA-reject,9013,0.0051752929848892315,0.00866526295294425,0.012367615653469707,2,0,0,1.0,1.0,1.0,0.0,True,3,True,0.005352582986233756,115.3995088106405,1.288191284662603,2,2,0.1
13,contamination-sweep,DIA-inflate,9013,0.005015074415536609,0.008423073200195282,0.012273699963081556,2,0,0,1.0,1.0,1.0,0.0,True,3,False,0.0054250000102911144,114.90794558739394,1.6889763211484718,2,2,0.1
13,contamination-sweep,Huber,9013,0.00938649045730315,0.015333250808335069,0.02675068435661712,2,0,0,1.0,1.0,1.0,0.0,True,17,True,0.011113875021692365,108.30079682153364,6.7148433835136,2,2,0.1
13,contamination-sweep,Hampel,9013,0.00517529298521802,0.008665262953658293,0.012367615653139754,2,0,0,1.0,1.0,1.0,0.0,True,6,True,0.004389209003420547,115.3995088106405,1.0019265547520597,2,2,0.1
14,contamination-sweep,WLS,9014,0.03256876939186381,0.053448296539452884,0.07510942282775711,0,0,2,0.0,0.0,0.0,0.0,False,1,True,0.0008813329914119095,72.0300387296826,28.746482744479728,0,2,0.1
14,contamination-sweep,DIA-reject,9014,0.008919988220195704,0.013825607980903107,0.025048712742709846,2,0,0,1.0,1.0,1.0,0.0,True,3,True,0.0049008750065695494,119.8836051531758,1.0741871501856817,2,2,0.1
14,contamination-sweep,DIA-inflate,9014,0.009144951146152087,0.014315240073199537,0.025128714136783914,2,0,0,1.0,1.0,1.0,0.0,True,3,True,0.005878167023183778,118.90017617203799,1.1925139641649989,2,2,0.1
14,contamination-sweep,Huber,9014,0.011500816153850443,0.019071042675008136,0.025767570286769476,2,0,0,1.0,1.0,1.0,0.0,True,7,True,0.005037833005189896,108.38331256280969,4.922138423531496,2,2,0.1
14,contamination-sweep,Hampel,9014,0.008919988221261716,0.01382560798310401,0.025048712743869477,2,0,0,1.0,1.0,1.0,0.0,True,4,True,0.0036125420010648668,119.8836051531758,0.8354788945955117,2,2,0.1
15,contamination-sweep,WLS,9015,0.1480732722986414,0.2561500758324664,0.286730825970371,0,0,2,0.0,0.0,0.0,0.0,False,1,True,0.0006355420046020299,574.5000452359177,14.46603009520592,0,2,0.1
15,contamination-sweep,DIA-reject,9015,0.1442408920104445,0.24980541567146303,0.255754585721907,1,0,1,1.0,0.5,0.6666666666666666,0.0,False,2,True,0.003918707981938496,574.3072496732515,0.8008780799541361,1,2,0.1
15,contamination-sweep,DIA-inflate,9015,0.14429281465190066,0.24989406890644902,0.2561708323107745,1,0,1,1.0,0.5,0.6666666666666666,0.0,False,2,True,0.0035177920071873814,574.297155548063,0.9780969288050357,1,2,0.1
15,contamination-sweep,Huber,9015,0.14478526777060802,0.250730962624956,0.260155304243322,1,0,1,1.0,0.5,0.6666666666666666,0.0,False,11,True,0.00753079098649323,574.2174641818732,3.303886208071472,1,2,0.1
15,contamination-sweep,Hampel,9015,0.14424089201047727,0.24980541567151823,0.25575458572215115,1,0,1,1.0,0.5,0.6666666666666666,0.0,False,4,True,0.0031781669822521508,574.3072496732515,0.7118916266309566,1,2,0.1
16,contamination-sweep,WLS,9016,0.032749615945405354,0.05331092036168177,0.08601546519002837,0,0,2,0.0,0.0,0.0,0.0,False,1,True,0.0006427500047720969,95.67076443685055,23.84816435847097,0,2,0.1
16,contamination-sweep,DIA-reject,9016,0.007433135736669006,0.011609963960012784,0.020301298345631245,2,0,0,1.0,1.0,1.0,0.0,True,3,True,0.005268209002679214,102.07652750646812,0.7809311381546487,2,2,0.1
16,contamination-sweep,DIA-inflate,9016,0.00739755013707782,0.011646948909701,0.020559731831284105,2,0,0,1.0,1.0,1.0,0.0,True,3,True,0.005408416996942833,101.85304431296622,1.1383129692385623,2,2,0.1
16,contamination-sweep,Huber,9016,0.010154497952449298,0.01634810184431,0.029146132377233114,2,0,0,1.0,1.0,1.0,0.0,True,12,True,0.008088333008345217,100.04642214092641,5.781816392341307,2,2,0.1
16,contamination-sweep,Hampel,9016,0.007433135736579946,0.011609963959793796,0.02030129834515194,2,0,0,1.0,1.0,1.0,0.0,True,5,True,0.0037383340240921825,102.07652750646812,0.607390885242981,2,2,0.1
17,contamination-sweep,WLS,9017,0.015091346307138168,0.02192103343066343,0.04509309859666095,0,0,2,0.0,0.0,0.0,0.0,False,1,True,0.0006505420024041086,36.937057565881,18.375656387216438,0,2,0.1
17,contamination-sweep,DIA-reject,9017,0.005970040658952318,0.008875194902993412,0.02075339161555225,2,0,0,1.0,1.0,1.0,0.0,True,3,True,0.005093541985843331,37.22076646404724,1.0616267593780384,2,2,0.1
17,contamination-sweep,DIA-inflate,9017,0.005846501000196565,0.008760217640355549,0.019800910446102132,2,0,0,1.0,1.0,1.0,0.0,True,3,True,0.004988000000594184,37.17160109521853,1.184350195167095,2,2,0.1
17,contamination-sweep,Huber,9017,0.007006150038134851,0.010417361142520712,0.020123036062589056,2,0,0,1.0,1.0,1.0,0.0,True,14,True,0.009419041976798326,36.99061255110763,4.768679894814966,2,2,0.1
17,contamination-sweep,Hampel,9017,0.006190765194056534,0.009146799531633266,0.021544542287791266,2,0,0,1.0,1.0,1.0,0.0,True,10,True,0.0067371249897405505,37.1972212466905,0.9978695573061115,2,2,0.1
18,contamination-sweep,WLS,9018,0.07767016090887696,0.1336971789247434,0.1469600528696997,0,0,2,0.0,0.0,0.0,0.0,False,1,True,0.0008315420127473772,145.74587133926505,16.140029049106904,0,2,0.1
18,contamination-sweep,DIA-reject,9018,0.102075243493805,0.17673797576646003,0.18249787888051158,1,1,1,0.5,0.5,0.5,0.07142857142857142,False,3,True,0.004734749993076548,237.43826643976627,1.4865140303851407,2,2,0.1
18,contamination-sweep,DIA-inflate,9018,0.10175657761279612,0.1761810940214355,0.18208771492109554,1,1,1,0.5,0.5,0.5,0.07142857142857142,False,3,True,0.005273457994917408,235.55644006370287,1.3975824242701196,2,2,0.1
18,contamination-sweep,Huber,9018,0.09574469616585522,0.16569440368186342,0.1729512189672641,1,1,1,0.5,0.5,0.5,0.07142857142857142,False,9,True,0.006261458998778835,204.51158485176006,4.557253168218456,2,2,0.1
18,contamination-sweep,Hampel,9018,0.1020574044971058,0.17670713780315572,0.18246474042662675,1,1,1,0.5,0.5,0.5,0.07142857142857142,False,10,True,0.006748667015926912,237.331023684171,1.1601579998278158,2,2,0.1
19,contamination-sweep,WLS,9019,0.03990448208333631,0.06469840609075383,0.10979285482565376,0,0,2,0.0,0.0,0.0,0.0,False,1,True,0.0009141250047832727,137.28760979379322,9.61574082505394,0,2,0.1
19,contamination-sweep,DIA-reject,9019,0.009029841527450995,0.01509514245905189,0.022603421847166863,2,0,0,1.0,1.0,1.0,0.0,True,3,True,0.004728541010990739,231.23242859776428,1.319864296995214,2,2,0.1
19,contamination-sweep,DIA-inflate,9019,0.008646542260846202,0.014455785824381154,0.021389949103491412,2,0,0,1.0,1.0,1.0,0.0,True,3,True,0.00506720898556523,229.03458744804846,1.2012958565222267,2,2,0.1
19,contamination-sweep,Huber,9019,0.014713408125632486,0.02395649604148318,0.03640122713100597,2,0,0,1.0,1.0,1.0,0.0,True,21,True,0.013285374996485189,203.66610953151772,3.9658405325812973,2,2,0.1
19,contamination-sweep,Hampel,9019,0.008946270962632771,0.014999580772029775,0.021813188993208336,2,0,0,1.0,1.0,1.0,0.0,True,10,True,0.006783749995520338,231.2320510701352,1.109886269416114,2,2,0.1
20,contamination-sweep,WLS,9020,0.025242563506287334,0.03382616476560154,0.09339036891976851,0,0,2,0.0,0.0,0.0,0.0,False,1,True,0.0006729160086251795,92.9876384765261,18.469340095951612,0,2,0.1
20,contamination-sweep,DIA-reject,9020,0.005565696040327841,0.008538176042871798,0.019248343395566286,2,0,0,1.0,1.0,1.0,0.0,True,3,True,0.004909582989057526,98.99346890566815,0.9284768097857403,2,2,0.1
20,contamination-sweep,DIA-inflate,9020,0.005582877396576753,0.008629491590443964,0.019014781990979553,2,0,0,1.0,1.0,1.0,0.0,True,3,True,0.005021374992793426,98.64856638238543,1.05791948385772,2,2,0.1
20,contamination-sweep,Huber,9020,0.011626965044840122,0.014808975966771191,0.04743624583421239,2,1,0,0.6666666666666666,1.0,0.8,0.07142857142857142,False,50,False,0.029767083004117012,100.83494114998764,4.710864064830089,3,2,0.1
20,contamination-sweep,Hampel,9020,0.005565696040362236,0.008538176042685159,0.01924834339648121,2,0,0,1.0,1.0,1.0,0.0,True,5,True,0.0038613330107182264,98.99346890566815,0.7221486298348047,2,2,0.1
21,contamination-sweep,WLS,9021,0.025884654199042477,0.03858459466370345,0.07692224245744052,0,0,2,0.0,0.0,0.0,0.0,False,1,True,0.0006298339867498726,162.84307730717467,28.116896635961346,0,2,0.1
21,contamination-sweep,DIA-reject,9021,0.05966929848011466,0.04835851023828668,0.27193215609248594,1,1,1,0.5,0.5,0.5,0.07142857142857142,False,3,True,0.004799624992301688,164.68719558979055,1.0723679835505657,2,2,0.1
21,contamination-sweep,DIA-inflate,9021,0.0579755022509747,0.046812334579692784,0.26422311896749656,1,1,1,0.5,0.5,0.5,0.07142857142857142,False,3,True,0.004988666012650356,164.43347080045828,1.4679191463712473,2,2,0.1
21,contamination-sweep,Huber,9021,0.008864347878377801,0.013118597082473189,0.02869222631508201,2,0,0,1.0,1.0,1.0,0.0,True,15,True,0.00956654199399054,168.34198300086538,5.622043774128389,2,2,0.1
21,contamination-sweep,Hampel,9021,0.0073368281219166635,0.012020546260173863,0.01756640823109086,2,0,0,1.0,1.0,1.0,0.0,True,4,True,0.003296957991551608,172.21285992072518,0.834063987207678,2,2,0.1
22,contamination-sweep,WLS,9022,0.0403494920037969,0.06466376220801014,0.11912800568084499,0,0,2,0.0,0.0,0.0,0.0,False,1,True,0.0006729580054525286,50.8192163398114,40.914510997794586,0,2,0.1
22,contamination-sweep,DIA-reject,9022,0.005345094292883974,0.008844633515454382,0.013861645636405368,2,0,0,1.0,1.0,1.0,0.0,True,3,False,0.004806874989299104,71.42643431668732,1.5654624438005433,2,2,0.1
22,contamination-sweep,DIA-inflate,9022,0.005064037122312894,0.008478354422041697,0.011631980957971536,2,0,0,1.0,1.0,1.0,0.0,True,3,False,0.005028666986618191,70.999460416615,1.8338482967987628,2,2,0.1
22,contamination-sweep,Huber,9022,0.00815467004605322,0.013128543575124411,0.021730258492362074,2,0,0,1.0,1.0,1.0,0.0,True,12,True,0.007968125020852312,69.97500031583456,6.723685462303812,2,2,0.1
22,contamination-sweep,Hampel,9022,0.005345094292822726,0.008844633515403702,0.013861645636660489,2,0,0,1.0,1.0,1.0,0.0,True,7,True,0.004960999998729676,71.42643431668732,1.2175819007362834,2,2,0.1
23,contamination-sweep,WLS,9023,0.030556883893123915,0.04233756861662089,0.09813098942129958,0,0,2,0.0,0.0,0.0,0.0,False,1,True,0.0006361249834299088,54.256467495770224,24.771906565598087,0,2,0.1
23,contamination-sweep,DIA-reject,9023,0.007193472913360763,0.011822033540137902,0.018075999803955942,2,0,0,1.0,1.0,1.0,0.0,True,3,True,0.004780541989021003,57.515921799654336,0.9026272944587302,2,2,0.1
23,contamination-sweep,DIA-inflate,9023,0.007214243781045331,0.011704302807491504,0.019583994112416993,2,0,0,1.0,1.0,1.0,0.0,True,3,True,0.00505954198888503,57.39256142826762,1.256868172352062,2,2,0.1
23,contamination-sweep,Huber,9023,0.012093355022973838,0.015010877682517628,0.04735208513617056,2,0,0,1.0,1.0,1.0,0.0,True,50,False,0.029664667003089562,57.42398605717152,5.956613391201948,2,2,0.1
23,contamination-sweep,Hampel,9023,0.007193472913513676,0.01182203354025815,0.01807599980495326,2,0,0,1.0,1.0,1.0,0.0,True,7,True,0.005051084008300677,57.515921799654336,0.7020434512447822,2,2,0.1
24,contamination-sweep,WLS,9024,0.019945668811729985,0.029110137415434383,0.06809323372111935,0,0,2,0.0,0.0,0.0,0.0,False,1,True,0.0006347910093609244,154.1593335635696,23.89133207194913,0,2,0.1
24,contamination-sweep,DIA-reject,9024,0.007424382581850235,0.01239297169346198,0.016542829775977458,2,0,0,1.0,1.0,1.0,0.0,True,3,True,0.004764832992805168,147.68123562145084,1.3615358628874503,2,2,0.1
24,contamination-sweep,DIA-inflate,9024,0.007495304701614195,0.012571049614965916,0.016624872241592183,2,0,0,1.0,1.0,1.0,0.0,True,3,True,0.005010332999518141,147.68989927304287,1.4793424272434792,2,2,0.1
24,contamination-sweep,Huber,9024,0.009002536156556731,0.01451370654326367,0.02355971691224422,2,0,0,1.0,1.0,1.0,0.0,True,40,True,0.023798749985871837,147.55571785296826,5.549285446789408,2,2,0.1
24,contamination-sweep,Hampel,9024,0.007158770270707365,0.01183367022476678,0.0160882952845861,2,0,0,1.0,1.0,1.0,0.0,True,12,True,0.007942625001305714,150.83866281079412,1.0005325182094142,2,2,0.1
25,contamination-sweep,WLS,9025,0.021902767554272614,0.03488485822261127,0.055769770355796035,0,0,2,0.0,0.0,0.0,0.0,False,1,True,0.0006371249910444021,54.68652762323172,23.410537347990626,0,2,0.1
25,contamination-sweep,DIA-reject,9025,0.007656414264458239,0.012539795565455437,0.02041263557956,2,0,0,1.0,1.0,1.0,0.0,True,3,True,0.0049910419911611825,47.900261845801985,0.8040600762206482,2,2,0.1
25,contamination-sweep,DIA-inflate,9025,0.007715289331878436,0.012733199132517529,0.01977586355211169,2,0,0,1.0,1.0,1.0,0.0,True,3,True,0.00492120799026452,47.881604626422536,1.113892989399862,2,2,0.1
25,contamination-sweep,Huber,9025,0.009211713979532871,0.015433445626766419,0.020096560379438275,2,0,0,1.0,1.0,1.0,0.0,True,11,True,0.007146749994717538,47.73328071599519,5.571949568646927,2,2,0.1
25,contamination-sweep,Hampel,9025,0.007656414264745412,0.012539795565766076,0.020412635579890478,2,0,0,1.0,1.0,1.0,0.0,True,5,True,0.0038401249912567437,47.900261845801985,0.6253800592739651,2,2,0.1
26,contamination-sweep,WLS,9026,0.01838530082978288,0.028646062722285544,0.0538387977337324,0,0,2,0.0,0.0,0.0,0.0,False,1,True,0.000646083994070068,104.41836864994514,22.139773777613705,0,2,0.1
26,contamination-sweep,DIA-reject,9026,0.005537336774467882,0.00932606441261433,0.013330464404690568,2,0,0,1.0,1.0,1.0,0.0,True,3,True,0.004782375006470829,101.00527144666482,1.1678608893882236,2,2,0.1
26,contamination-sweep,DIA-inflate,9026,0.005404353086986879,0.009087986382182361,0.01319916015869946,2,0,0,1.0,1.0,1.0,0.0,True,3,True,0.0050702919834293425,100.94149507487205,1.2786052630247045,2,2,0.1
26,contamination-sweep,Huber,9026,0.005663862242789513,0.009360039037975802,0.012778913309306226,2,0,0,1.0,1.0,1.0,0.0,True,8,True,0.0054090839985292405,100.4017687453056,5.158976753934519,2,2,0.1
26,contamination-sweep,Hampel,9026,0.005537336774289453,0.009326064412315852,0.013330464404635967,2,0,0,1.0,1.0,1.0,0.0,True,4,True,0.0032635000243317336,101.00527144666482,0.9083362473023514,2,2,0.1
27,contamination-sweep,WLS,9027,0.023988035934709235,0.03926482378037086,0.05526688748722213,0,0,2,0.0,0.0,0.0,0.0,False,1,True,0.0006308750016614795,69.457618080834,17.116786243207844,0,2,0.1
27,contamination-sweep,DIA-reject,9027,0.004931069079851136,0.007673794981707586,0.013876666239022608,2,0,0,1.0,1.0,1.0,0.0,True,3,True,0.0047991659957915545,67.19187815311693,1.1607991431827556,2,2,0.1
27,contamination-sweep,DIA-inflate,9027,0.00470973763089905,0.007160899545478045,0.013499951819877084,2,0,0,1.0,1.0,1.0,0.0,True,3,True,0.00494924999657087,66.91770474806479,1.3056020218465818,2,2,0.1
27,contamination-sweep,Huber,9027,0.00872348039948138,0.014322145480823209,0.022800072178418288,2,0,0,1.0,1.0,1.0,0.0,True,23,True,0.014182790997438133,64.59638913390475,5.350088872066886,2,2,0.1
27,contamination-sweep,Hampel,9027,0.004931069079667993,0.00767379498135963,0.013876666239575385,2,0,0,1.0,1.0,1.0,0.0,True,5,True,0.003719041997101158,67.19187815311693,0.9028437780192923,2,2,0.1
28,contamination-sweep,WLS,9028,0.021892832546765526,0.030933886381887907,0.07815231736420239,0,0,2,0.0,0.0,0.0,0.0,False,1,True,0.000702207995345816,44.947771106622156,25.210803775127648,0,2,0.1
28,contamination-sweep,DIA-reject,9028,0.006858767337553852,0.010867494990907039,0.018736994016492405,2,0,0,1.0,1.0,1.0,0.0,True,3,True,0.00476120799430646,57.77911133074859,0.6450228530074025,2,2,0.1
28,contamination-sweep,DIA-inflate,9028,0.006613798941483791,0.010554260962382354,0.01704135310758093,2,0,0,1.0,1.0,1.0,0.0,True,3,True,0.005028958024922758,57.21605968833683,0.9289815357902107,2,2,0.1
28,contamination-sweep,Huber,9028,0.006156451503969824,0.00973582258332578,0.015627653775869055,2,0,0,1.0,1.0,1.0,0.0,True,12,True,0.007781457999954,52.60974533262795,5.13818982237571,2,2,0.1
28,contamination-sweep,Hampel,9028,0.0068587673377390485,0.0108674949911536,0.018736994016353325,2,0,0,1.0,1.0,1.0,0.0,True,4,True,0.0031635840132366866,57.77911133074859,0.5016844412250235,2,2,0.1
29,contamination-sweep,WLS,9029,0.02810496425816543,0.043931596113097306,0.07778351896923183,0,0,2,0.0,0.0,0.0,0.0,False,1,True,0.0006264580006245524,58.29753806470466,20.993037641635222,0,2,0.1
29,contamination-sweep,DIA-reject,9029,0.006765364932998462,0.011299856771821432,0.014482028311361483,2,0,0,1.0,1.0,1.0,0.0,True,3,True,0.004766333004226908,59.935932836152624,0.7970680613913531,2,2,0.1
29,contamination-sweep,DIA-inflate,9029,0.006878393870600777,0.011495853683638365,0.015215705620596333,2,0,0,1.0,1.0,1.0,0.0,True,3,True,0.004945958993630484,59.88531741030795,1.0915066520091994,2,2,0.1
29,contamination-sweep,Huber,9029,0.010066374305565598,0.016372896942681535,0.022169482750723023,2,0,0,1.0,1.0,1.0,0.0,True,50,False,0.029602208000142127,61.160258192402196,5.460085679656726,2,2,0.1
29,contamination-sweep,Hampel,9029,0.006765364933234584,0.011299856772158678,0.014482028311700647,2,0,0,1.0,1.0,1.0,0.0,True,6,True,0.004375874996185303,59.935932836152624,0.6199418255359788,2,2,0.1
0,contamination-sweep,WLS,9000,0.025945003660203952,0.04164166281947973,0.06727036198365678,0,0,3,0.0,0.0,0.0,0.0,False,1,True,0.0006769589963369071,118.66824853707872,20.284472537038027,0,3,0.2
0,contamination-sweep,DIA-reject,9000,0.005524736179441217,0.009081475696895143,0.013545531204180557,3,0,0,1.0,1.0,1.0,0.0,True,4,True,0.005972916987957433,169.15919952130153,0.7856655595993043,3,3,0.2
0,contamination-sweep,DIA-inflate,9000,0.005207750692186797,0.008585182095026265,0.01291447827695552,3,0,0,1.0,1.0,1.0,0.0,True,4,True,0.006414040981326252,167.27397349862397,0.8997177914910671,3,3,0.2
0,contamination-sweep,Huber,9000,0.010425427336404629,0.016499622239311063,0.0326643742842765,3,0,0,1.0,1.0,1.0,0.0,True,14,True,0.008885250019375235,145.97720304481908,5.62063744132892,3,3,0.2
0,contamination-sweep,Hampel,9000,0.005524736179126965,0.009081475696370635,0.013545531203646165,3,0,0,1.0,1.0,1.0,0.0,True,7,True,0.00513487498392351,169.15919952130153,0.5237770397351299,3,3,0.2
1,contamination-sweep,WLS,9001,0.04732775963643756,0.07433472154947737,0.14243338712609183,0,0,3,0.0,0.0,0.0,0.0,False,1,True,0.0006477500137407333,66.06835847866836,21.738871020822415,0,3,0.2
1,contamination-sweep,DIA-reject,9001,0.035815582419762314,0.035033538843722824,0.15997067194109918,2,1,1,0.6666666666666666,0.6666666666666666,0.6666666666666666,0.07692307692307693,False,4,True,0.00597095798002556,110.68813276236015,0.6041701918299939,3,3,0.2
1,contamination-sweep,DIA-inflate,9001,0.00951772678545988,0.01556837695661055,0.022474817000256175,3,0,0,1.0,1.0,1.0,0.0,True,4,True,0.006436499999836087,119.38756372480731,0.946071351514072,3,3,0.2
1,contamination-sweep,Huber,9001,0.0363535309309651,0.042760513858091445,0.15169193997497762,2,2,1,0.5,0.6666666666666666,0.5714285714285715,0.15384615384615385,False,32,True,0.019151499989675358,92.41831114592186,6.191663353188881,4,3,0.2
1,contamination-sweep,Hampel,9001,0.035815582419808444,0.03503353884388515,0.15997067194122766,2,1,1,0.6666666666666666,0.6666666666666666,0.6666666666666666,0.07692307692307693,False,8,True,0.005546875006984919,110.68813276236015,0.4027801278886499,3,3,0.2
2,contamination-sweep,WLS,9002,0.024121695398811524,0.03979317469356608,0.059966251924038184,0,0,3,0.0,0.0,0.0,0.0,False,1,True,0.0006212500156834722,97.13838669408904,41.586715594842914,0,3,0.2
2,contamination-sweep,DIA-reject,9002,0.007272916590276586,0.011728754509585718,0.019996246755660724,3,0,0,1.0,1.0,1.0,0.0,True,4,True,0.00602087497827597,94.34440885946712,1.447644576587518,3,3,0.2
2,contamination-sweep,DIA-inflate,9002,0.007289447486762081,0.0117294658841173,0.019930552391410727,3,0,0,1.0,1.0,1.0,0.0,True,4,False,0.006442707992391661,94.31599675609246,1.65487329713501,3,3,0.2
2,contamination-sweep,Huber,9002,0.008571546517397903,0.014237323007178448,0.02073385662059195,3,0,0,1.0,1.0,1.0,0.0,True,13,True,0.008384459011722356,94.10083549856463,8.167856365995302,3,3,0.2
2,contamination-sweep,Hampel,9002,0.0072729165902475626,0.011728754509577995,0.019996246755198174,3,0,0,1.0,1.0,1.0,0.0,True,5,True,0.003756916004931554,94.34440885946712,0.9650963844046224,3,3,0.2
3,contamination-sweep,WLS,9003,0.03696239612869908,0.057597613672184335,0.11012005658845749,0,0,3,0.0,0.0,0.0,0.0,False,1,True,0.0006824579904787242,202.36356530278127,29.838553066073278,0,3,0.2
3,contamination-sweep,DIA-reject,9003,0.04028141471679457,0.044705643826065664,0.1747204575769668,2,2,1,0.5,0.6666666666666666,0.5714285714285715,0.15384615384615385,False,5,True,0.007002541999099776,185.67249137156833,0.9404785101263542,4,3,0.2
3,contamination-sweep,DIA-inflate,9003,0.028505248714029846,0.036653385413472836,0.11559245807580742,2,2,1,0.5,0.6666666666666666,0.5714285714285715,0.15384615384615385,False,5,True,0.007984208001289517,219.4499103612289,1.219139433770198,4,3,0.2
3,contamination-sweep,Huber,9003,0.03245280852638971,0.04709459449871373,0.09242515602358682,1,4,2,0.2,0.3333333333333333,0.25,0.3076923076923077,False,50,False,0.029756167001323774,180.87930420361388,7.999298781916103,5,3,0.2
3,contamination-sweep,Hampel,9003,0.030828443419449233,0.03912783062020211,0.12557130483495207,2,2,1,0.5,0.6666666666666666,0.5714285714285715,0.15384615384615385,False,26,True,0.01632920900010504,219.98138887487144,1.5300819127007468,4,3,0.2
4,contamination-sweep,WLS,9004,0.02922285557913583,0.046019963380647864,0.0753629381679098,0,0,3,0.0,0.0,0.0,0.0,False,1,True,0.0006986670196056366,71.61569421700524,25.847876075534405,0,3,0.2
4,contamination-sweep,DIA-reject,9004,0.00711102469008735,0.011787949744602738,0.01673942348056284,3,0,0,1.0,1.0,1.0,0.0,True,4,True,0.005931374995270744,60.54717576419996,1.2411238295762783,3,3,0.2
4,contamination-sweep,DIA-inflate,9004,0.006610117211503407,0.010967273062448274,0.014318954033661449,3,0,0,1.0,1.0,1.0,0.0,True,4,False,0.006612083001527935,60.4787101101038,1.7033605621804535,3,3,0.2
4,contamination-sweep,Huber,9004,0.01776900222795187,0.024099821567863885,0.06369854344871886,3,3,0,0.5,1.0,0.6666666666666666,0.23076923076923078,False,50,False,0.029806667007505894,69.47261537594242,7.833529615652897,6,3,0.2
4,contamination-sweep,Hampel,9004,0.00711102469008735,0.011787949744602738,0.01673942348056284,3,0,0,1.0,1.0,1.0,0.0,True,8,True,0.005519332975381985,60.54717576419996,0.8274158863841855,3,3,0.2
5,contamination-sweep,WLS,9005,0.020655931223345782,0.03430963035465435,0.04961547754290307,0,0,3,0.0,0.0,0.0,0.0,False,1,True,0.0006487080245278776,76.80048626005059,41.518369796695616,0,3,0.2
5,contamination-sweep,DIA-reject,9005,0.009223113236729016,0.01577477874345611,0.020024895407633473,3,0,0,1.0,1.0,1.0,0.0,True,4,True,0.006307999981800094,79.21658821247853,1.1691335619044463,3,3,0.2
5,contamination-sweep,DIA-inflate,9005,0.00900951498876458,0.015418504402958541,0.01984144350313258,3,0,0,1.0,1.0,1.0,0.0,True,4,True,0.007609291991684586,78.97249741842603,1.3583104412105274,3,3,0.2
5,contamination-sweep,Huber,9005,0.00833339146704812,0.014085714751436784,0.019111712213569026,3,0,0,1.0,1.0,1.0,0.0,True,23,True,0.015678083000238985,77.0223860713889,7.335904479181242,3,3,0.2
5,contamination-sweep,Hampel,9005,0.009223113237305661,0.015774778744423273,0.02002489540924607,3,0,0,1.0,1.0,1.0,0.0,True,4,True,0.003403958020498976,79.21658821247853,0.7794223745955038,3,3,0.2
6,contamination-sweep,WLS,9006,0.031669666893019525,0.05208708011514669,0.0790150737616958,0,0,3,0.0,0.0,0.0,0.0,False,1,True,0.0008385000110138208,54.583852941304656,44.74847103186725,0,3,0.2
6,contamination-sweep,DIA-reject,9006,0.008617919428098716,0.014074639318957109,0.019917018985753113,3,0,0,1.0,1.0,1.0,0.0,True,4,True,0.0065090830030385405,64.55764702975817,1.08534002892007,3,3,0.2
6,contamination-sweep,DIA-inflate,9006,0.008466936577705872,0.013868649975707168,0.019468493752022965,3,0,0,1.0,1.0,1.0,0.0,True,4,False,0.008195625006919727,64.2460348238574,1.4896372578950552,3,3,0.2
6,contamination-sweep,Huber,9006,0.009789517457507776,0.01640092610948048,0.021122177846727944,3,0,0,1.0,1.0,1.0,0.0,True,38,True,0.02572862501256168,61.69075271197383,8.283220764447561,3,3,0.2
6,contamination-sweep,Hampel,9006,0.008617919428075788,0.014074639318921776,0.019917018985753113,3,0,0,1.0,1.0,1.0,0.0,True,5,True,0.004665874992497265,64.55764702975817,0.7235600192824565,3,3,0.2
7,contamination-sweep,WLS,9007,0.0343228432569254,0.05595159144072924,0.08080442681945547,0,0,3,0.0,0.0,0.0,0.0,False,1,True,0.00064900002325885,86.17692005913827,42.1760558388797,0,3,0.2
7,contamination-sweep,DIA-reject,9007,0.006545599269979397,0.010459456035532343,0.017138505744423493,3,0,0,1.0,1.0,1.0,0.0,True,4,True,0.006710042012855411,109.82876867405587,1.3433187660589319,3,3,0.2
7,contamination-sweep,DIA-inflate,9007,0.006191625550366757,0.009956230775557877,0.015961139957008794,3,0,0,1.0,1.0,1.0,0.0,True,4,False,0.007330833002924919,109.09806388484812,1.6845376376450678,3,3,0.2
7,contamination-sweep,Huber,9007,0.007391101959726124,0.012241028706093568,0.01940298886793718,3,0,0,1.0,1.0,1.0,0.0,True,13,True,0.008477458992274478,104.20560959098005,8.288504958680072,3,3,0.2
7,contamination-sweep,Hampel,9007,0.006537869236948235,0.010433764190377476,0.01690999133111341,3,0,0,1.0,1.0,1.0,0.0,True,9,True,0.006345667003188282,110.7554619096882,0.8834971296752848,3,3,0.2
8,contamination-sweep,WLS,9008,0.03843878230907267,0.06409001763260397,0.09993196816302438,0,0,3,0.0,0.0,0.0,0.0,False,1,True,0.0006436670082621276,93.4846162064664,63.915580588698695,0,3,0.2
8,contamination-sweep,DIA-reject,9008,0.006531012099226047,0.010898968862120457,0.01492668604759777,3,0,0,1.0,1.0,1.0,0.0,True,4,True,0.006106249988079071,136.43975414103627,1.0077094217572398,3,3,0.2
8,contamination-sweep,DIA-inflate,9008,0.006313535111814219,0.010486501980439118,0.014679925816414004,3,0,0,1.0,1.0,1.0,0.0,True,4,False,0.006502417003503069,135.52694408252123,1.5699564910331691,3,3,0.2
8,contamination-sweep,Huber,9008,0.007587245171195605,0.012261628454415276,0.017919131403073506,3,0,0,1.0,1.0,1.0,0.0,True,9,True,0.006101874983869493,126.93606790310926,8.77676430585138,3,3,0.2
8,contamination-sweep,Hampel,9008,0.00653101209922944,0.010898968862101883,0.014926686047829285,3,0,0,1.0,1.0,1.0,0.0,True,4,True,0.003208624984836206,136.43975414103627,0.6718062811717973,3,3,0.2
9,contamination-sweep,WLS,9009,0.02720409028990285,0.04394014226857564,0.0750062409920659,0,0,3,0.0,0.0,0.0,0.0,False,1,True,0.0006426660111173987,64.08404002902121,12.82447832378176,0,3,0.2
9,contamination-sweep,DIA-reject,9009,0.007953717182834252,0.012618425695152287,0.023959108688459876,3,0,0,1.0,1.0,1.0,0.0,True,4,True,0.005996541993226856,59.06955925248502,0.8233776470614983,3,3,0.2
9,contamination-sweep,DIA-inflate,9009,0.008506532426816775,0.01341763915606059,0.02506746321852194,3,0,0,1.0,1.0,1.0,0.0,True,4,True,0.0064638749754522,59.04953640195826,0.8186451156437907,3,3,0.2
9,contamination-sweep,Huber,9009,0.020545927374249415,0.03252565397277857,0.05509950763128712,3,0,0,1.0,1.0,1.0,0.0,True,16,True,0.010201041994150728,59.81261496159033,4.912379759122074,3,3,0.2
9,contamination-sweep,Hampel,9009,0.016977647082106893,0.02643126987138827,0.04318224343600241,3,0,0,1.0,1.0,1.0,0.0,True,50,False,0.030770082987146452,59.484242642588995,2.165197289083553,3,3,0.2
10,contamination-sweep,WLS,9010,0.039391276165361505,0.06043427981423323,0.11209981627975216,0,0,3,0.0,0.0,0.0,0.0,False,1,True,0.0006427500047720969,55.75970485923196,35.96482819266825,0,3,0.2
10,contamination-sweep,DIA-reject,9010,0.03838483415031909,0.032350904794825705,0.17439522710189725,2,1,1,0.6666666666666666,0.6666666666666666,0.6666666666666666,0.07692307692307693,False,4,True,0.006076709018088877,67.11631108707674,0.8575882275355368,3,3,0.2
10,contamination-sweep,DIA-inflate,9010,0.0058568491289179994,0.009460305837452655,0.014586207362115706,3,0,0,1.0,1.0,1.0,0.0,True,4,True,0.006534166022902355,132.6434155359492,1.3915908386335085,3,3,0.2
10,contamination-sweep,Huber,9010,0.022633366990803882,0.027978376605339673,0.09267432381230305,3,1,0,0.75,1.0,0.8571428571428571,0.07692307692307693,False,30,True,0.01814408300560899,80.51556142403575,7.415980850158146,4,3,0.2
10,contamination-sweep,Hampel,9010,0.005410956731696709,0.008771600372710612,0.013312040357879083,3,0,0,1.0,1.0,1.0,0.0,True,5,True,0.0037596659967675805,143.6143564256454,0.5717254850239285,3,3,0.2
11,contamination-sweep,WLS,9011,0.034577731363162084,0.05783111341751708,0.08164218878436148,0,0,3,0.0,0.0,0.0,0.0,False,1,True,0.0006385000015143305,51.37241934118985,27.372364432511358,0,3,0.2
11,contamination-sweep,DIA-reject,9011,0.0057848451355595396,0.009053018535526947,0.016107058368809327,3,0,0,1.0,1.0,1.0,0.0,True,4,True,0.006006542011164129,72.85093573548741,0.6510365745049471,3,3,0.2
11,contamination-sweep,DIA-inflate,9011,0.005839849223306993,0.00904121162026528,0.01699664177600738,3,0,0,1.0,1.0,1.0,0.0,True,4,True,0.006605333008337766,72.07364391679592,0.9041620359828836,3,3,0.2
11,contamination-sweep,Huber,9011,0.012165391772744203,0.01958386226262144,0.03093504393890968,3,0,0,1.0,1.0,1.0,0.0,True,11,True,0.007229457987705246,62.15154039085897,6.216157040508142,3,3,0.2
11,contamination-sweep,Hampel,9011,0.005784845135429676,0.009053018535364072,0.016107058368054886,3,0,0,1.0,1.0,1.0,0.0,True,5,True,0.003755375015316531,72.85093573548741,0.43402438300338353,3,3,0.2
12,contamination-sweep,WLS,9012,0.03442574156864019,0.05293691116215359,0.10714779961671858,0,0,3,0.0,0.0,0.0,0.0,False,1,True,0.0006306669965852052,60.55705056924767,45.44028718160743,0,3,0.2
12,contamination-sweep,DIA-reject,9012,0.011310032057729517,0.017602518687003733,0.03181585780892479,3,0,0,1.0,1.0,1.0,0.0,True,4,True,0.005997875006869435,99.7730561816232,0.785647889208825,3,3,0.2
12,contamination-sweep,DIA-inflate,9012,0.01180124070372389,0.018325615578751432,0.03378642024423606,3,0,0,1.0,1.0,1.0,0.0,True,4,True,0.0064457079861313105,98.03836996025974,1.1399022689481721,3,3,0.2
12,contamination-sweep,Huber,9012,0.01768339270127749,0.02689173396046263,0.05611603773151894,3,0,0,1.0,1.0,1.0,0.0,True,24,True,0.014756749995285645,82.98435803510121,7.320121443186413,3,3,0.2
12,contamination-sweep,Hampel,9012,0.011310032058403691,0.017602518688447748,0.03181585780935585,3,0,0,1.0,1.0,1.0,0.0,True,5,True,0.0037406249903142452,99.7730561816232,0.5237652594797974,3,3,0.2
13,contamination-sweep,WLS,9013,0.030772642499705617,0.04872464565565974,0.08757555898701318,0,0,3,0.0,0.0,0.0,0.0,False,1,True,0.0006362499843817204,87.49842952984612,44.04605111440101,0,3,0.2
13,contamination-sweep,DIA-reject,9013,0.07146623983525165,0.053837811951176,0.3267433102332463,2,1,1,0.6666666666666666,0.6666666666666666,0.6666666666666666,0.07692307692307693,False,4,True,0.005963125004200265,202.0429174919433,1.030452579558004,3,3,0.2
13,contamination-sweep,DIA-inflate,9013,0.0234016589297942,0.021973757875382974,0.10496652456312412,3,1,0,0.75,1.0,0.8571428571428571,0.07692307692307693,False,5,True,0.007944832992507145,2234.308190941056,1.2329842779402809,4,3,0.2
13,contamination-sweep,Huber,9013,0.007806128572245318,0.012297105528672943,0.02005881808918437,3,0,0,1.0,1.0,1.0,0.0,True,13,True,0.008278249995782971,118.05855574843245,7.6309357778000955,3,3,0.2
13,contamination-sweep,Hampel,9013,0.00494583053528959,0.007782644555378258,0.013906955888095191,3,0,0,1.0,1.0,1.0,0.0,True,4,True,0.003158167004585266,132.1839562700562,0.6869683863804441,3,3,0.2
14,contamination-sweep,WLS,9014,0.046659280777979005,0.07172036622097301,0.1321685231237113,0,0,3,0.0,0.0,0.0,0.0,False,1,True,0.0006465420010499656,63.89228376993471,46.910319792250384,0,3,0.2
14,contamination-sweep,DIA-reject,9014,0.006274453412902302,0.010320025738638858,0.01557674442257377,3,0,0,1.0,1.0,1.0,0.0,True,4,True,0.005901790980715305,85.00773309544837,0.8332095576445465,3,3,0.2
14,contamination-sweep,DIA-inflate,9014,0.006175754800444203,0.010116466955599453,0.01532832811450349,3,0,0,1.0,1.0,1.0,0.0,True,4,True,0.006455291004385799,84.5157558938523,1.3340894569995478,3,3,0.2
14,contamination-sweep,Huber,9014,0.011151585121470823,0.01678214091174763,0.03658901730015658,3,0,0,1.0,1.0,1.0,0.0,True,20,True,0.012230291002197191,72.51136365010821,7.969987981638085,3,3,0.2
14,contamination-sweep,Hampel,9014,0.006274453412796617,0.01032002573844903,0.015576744422271282,3,0,0,1.0,1.0,1.0,0.0,True,5,True,0.003825541993137449,85.00773309544837,0.555473038430076,3,3,0.2
15,contamination-sweep,WLS,9015,0.13193110990646142,0.22836211291769457,0.2392586772616631,0,0,3,0.0,0.0,0.0,0.0,False,1,True,0.0006318750092759728,648.7121110498554,16.472814526158615,0,3,0.2
15,contamination-sweep,DIA-reject,9015,0.13103909758252302,0.22687192105315826,0.2365554333322782,2,0,1,1.0,0.6666666666666666,0.8,0.0,False,3,True,0.004800542024895549,649.5577562579525,0.7624821193705015,2,3,0.2
15,contamination-sweep,DIA-inflate,9015,0.1310372807713004,0.2268713669265388,0.2364096197089715,2,0,1,1.0,0.6666666666666666,0.8,0.0,False,3,True,0.00491524999961257,649.5385671707327,0.8526273915323364,2,3,0.2
15,contamination-sweep,Huber,9015,0.1310414278803922,0.22689741386133194,0.23484348860737161,2,0,1,1.0,0.6666666666666666,0.8,0.0,False,8,True,0.0054398750071413815,649.2891547581703,4.19507109180763,2,3,0.2
15,contamination-sweep,Hampel,9015,0.1310390975813784,0.2268719210511814,0.2365554333303381,2,0,1,1.0,0.6666666666666666,0.8,0.0,False,4,True,0.0031133329903241247,649.5577562579525,0.5930416483944377,2,3,0.2
16,contamination-sweep,WLS,9016,0.0439243046744207,0.05827015120002965,0.17440568287197133,0,0,3,0.0,0.0,0.0,0.0,False,1,True,0.0006216249894350767,83.07261495082331,25.555231754318353,0,3,0.2
16,contamination-sweep,DIA-reject,9016,0.05071870484056256,0.04189983302396309,0.2307512906970039,2,0,1,1.0,0.6666666666666666,0.8,0.0,False,3,True,0.004792708990862593,85.87146122470324,0.6817779538750783,2,3,0.2
16,contamination-sweep,DIA-inflate,9016,0.050491222338246995,0.041816082339447655,0.22969410412611707,2,0,1,1.0,0.6666666666666666,0.8,0.0,False,3,True,0.004973832983523607,85.67727856834198,0.9770327192817121,2,3,0.2
16,contamination-sweep,Huber,9016,0.04876628506424965,0.04315314481939731,0.22067603117345616,2,0,1,1.0,0.6666666666666666,0.8,0.0,False,9,True,0.005984375020489097,84.41108029148,5.190853009536813,2,3,0.2
16,contamination-sweep,Hampel,9016,0.050718704840629444,0.04189983302383112,0.2307512906973193,2,0,1,1.0,0.6666666666666666,0.8,0.0,False,4,True,0.0032096670183818787,85.87146122470324,0.5302717419035159,2,3,0.2
17,contamination-sweep,WLS,9017,0.03371420076182508,0.05566975624608341,0.07874482531020417,0,0,3,0.0,0.0,0.0,0.0,False,1,True,0.0006328750168904662,40.97674495296493,34.88459126623742,0,3,0.2
17,contamination-sweep,DIA-reject,9017,0.007778865971961791,0.012103240453593655,0.022916202877458266,3,0,0,1.0,1.0,1.0,0.0,True,4,True,0.005902792006963864,54.28445680933021,0.39487599923299055,3,3,0.2
17,contamination-sweep,DIA-inflate,9017,0.007680647043521484,0.011725230655162401,0.022871161677798253,3,0,0,1.0,1.0,1.0,0.0,True,4,True,0.006377957994118333,53.888572043453024,1.0518060093450161,3,3,0.2
17,contamination-sweep,Huber,9017,0.011175507032911597,0.017290663673587992,0.03415987222543892,3,0,0,1.0,1.0,1.0,0.0,True,31,True,0.018443875014781952,52.314180746213964,7.979545753376663,3,3,0.2
17,contamination-sweep,Hampel,9017,0.007778865972915865,0.012103240455153529,0.022916202879201868,3,0,0,1.0,1.0,1.0,0.0,True,6,True,0.0044133340124972165,54.28445680933021,0.2632506661579226,3,3,0.2
18,contamination-sweep,WLS,9018,0.052456454297315575,0.0889025978471225,0.10673808219123684,0,0,3,0.0,0.0,0.0,0.0,False,1,True,0.0006272500031627715,165.16247428699089,33.22229210051988,0,3,0.2
18,contamination-sweep,DIA-reject,9018,0.01780659388717047,0.030283725106958894,0.03814029769220466,3,0,0,1.0,1.0,1.0,0.0,True,4,True,0.005903708981350064,501.1647314168134,0.9226322651718541,3,3,0.2
18,contamination-sweep,DIA-inflate,9018,0.01577737399437177,0.02670194453663224,0.03472389571051965,3,0,0,1.0,1.0,1.0,0.0,True,4,True,0.00653808398055844,483.92718851528736,1.26805774197564,3,3,0.2
18,contamination-sweep,Huber,9018,0.08082117500216833,0.1398653014163079,0.1471447428801995,2,1,1,0.6666666666666666,0.6666666666666666,0.6666666666666666,0.07692307692307693,False,12,True,0.007620290998602286,211.57291320920754,6.896485047690812,3,3,0.2
18,contamination-sweep,Hampel,9018,0.08949110518129352,0.15496488484805857,0.16028834555793608,2,1,1,0.6666666666666666,0.6666666666666666,0.6666666666666666,0.07692307692307693,False,4,True,0.0031580000068061054,233.97398785412008,0.6150881767709859,3,3,0.2
19,contamination-sweep,WLS,9019,0.032701619546469794,0.04817452009784889,0.10059634164432184,0,0,3,0.0,0.0,0.0,0.0,False,1,True,0.0006265419942792505,112.07014601973754,38.669667476936425,0,3,0.2
19,contamination-sweep,DIA-reject,9019,0.04858423197962557,0.04858263565153718,0.21685756793654157,2,1,1,0.6666666666666666,0.6666666666666666,0.6666666666666666,0.07692307692307693,False,4,True,0.0059350410010665655,115.46354325487897,0.6536902519382594,3,3,0.2
19,contamination-sweep,DIA-inflate,9019,0.011479557147844514,0.019262842423458625,0.02558251239528586,3,0,0,1.0,1.0,1.0,0.0,True,4,True,0.006393084011506289,101.3363527643164,1.0468880362233266,3,3,0.2
19,contamination-sweep,Huber,9019,0.018291925305352556,0.028895390174328517,0.058793724905226295,3,0,0,1.0,1.0,1.0,0.0,True,27,True,0.01629308401606977,101.29986280129225,7.145283470614039,3,3,0.2
19,contamination-sweep,Hampel,9019,0.011074175349337582,0.018431182344736778,0.023112927235110495,3,0,0,1.0,1.0,1.0,0.0,True,7,True,0.005044792022090405,101.41473180740599,0.43579350129061,3,3,0.2
20,contamination-sweep,WLS,9020,0.039525991482079116,0.06651871032053912,0.0930395958576673,0,0,3,0.0,0.0,0.0,0.0,False,1,True,0.0006248749850783497,80.44209863737386,61.263534477451564,0,3,0.2
20,contamination-sweep,DIA-reject,9020,0.008441906222760908,0.011727837593296665,0.028502016956700953,3,0,0,1.0,1.0,1.0,0.0,True,4,True,0.006025000009685755,125.31936936608768,0.924876118225413,3,3,0.2
20,contamination-sweep,DIA-inflate,9020,0.008631521870988604,0.012087727735474812,0.028829866228662782,3,0,0,1.0,1.0,1.0,0.0,True,4,True,0.006414833012968302,123.99702344680516,1.4389643907147824,3,3,0.2
20,contamination-sweep,Huber,9020,0.012145292344790923,0.01940144195873217,0.034567047624841835,3,0,0,1.0,1.0,1.0,0.0,True,10,True,0.006465833983384073,111.94530092468855,8.320945140306256,3,3,0.2
20,contamination-sweep,Hampel,9020,0.00844190622294213,0.011727837593751728,0.02850201695699293,3,0,0,1.0,1.0,1.0,0.0,True,4,True,0.0033102919987868518,125.31936936608768,0.6165840788145229,3,3,0.2
21,contamination-sweep,WLS,9021,0.03257919540400604,0.05546700945132998,0.07414719099760406,0,0,3,0.0,0.0,0.0,0.0,False,1,True,0.0006242500094231218,136.343043703894,37.84024472260929,0,3,0.2
21,contamination-sweep,DIA-reject,9021,0.010631310786749445,0.018135352133662814,0.022309624986373698,3,0,0,1.0,1.0,1.0,0.0,True,4,True,0.006121624988736585,137.61362134551717,0.5411335938434539,3,3,0.2
21,contamination-sweep,DIA-inflate,9021,0.010200454501826732,0.017291476271857713,0.02227628960104571,3,0,0,1.0,1.0,1.0,0.0,True,4,True,0.006479208008386195,137.55774958257078,1.03393181823204,3,3,0.2
21,contamination-sweep,Huber,9021,0.011887650129775162,0.019753395983555327,0.026585005870422545,3,0,0,1.0,1.0,1.0,0.0,True,47,True,0.02780020798672922,137.2176145665131,7.338073586158112,3,3,0.2
21,contamination-sweep,Hampel,9021,0.010631310788097143,0.018135352136037064,0.02230962498852522,3,0,0,1.0,1.0,1.0,0.0,True,6,True,0.004351374984253198,137.61362134551717,0.3607557292216641,3,3,0.2
22,contamination-sweep,WLS,9022,0.04046013290283119,0.06248899270014847,0.13548756452896774,0,0,3,0.0,0.0,0.0,0.0,False,1,True,0.0006775000074412674,70.4362512632676,39.60544272599679,0,3,0.2
22,contamination-sweep,DIA-reject,9022,0.006045533732572407,0.010257899237410042,0.013938606808534431,3,0,0,1.0,1.0,1.0,0.0,True,4,False,0.005837959004566073,111.2951387837432,1.6344756406962107,3,3,0.2
22,contamination-sweep,DIA-inflate,9022,0.006319732143724052,0.01076188434823869,0.013740943160127344,3,0,0,1.0,1.0,1.0,0.0,True,4,False,0.006492790998890996,110.035069289283,1.6870673808262249,3,3,0.2
22,contamination-sweep,Huber,9022,0.011736956546145408,0.018510645842865353,0.03772344363045554,3,0,0,1.0,1.0,1.0,0.0,True,10,True,0.0065843329939525574,99.20713504901688,7.717337919616899,3,3,0.2
22,contamination-sweep,Hampel,9022,0.006045533732084109,0.010257899236537462,0.013938606807689293,3,0,0,1.0,1.0,1.0,0.0,True,5,True,0.0037292919878382236,111.2951387837432,1.089650427113502,3,3,0.2
23,contamination-sweep,WLS,9023,0.04192255519068772,0.058828082517286794,0.12094485697065846,0,0,3,0.0,0.0,0.0,0.0,False,1,True,0.000617499987129122,65.47346243071475,26.960535812261796,0,3,0.2
23,contamination-sweep,DIA-reject,9023,0.03817989304527699,0.03812595193313001,0.17003818978256882,2,1,1,0.6666666666666666,0.6666666666666666,0.6666666666666666,0.07692307692307693,False,4,True,0.005988874996546656,78.16808901762666,0.9790548900456157,3,3,0.2
23,contamination-sweep,DIA-inflate,9023,0.03799469405013162,0.03830548136232078,0.16890467415973595,2,1,1,0.6666666666666666,0.6666666666666666,0.6666666666666666,0.07692307692307693,False,4,True,0.006463291996624321,77.88697267406738,1.0653047266470332,3,3,0.2
23,contamination-sweep,Huber,9023,0.03471240131027029,0.03978507841549663,0.14553417220358042,2,1,1,0.6666666666666666,0.6666666666666666,0.6666666666666666,0.07692307692307693,False,20,True,0.012159249978139997,75.78353138581822,5.927215332155606,3,3,0.2
23,contamination-sweep,Hampel,9023,0.03504169171181105,0.03547177695899676,0.15554890035532115,2,1,1,0.6666666666666666,0.6666666666666666,0.6666666666666666,0.07692307692307693,False,10,True,0.006693792005535215,76.20636013217752,1.202371143865872,3,3,0.2
24,contamination-sweep,WLS,9024,0.05246984343533889,0.08192734459297858,0.12957338978511945,0,0,3,0.0,0.0,0.0,0.0,False,1,True,0.0006286659918259829,132.79244267490716,35.280877869340856,0,3,0.2
24,contamination-sweep,DIA-reject,9024,0.008051383652638052,0.012919819091026933,0.01907693994069078,3,0,0,1.0,1.0,1.0,0.0,True,4,True,0.005879500007722527,159.29667876070235,0.9719000563171148,3,3,0.2
24,contamination-sweep,DIA-inflate,9024,0.008026656429333411,0.013006426192983367,0.017822910565151832,3,0,0,1.0,1.0,1.0,0.0,True,4,True,0.006423499988159165,158.02382909196314,1.477265746793522,3,3,0.2
24,contamination-sweep,Huber,9024,0.020738853820368167,0.03280333591567792,0.0576192019488458,3,0,0,1.0,1.0,1.0,0.0,True,26,True,0.015610708011081442,117.58472091343408,8.284322991267322,3,3,0.2
24,contamination-sweep,Hampel,9024,0.008051383652852215,0.012919819091527354,0.0190769399405036,3,0,0,1.0,1.0,1.0,0.0,True,5,True,0.003806833003181964,159.29667876070235,0.6479333708756646,3,3,0.2
25,contamination-sweep,WLS,9025,0.04395971192589141,0.06852766328233369,0.11998991653850127,0,0,3,0.0,0.0,0.0,0.0,False,1,True,0.0006398330151569098,55.39058595312773,28.538429592401727,0,3,0.2
25,contamination-sweep,DIA-reject,9025,0.006208715085220815,0.010213504472801024,0.016538225146784522,3,0,0,1.0,1.0,1.0,0.0,True,4,True,0.005933834007009864,75.85283263672768,0.7170417340141797,3,3,0.2
25,contamination-sweep,DIA-inflate,9025,0.006753996789203485,0.010900249739005219,0.019353816757743288,3,0,0,1.0,1.0,1.0,0.0,True,4,True,0.0064569590031169355,75.06366168084902,1.1558537790334047,3,3,0.2
25,contamination-sweep,Huber,9025,0.016425992562799207,0.025027833757344315,0.04802289177635501,3,0,0,1.0,1.0,1.0,0.0,True,27,True,0.01645583301433362,71.66535443533519,7.605509730066716,3,3,0.2
25,contamination-sweep,Hampel,9025,0.006208715084827059,0.010213504472054533,0.016538225145966087,3,0,0,1.0,1.0,1.0,0.0,True,6,True,0.0043004170001950115,75.85283263672768,0.47802782266942817,3,3,0.2
26,contamination-sweep,WLS,9026,0.02371001608740577,0.03402724718670365,0.07691715796481524,0,0,3,0.0,0.0,0.0,0.0,False,1,True,0.0006349169998429716,123.24481733982758,50.06035651252529,0,3,0.2
26,contamination-sweep,DIA-reject,9026,0.0410277298643244,0.043247943275829356,0.1734521784005393,2,1,1,0.6666666666666666,0.6666666666666666,0.6666666666666666,0.07692307692307693,False,4,True,0.005985042022075504,136.8247014672215,0.6365643957137971,3,3,0.2
26,contamination-sweep,DIA-inflate,9026,0.015888971065798122,0.02019457806276776,0.06396999873055635,3,0,0,1.0,1.0,1.0,0.0,True,4,True,0.006489958002930507,126.92772654710033,1.0765636104072809,3,3,0.2
26,contamination-sweep,Huber,9026,0.015474444018764352,0.020765077769143325,0.05912258038778536,3,0,0,1.0,1.0,1.0,0.0,True,15,True,0.009407625009771436,126.42221643624983,7.395754403732941,3,3,0.2
26,contamination-sweep,Hampel,9026,0.016027225709838718,0.020105398396906383,0.06478716855619132,3,0,0,1.0,1.0,1.0,0.0,True,4,True,0.003169207979226485,127.11328090808799,0.4243762638135927,3,3,0.2
27,contamination-sweep,WLS,9027,0.04098986462384111,0.04573728958180019,0.17695879062751155,0,0,3,0.0,0.0,0.0,0.0,False,1,True,0.0006785419827792794,65.89079783237666,37.8453554575509,0,3,0.2
27,contamination-sweep,DIA-reject,9027,0.04861273486979139,0.038109076210867406,0.22188603445935387,2,0,1,1.0,0.6666666666666666,0.8,0.0,False,3,True,0.00469037500442937,58.41531078761999,0.7816512148068078,2,3,0.2
27,contamination-sweep,DIA-inflate,9027,0.04783403739325153,0.037718641752958325,0.21829332042695945,2,0,1,1.0,0.6666666666666666,0.8,0.0,False,3,True,0.0049874169926624745,58.37050087166765,1.4582843688797613,2,3,0.2
27,contamination-sweep,Huber,9027,0.04766798734843943,0.04125377139406324,0.21625695299249284,2,0,1,1.0,0.6666666666666666,0.8,0.0,False,50,False,0.029796750022796914,82.06711299180148,6.235812340010104,2,3,0.2
27,contamination-sweep,Hampel,9027,0.039560261952147485,0.03215376278103303,0.18019864768085325,3,0,0,1.0,1.0,1.0,0.0,True,4,True,0.0032996249792631716,16199239.008115234,0.6079952323236801,3,3,0.2
28,contamination-sweep,WLS,9028,0.035249113169140055,0.04783000200674355,0.13435980410824166,0,0,3,0.0,0.0,0.0,0.0,False,1,True,0.0006351250049192458,43.222515332363386,58.76469853729447,0,3,0.2
28,contamination-sweep,DIA-reject,9028,0.048396499068187125,0.040883878963301014,0.21933365973503138,2,0,1,1.0,0.6666666666666666,0.8,0.0,False,3,True,0.004632750002201647,45.201086731570236,0.8202675869022433,2,3,0.2
28,contamination-sweep,DIA-inflate,9028,0.02659954654789237,0.0263756287589336,0.11736360241939009,3,0,0,1.0,1.0,1.0,0.0,True,4,True,0.006381499988492578,1904.2129291549331,1.3212074864508265,3,3,0.2
28,contamination-sweep,Huber,9028,0.03088053187146179,0.030959035379288735,0.13664577421674554,3,0,0,1.0,1.0,1.0,0.0,True,50,False,0.029448832996422425,157.34100298790264,7.671160928451753,3,3,0.2
28,contamination-sweep,Hampel,9028,0.0265310762547467,0.026273009276723557,0.11705754370953528,3,0,0,1.0,1.0,1.0,0.0,True,4,True,0.003269000008003786,19003804.821611825,0.6380543702481509,3,3,0.2
29,contamination-sweep,WLS,9029,0.02301633356836512,0.03553914016669962,0.07252338100862317,0,0,3,0.0,0.0,0.0,0.0,False,1,True,0.0006339169922284782,52.00203183569843,44.57358614436137,0,3,0.2
29,contamination-sweep,DIA-reject,9029,0.007465915272283978,0.012371437944466952,0.020007779750808894,3,0,0,1.0,1.0,1.0,0.0,True,4,True,0.00595449999673292,59.98451419113744,1.1908506280948714,3,3,0.2
29,contamination-sweep,DIA-inflate,9029,0.0074302347429882785,0.012357576360716051,0.01949127233119516,3,0,0,1.0,1.0,1.0,0.0,True,4,True,0.006339249986922368,59.714354268769924,1.4289178369110382,3,3,0.2
29,contamination-sweep,Huber,9029,0.008282043174036389,0.013785866731490955,0.022028507608400978,3,0,0,1.0,1.0,1.0,0.0,True,21,True,0.012885292002465576,57.207617539831865,7.678588419766009,3,3,0.2
29,contamination-sweep,Hampel,9029,0.007465915271713162,0.012371437943445683,0.020007779749772893,3,0,0,1.0,1.0,1.0,0.0,True,4,True,0.0032449169957544655,59.98451419113744,0.7939004187386476,3,3,0.2
0,contamination-sweep,WLS,9000,0.03596882694688518,0.05955765213944575,0.07587623081348181,0,0,5,0.0,0.0,0.0,0.0,False,1,True,0.0006362089770846069,119.22433853663252,74.30845071349682,0,5,0.3
0,contamination-sweep,DIA-reject,9000,0.013121717206912867,0.019976776264039375,0.03401249969026438,5,0,0,1.0,1.0,1.0,0.0,True,6,True,0.008260250004241243,233.50636301746397,1.1252755593087451,5,5,0.3
0,contamination-sweep,DIA-inflate,9000,0.011034478784982938,0.016959288695132264,0.029901394039244456,5,0,0,1.0,1.0,1.0,0.0,True,6,False,0.00931645798846148,223.63535822117572,1.6679638094497369,5,5,0.3
0,contamination-sweep,Huber,9000,0.02001120386177901,0.029663042574758915,0.046637806802867575,5,1,0,0.8333333333333334,1.0,0.9090909090909091,0.09090909090909091,False,21,True,0.012875707994680852,168.7029729350545,12.032237711814078,6,5,0.3
0,contamination-sweep,Hampel,9000,0.05819810326455131,0.0796972171238836,0.13642634378606217,4,1,1,0.8,0.8,0.8000000000000002,0.09090909090909091,False,6,True,0.004450167005416006,187.96943990195973,0.5001224707898939,5,5,0.3
1,contamination-sweep,WLS,9001,0.0398637667183016,0.05842953988431885,0.11397186432542761,0,0,5,0.0,0.0,0.0,0.0,False,1,True,0.000627999979769811,68.31476769585763,62.309095700770406,0,5,0.3
1,contamination-sweep,DIA-reject,9001,0.007273214133712556,0.012212823609378472,0.015614721645273673,5,0,0,1.0,1.0,1.0,0.0,True,6,True,0.008039500011363998,85.06406769515516,0.7187048263802255,5,5,0.3
1,contamination-sweep,DIA-inflate,9001,0.007423554304186205,0.01225394212280124,0.016187816911286183,5,0,0,1.0,1.0,1.0,0.0,True,6,True,0.00925141599145718,84.44738713318615,1.312243405061679,5,5,0.3
1,contamination-sweep,Huber,9001,0.012304065395344657,0.01875976220482314,0.03503473556655339,5,0,0,1.0,1.0,1.0,0.0,True,14,True,0.009012875001644716,79.41564922523423,11.432239227585741,5,5,0.3
1,contamination-sweep,Hampel,9001,0.007273214133674608,0.012212823609279454,0.01561472164506177,5,0,0,1.0,1.0,1.0,0.0,True,4,True,0.0033755409822333604,85.06406769515516,0.31942436727830587,5,5,0.3
2,contamination-sweep,WLS,9002,0.056024329876799506,0.09006751488454791,0.12618155889048233,0,0,5,0.0,0.0,0.0,0.0,False,1,True,0.0006277089996729046,74.89867089483123,78.0918382975293,0,5,0.3
2,contamination-sweep,DIA-reject,9002,0.016203617833058088,0.02699473758302761,0.038700235816795575,5,0,0,1.0,1.0,1.0,0.0,True,6,True,0.008224165998399258,148.81634204179105,0.9637297736207505,5,5,0.3
2,contamination-sweep,DIA-inflate,9002,0.017265358940896806,0.028615368197473613,0.04124185603686459,5,0,0,1.0,1.0,1.0,0.0,True,6,False,0.009375958004966378,146.20549424472546,1.6420043058608729,5,5,0.3
2,contamination-sweep,Huber,9002,0.02798807882445149,0.0451554074227315,0.0681094461476274,5,0,0,1.0,1.0,1.0,0.0,True,22,True,0.013534208002965897,118.486559601077,12.250846681922006,5,5,0.3
2,contamination-sweep,Hampel,9002,0.016203617832889965,0.02699473758278192,0.03870023581598865,5,0,0,1.0,1.0,1.0,0.0,True,5,True,0.0037792910006828606,148.81634204179105,0.4283243438342775,5,5,0.3
3,contamination-sweep,WLS,9003,0.042594641162963714,0.064008802594903,0.13247508853199624,0,0,5,0.0,0.0,0.0,0.0,False,1,True,0.0006254999898374081,224.80675369412657,73.96756887483258,0,5,0.3
3,contamination-sweep,DIA-reject,9003,0.044224867303439136,0.04571458223394819,0.19585313589351455,4,0,1,1.0,0.8,0.888888888888889,0.0,False,5,True,0.0071048749960027635,229.72752570419166,1.2575550400586593,4,5,0.3
3,contamination-sweep,DIA-inflate,9003,0.017973023160321257,0.027032847627312562,0.06282880759127789,5,0,0,1.0,1.0,1.0,0.0,True,6,False,0.009352082997793332,884.4152550662303,1.7846769115348469,5,5,0.3
3,contamination-sweep,Huber,9003,0.030029701831932522,0.039479902355745576,0.11841397714082011,5,0,0,1.0,1.0,1.0,0.0,True,21,True,0.012984792003408074,200.84400908768765,11.482864155373447,5,5,0.3
3,contamination-sweep,Hampel,9003,0.04928846755441125,0.04913238051889176,0.21977772385033123,4,0,1,1.0,0.8,0.888888888888889,0.0,False,5,True,0.0037952919956296682,215.94710085585228,0.6986416889238269,4,5,0.3
4,contamination-sweep,WLS,9004,0.039428655833146746,0.06355329143654619,0.09544570518718337,0,0,5,0.0,0.0,0.0,0.0,False,1,True,0.0006224589888006449,63.805058823623476,57.266656491300246,0,5,0.3
4,contamination-sweep,DIA-reject,9004,0.011705905442852098,0.015288206501879014,0.04771313931913943,5,0,0,1.0,1.0,1.0,0.0,True,6,True,0.008150582987582311,158.7065969337663,0.7299462264212556,5,5,0.3
4,contamination-sweep,DIA-inflate,9004,0.03122884533794171,0.027554158022905225,0.14150323745673693,4,1,1,0.8,0.8,0.8000000000000002,0.09090909090909091,False,6,True,0.009309834014857188,105.57714425810286,1.4770709093630872,5,5,0.3
4,contamination-sweep,Huber,9004,0.02329957761746972,0.027963940604779663,0.09203898365452,5,1,0,0.8333333333333334,1.0,0.9090909090909091,0.09090909090909091,False,44,True,0.026130625017685816,90.69875992614047,11.362591365964075,6,5,0.3
4,contamination-sweep,Hampel,9004,0.011705905442852098,0.015288206501879014,0.04771313931913943,5,0,0,1.0,1.0,1.0,0.0,True,6,True,0.0044810830149799585,158.7065969337663,0.3244205450761136,5,5,0.3
5,contamination-sweep,WLS,9005,0.0368447017490884,0.05443010011007748,0.11564654443885916,0,0,5,0.0,0.0,0.0,0.0,False,1,True,0.0006275409832596779,62.54397305044967,46.287637019378856,0,5,0.3
5,contamination-sweep,DIA-reject,9005,0.037190126447648394,0.03745215076942915,0.16529573914558413,4,0,1,1.0,0.8,0.888888888888889,0.0,False,5,True,0.007215000019641593,66.62347044803113,0.528187188328945,4,5,0.3
5,contamination-sweep,DIA-inflate,9005,0.036088763947448387,0.03624155040490935,0.1605316420722988,4,0,1,1.0,0.8,0.888888888888889,0.0,False,5,True,0.007899042015196756,65.77171542659492,1.2376380890313352,4,5,0.3
5,contamination-sweep,Huber,9005,0.03146233901835879,0.03367096627342348,0.1368842241943323,4,0,1,1.0,0.8,0.888888888888889,0.0,False,19,True,0.011739332985598594,59.75194100270717,9.496888727856936,4,5,0.3
5,contamination-sweep,Hampel,9005,0.03634674313580873,0.03866583920798363,0.15928576563552377,4,0,1,1.0,0.8,0.888888888888889,0.0,False,39,True,0.024011208006413653,63.325088569792534,1.0344133455161821,4,5,0.3
6,contamination-sweep,WLS,9006,0.026775559578966823,0.04301695545541554,0.06009078032528352,0,0,5,0.0,0.0,0.0,0.0,False,1,True,0.0006299999949987978,53.012474078651614,65.22953960838937,0,5,0.3
6,contamination-sweep,DIA-reject,9006,0.05996980989986584,0.06468209886297624,0.1970016038551948,4,1,1,0.8,0.8,0.8000000000000002,0.09090909090909091,False,6,True,0.00810054101748392,129.69015215141675,0.8731642386626337,5,5,0.3
6,contamination-sweep,DIA-inflate,9006,0.008558222670935544,0.01241186474042021,0.0319659582516554,5,0,0,1.0,1.0,1.0,0.0,True,6,True,0.009320000011939555,118.91024991270946,1.2970504299253696,5,5,0.3
6,contamination-sweep,Huber,9006,0.010808928656340536,0.0171130576905866,0.032307875943138505,5,0,0,1.0,1.0,1.0,0.0,True,22,True,0.013482958980603144,78.42167517691271,10.929696358180506,5,5,0.3
6,contamination-sweep,Hampel,9006,0.008419318690653464,0.012020765490581219,0.03192569688731056,5,0,0,1.0,1.0,1.0,0.0,True,5,True,0.003914250002708286,129.0398466168118,0.3880729949609679,5,5,0.3
7,contamination-sweep,WLS,9007,0.04242131289056465,0.06689008807165439,0.13025283992239878,0,0,5,0.0,0.0,0.0,0.0,False,1,True,0.0006280829838942736,89.5550602650107,64.69697184755942,0,5,0.3
7,contamination-sweep,DIA-reject,9007,0.050711199821462896,0.039893718324157744,0.23137271859197295,4,1,1,0.8,0.8,0.8000000000000002,0.09090909090909091,False,6,True,0.008052207995206118,98.15721455802458,0.9816636348301057,5,5,0.3
7,contamination-sweep,DIA-inflate,9007,0.0059247357592926925,0.00919053819646702,0.01668972508230267,5,0,0,1.0,1.0,1.0,0.0,True,6,True,0.009428000019397587,111.67345344106036,1.3682008681981588,5,5,0.3
7,contamination-sweep,Huber,9007,0.022290505541420782,0.026714450304740154,0.09251486362326662,5,1,0,0.8333333333333334,1.0,0.9090909090909091,0.09090909090909091,False,50,False,0.04017062499769963,115.63426053050038,10.943315065153566,6,5,0.3
7,contamination-sweep,Hampel,9007,0.0057519489670366875,0.00897845120931362,0.015877516912918638,5,0,0,1.0,1.0,1.0,0.0,True,7,True,0.006214291992364451,112.84133816783086,0.4362949488169903,5,5,0.3
8,contamination-sweep,WLS,9008,0.04224329374385568,0.05351590015120571,0.1649747259101968,0,0,5,0.0,0.0,0.0,0.0,False,1,True,0.0011042499972973019,101.79773160201032,40.23177900769356,0,5,0.3
8,contamination-sweep,DIA-reject,9008,0.03650439775368078,0.03534880830301838,0.16083130474829838,3,1,2,0.75,0.6,0.6666666666666665,0.09090909090909091,False,5,False,0.008359791012480855,88.88571621066605,1.7902015062501997,4,5,0.3
8,contamination-sweep,DIA-inflate,9008,0.03269702061432432,0.028547580178467657,0.14812978189462966,4,1,1,0.8,0.8,0.8000000000000002,0.09090909090909091,False,6,True,0.009682167001301423,156.26547181703296,0.9858877522355977,5,5,0.3
8,contamination-sweep,Huber,9008,0.03447148974435246,0.03539684459984359,0.15137541388733716,4,1,1,0.8,0.8,0.8000000000000002,0.09090909090909091,False,19,True,0.012034582992782816,98.77282346164097,8.101901959376574,5,5,0.3
8,contamination-sweep,Hampel,9008,0.03635634831981022,0.03529783408254299,0.16018115456352622,3,1,2,0.75,0.6,0.6666666666666665,0.09090909090909091,False,11,True,0.007655207999050617,88.8336363101116,1.0774633472417876,4,5,0.3
9,contamination-sweep,WLS,9009,0.0470404259263206,0.07601984351311245,0.13492667856926083,0,0,5,0.0,0.0,0.0,0.0,False,1,True,0.0006403750157915056,65.13434294357344,57.22095196025022,0,5,0.3
9,contamination-sweep,DIA-reject,9009,0.04295701973936403,0.048235643007052985,0.1383627291286385,3,3,2,0.5,0.6,0.5454545454545454,0.2727272727272727,False,7,True,0.00940020798589103,200.21939918429797,0.8028265393037852,6,5,0.3
9,contamination-sweep,DIA-inflate,9009,0.03912357784019738,0.043714122947901786,0.13108439409316752,4,2,1,0.6666666666666666,0.8,0.7272727272727272,0.18181818181818182,False,7,True,0.01105854200432077,189.68578283208558,1.3701211782080347,6,5,0.3
9,contamination-sweep,Huber,9009,0.04369316320841319,0.06729059443497956,0.12457824885776315,4,3,1,0.5714285714285714,0.8,0.6666666666666666,0.2727272727272727,False,39,True,0.023969292000401765,88.4247209964992,10.674788199870555,7,5,0.3
9,contamination-sweep,Hampel,9009,0.009267472876254908,0.014682475775609565,0.020420113727594533,5,0,0,1.0,1.0,1.0,0.0,True,10,True,0.006926666013896465,194.78968064945252,0.40562936221233425,5,5,0.3
10,contamination-sweep,WLS,9010,0.02700097716283407,0.04499476744145814,0.06554105239404355,0,0,5,0.0,0.0,0.0,0.0,False,1,True,0.0006485419871751219,61.561206457427915,102.2363096118734,0,5,0.3
10,contamination-sweep,DIA-reject,9010,0.006485672596161316,0.010226657830882082,0.017747607091933227,5,0,0,1.0,1.0,1.0,0.0,True,6,True,0.008474083995679393,60.429007003283886,1.5458937801471757,5,5,0.3
10,contamination-sweep,DIA-inflate,9010,0.006295533942197773,0.010108365277647727,0.017458234365226255,5,0,0,1.0,1.0,1.0,0.0,True,6,False,0.009439250017749146,59.42144493017861,2.1638607820514633,5,5,0.3
10,contamination-sweep,Huber,9010,0.007830496272705103,0.012666553978668471,0.018462139039548155,5,0,0,1.0,1.0,1.0,0.0,True,31,True,0.019415499991737306,51.88442149017204,13.925069621402566,5,5,0.3
10,contamination-sweep,Hampel,9010,0.0064856725962514185,0.010226657831062589,0.01774760709214185,5,0,0,1.0,1.0,1.0,0.0,True,5,True,0.004688541986979544,60.429007003283886,0.6870639022894053,5,5,0.3
11,contamination-sweep,WLS,9011,0.05151872793073007,0.0831625994609846,0.14869309544777712,0,0,5,0.0,0.0,0.0,0.0,False,1,True,0.0008003750117495656,42.47269467783909,62.15332323084266,0,5,0.3
11,contamination-sweep,DIA-reject,9011,0.05457719616980487,0.0445427748622156,0.24856005195297007,3,1,2,0.75,0.6,0.6666666666666665,0.09090909090909091,False,5,True,0.009849624999333173,67.21775449061799,1.2486650117562497,4,5,0.3
11,contamination-sweep,DIA-inflate,9011,0.012356369705712364,0.015394632225761484,0.05054868544225674,5,1,0,0.8333333333333334,1.0,0.9090909090909091,0.09090909090909091,False,7,False,0.01151445897994563,353.36181468346246,1.64740846410748,6,5,0.3
11,contamination-sweep,Huber,9011,0.032745666399288234,0.03868511967480574,0.13795290325461362,4,1,1,0.8,0.8,0.8000000000000002,0.09090909090909091,False,18,True,0.012207416002638638,60.92729933947281,10.834018074473587,5,5,0.3
11,contamination-sweep,Hampel,9011,0.032827909187971176,0.03144336290215548,0.14660990676285948,4,1,1,0.8,0.8,0.8000000000000002,0.09090909090909091,False,14,True,0.009547291992930695,68.88847743812399,0.7383263013129217,5,5,0.3
12,contamination-sweep,WLS,9012,0.05356593821383922,0.08676866888572407,0.13552089583733634,0,0,5,0.0,0.0,0.0,0.0,False,1,True,0.0006734160124324262,68.9252049727145,53.120945522510326,0,5,0.3
12,contamination-sweep,DIA-reject,9012,0.010776848499709002,0.017258593626008446,0.026817684311070223,5,0,0,1.0,1.0,1.0,0.0,True,6,True,0.008412292023422197,162.41316539276468,0.7319835405482493,5,5,0.3
12,contamination-sweep,DIA-inflate,9012,0.01159939942019024,0.018509140126918473,0.02835107934595668,5,0,0,1.0,1.0,1.0,0.0,True,6,True,0.009680832998128608,155.8360340322392,1.2707037465026405,5,5,0.3
12,contamination-sweep,Huber,9012,0.037559308569249765,0.051767042887755334,0.13845092310540139,4,1,1,0.8,0.8,0.8000000000000002,0.09090909090909091,False,24,True,0.014849416009383276,84.2714118631233,10.75862597418424,5,5,0.3
12,contamination-sweep,Hampel,9012,0.03473338618996317,0.03631372073717108,0.15251769270693363,4,1,1,0.8,0.8,0.8000000000000002,0.09090909090909091,False,6,True,0.004489457991439849,123.37051311069658,0.32532601803464206,5,5,0.3
13,contamination-sweep,WLS,9013,0.056443146235782636,0.09380645053124272,0.12487984124797932,0,0,5,0.0,0.0,0.0,0.0,False,1,True,0.0006386659806594253,77.00513239563476,50.59934870322255,0,5,0.3
13,contamination-sweep,DIA-reject,9013,0.009979843028922169,0.013765996250047378,0.027595257939748156,5,0,0,1.0,1.0,1.0,0.0,True,6,True,0.00823216699063778,306.7484190575682,0.9229096288558519,5,5,0.3
13,contamination-sweep,DIA-inflate,9013,0.017001309143546688,0.021991540479861238,0.049633379152047574,5,0,0,1.0,1.0,1.0,0.0,True,6,True,0.009638791991164908,240.0555137040986,1.397193659364352,5,5,0.3
13,contamination-sweep,Huber,9013,0.04591035168553435,0.061512461942020494,0.1249367331488219,5,1,0,0.8333333333333334,1.0,0.9090909090909091,0.09090909090909091,False,37,True,0.0220352920005098,90.52593645727003,10.15141165446124,6,5,0.3
13,contamination-sweep,Hampel,9013,0.04690966513785813,0.055384729544915544,0.1372644502296093,4,1,1,0.8,0.8,0.8000000000000002,0.09090909090909091,False,30,True,0.0187040829914622,144.97141392333506,1.1953629583093144,5,5,0.3
14,contamination-sweep,WLS,9014,0.027443552789699868,0.04343528247192515,0.0657093799451908,0,0,5,0.0,0.0,0.0,0.0,False,1,True,0.0006308330048341304,72.60232182250704,57.91384426551393,0,5,0.3
14,contamination-sweep,DIA-reject,9014,0.03525985106370656,0.03187811665263562,0.159171045888804,4,1,1,0.8,0.8,0.8000000000000002,0.09090909090909091,False,6,True,0.00831791601376608,89.94714483573095,0.735384601980348,5,5,0.3
14,contamination-sweep,DIA-inflate,9014,0.03488245398415553,0.03146115150872165,0.15753683050345066,4,1,1,0.8,0.8,0.8000000000000002,0.09090909090909091,False,6,True,0.009304084000177681,88.94479416242288,1.2721981797527104,5,5,0.3
14,contamination-sweep,Huber,9014,0.03190986787448549,0.032369180678395594,0.14058710019428483,4,1,1,0.8,0.8,0.8000000000000002,0.09090909090909091,False,24,True,0.014565167017281055,81.52388140560674,10.958223864970673,5,5,0.3
14,contamination-sweep,Hampel,9014,0.035259851063747655,0.03187811665272026,0.15917104588897432,4,1,1,0.8,0.8,0.8000000000000002,0.09090909090909091,False,5,True,0.0037709579919464886,89.94714483573095,0.32683760087863684,5,5,0.3
15,contamination-sweep,WLS,9015,0.14129927052097016,0.2429811955262107,0.31201912624120326,0,0,5,0.0,0.0,0.0,0.0,False,1,True,0.0006397910183295608,549.2469356188611,61.194751045124924,0,5,0.3
15,contamination-sweep,DIA-reject,9015,0.13555218029972446,0.23468285033078917,0.24173522439733178,4,0,1,1.0,0.8,0.888888888888889,0.0,False,5,True,0.00693116697948426,333.0156169852158,1.1067721091356029,4,5,0.3
15,contamination-sweep,DIA-inflate,9015,0.13558846570995692,0.23471418844870207,0.24274756813194487,4,0,1,1.0,0.8,0.888888888888889,0.0,False,5,True,0.007799083017744124,333.2999014301686,1.4171335880600706,4,5,0.3
15,contamination-sweep,Huber,9015,0.13922607796587652,0.23990263832668024,0.2937115912236859,4,1,1,0.8,0.8,0.8000000000000002,0.09090909090909091,False,27,True,0.01628750000963919,341.726559473139,9.12314059644012,5,5,0.3
15,contamination-sweep,Hampel,9015,0.13555218029891203,0.2346828503293931,0.241735224395218,4,0,1,1.0,0.8,0.888888888888889,0.0,False,4,True,0.0032157500099856406,333.0156169852158,0.6148733939873859,4,5,0.3
16,contamination-sweep,WLS,9016,0.04447161849061331,0.07150406471019091,0.10092196562733743,0,0,5,0.0,0.0,0.0,0.0,False,1,True,0.0006244590040296316,104.21235881914757,52.30319305638531,0,5,0.3
16,contamination-sweep,DIA-reject,9016,0.058054913478398106,0.058348706655178335,0.19839375958600813,3,2,2,0.6,0.6,0.6,0.18181818181818182,False,6,True,0.00810987502336502,94.03163605156888,1.218461325295254,5,5,0.3
16,contamination-sweep,DIA-inflate,9016,0.037750100806205084,0.03118421702549749,0.1717769677197081,4,1,1,0.8,0.8,0.8000000000000002,0.09090909090909091,False,6,False,0.00930541701382026,134.86995576601174,1.7420476485402998,5,5,0.3
16,contamination-sweep,Huber,9016,0.03115480544373647,0.0423408312257878,0.09026457691121302,5,2,0,0.7142857142857143,1.0,0.8333333333333333,0.18181818181818182,False,50,False,0.029289458005223423,135.3047269277534,11.115902053520463,7,5,0.3
16,contamination-sweep,Hampel,9016,0.006338714927308078,0.009277006172574912,0.022675858584151554,5,0,0,1.0,1.0,1.0,0.0,True,7,True,0.00492816700716503,122.35554863522081,0.5415383667889306,5,5,0.3
17,contamination-sweep,WLS,9017,0.04347054437704349,0.06471338909537723,0.12364451633253287,0,0,5,0.0,0.0,0.0,0.0,False,1,True,0.00062037497991696,52.729632825408046,40.889336815100116,0,5,0.3
17,contamination-sweep,DIA-reject,9017,0.10553535860722352,0.1577308189957069,0.21952536235869577,3,2,2,0.6,0.6,0.6,0.18181818181818182,False,6,True,0.00805400000535883,206.15247754031594,1.1769446237817804,5,5,0.3
17,contamination-sweep,DIA-inflate,9017,0.09844422325514321,0.14700496237631397,0.2082429672627956,2,3,3,0.4,0.4,0.4000000000000001,0.2727272727272727,False,6,False,0.009375083987833932,84.44686901454727,2.366560618358462,5,5,0.3
17,contamination-sweep,Huber,9017,0.03513177115428972,0.04312435649107342,0.13943254818838133,4,2,1,0.6666666666666666,0.8,0.7272727272727272,0.18181818181818182,False,36,True,0.021227499993983656,57.956530604314864,11.001322839720455,6,5,0.3
17,contamination-sweep,Hampel,9017,0.03138940172488689,0.02976792270792619,0.14082112514463205,4,2,1,0.6666666666666666,0.8,0.7272727272727272,0.18181818181818182,False,25,True,0.015482832997804508,74.5991220250136,1.567999194615034,6,5,0.3
18,contamination-sweep,WLS,9018,0.029689308415430302,0.044520603771768794,0.0909433132198041,0,0,5,0.0,0.0,0.0,0.0,False,1,True,0.0006708330183755606,162.36351646992094,62.94138557164677,0,5,0.3
18,contamination-sweep,DIA-reject,9018,0.007084729779740331,0.011138561887676385,0.01957729581793736,5,0,0,1.0,1.0,1.0,0.0,True,6,True,0.008197209011996165,165.90554348681937,0.8114461515434773,5,5,0.3
18,contamination-sweep,DIA-inflate,9018,0.00706341125715333,0.011172280039142472,0.019684636602240093,5,0,0,1.0,1.0,1.0,0.0,True,6,True,0.009260374994482845,165.37513683081175,1.302254118209389,5,5,0.3
18,contamination-sweep,Huber,9018,0.008937940396284642,0.013977239724330733,0.022513779659153955,5,0,0,1.0,1.0,1.0,0.0,True,13,True,0.008323874993948266,160.8766551745324,10.963659332598853,5,5,0.3
18,contamination-sweep,Hampel,9018,0.007084729780229309,0.011138561888504825,0.01957729581894074,5,0,0,1.0,1.0,1.0,0.0,True,6,True,0.004338665981777012,165.90554348681937,0.36064273401933644,5,5,0.3
19,contamination-sweep,WLS,9019,0.03415984859639692,0.05492688975808543,0.08449456252707979,0,0,5,0.0,0.0,0.0,0.0,False,1,True,0.0006440409924834967,111.09262603212224,61.8921011778209,0,5,0.3
19,contamination-sweep,DIA-reject,9019,0.048478421494698005,0.051882277841000767,0.17956053666844302,3,2,2,0.6,0.6,0.6,0.18181818181818182,False,6,True,0.008125082997139543,113.7861228094306,0.8837623560735185,5,5,0.3
19,contamination-sweep,DIA-inflate,9019,0.007668190267795313,0.012081968843636175,0.020578894162564858,5,0,0,1.0,1.0,1.0,0.0,True,6,False,0.009237083984771743,113.41657095148115,1.6772141819067794,5,5,0.3
19,contamination-sweep,Huber,9019,0.023914642552563703,0.033407600031883755,0.0876513968649104,5,2,0,0.7142857142857143,1.0,0.8333333333333333,0.18181818181818182,False,47,True,0.0274367920064833,72.69476344200453,11.93811318315317,7,5,0.3
19,contamination-sweep,Hampel,9019,0.04054755606745585,0.03777750441837798,0.18176616677902213,4,1,1,0.8,0.8,0.8000000000000002,0.09090909090909091,False,7,True,0.00503075000597164,151.5102415420499,0.39278326936307434,5,5,0.3
20,contamination-sweep,WLS,9020,0.04931675097182569,0.07875674912895866,0.13528230957115997,0,0,5,0.0,0.0,0.0,0.0,False,1,True,0.0006308750016614795,106.2582038101661,76.64515671098306,0,5,0.3
20,contamination-sweep,DIA-reject,9020,0.006092324435179816,0.009865005186914662,0.015418671809642877,5,0,0,1.0,1.0,1.0,0.0,True,6,True,0.008068875002209097,150.08234767718068,1.2151145739033642,5,5,0.3
20,contamination-sweep,DIA-inflate,9020,0.006106104882406773,0.009382122034682262,0.018537908258922566,5,0,0,1.0,1.0,1.0,0.0,True,6,False,0.009295083989854902,147.896064132566,2.0028983633547153,5,5,0.3
20,contamination-sweep,Huber,9020,0.029447361397611813,0.04323156523586142,0.07918035528064095,5,2,0,0.7142857142857143,1.0,0.8333333333333333,0.18181818181818182,False,35,True,0.020770667004399,134.05618623094156,13.531613379508679,7,5,0.3
20,contamination-sweep,Hampel,9020,0.006092324434919415,0.00986500518649649,0.015418671809513946,5,0,0,1.0,1.0,1.0,0.0,True,7,True,0.0050684580055531114,150.08234767718068,0.5400509217324143,5,5,0.3
21,contamination-sweep,WLS,9021,0.11738009460253959,0.20180869262467468,0.2321977233366277,0,0,5,0.0,0.0,0.0,0.0,False,1,True,0.0006263329996727407,154.6956888837367,47.17776022512965,0,5,0.3
21,contamination-sweep,DIA-reject,9021,0.2157986397109815,0.3722770051574291,0.45288070535938096,3,2,2,0.6,0.6,0.6,0.18181818181818182,False,6,True,0.00815866599441506,723.6181789174337,0.719671612821798,5,5,0.3
21,contamination-sweep,DIA-inflate,9021,0.05448540076268278,0.06024200375016059,0.23801838013717588,4,1,1,0.8,0.8,0.8000000000000002,0.09090909090909091,False,6,True,0.009907750005368143,454.0830919891499,1.4851901025846674,5,5,0.3
21,contamination-sweep,Huber,9021,0.10640455667240012,0.1838624953842142,0.21209669202256115,5,2,0,0.7142857142857143,1.0,0.8333333333333333,0.18181818181818182,False,50,False,0.03942024998832494,677.9138301706347,11.284587777918652,7,5,0.3
21,contamination-sweep,Hampel,9021,0.15878567610265687,0.2749955817136572,0.2791508397007743,4,1,1,0.8,0.8,0.8000000000000002,0.09090909090909091,False,6,True,0.006845541996881366,468.4721522590129,0.31985405015028373,5,5,0.3
22,contamination-sweep,WLS,9022,0.050684291480630556,0.08241739190139129,0.12495810770249491,0,0,5,0.0,0.0,0.0,0.0,False,1,True,0.0006882909801788628,66.98140554074472,64.8993960296582,0,5,0.3
22,contamination-sweep,DIA-reject,9022,0.007473551578543598,0.011341667211391484,0.0225620903431608,5,0,0,1.0,1.0,1.0,0.0,True,6,True,0.009971416991902515,137.04920353851597,0.8840474388009283,5,5,0.3
22,contamination-sweep,DIA-inflate,9022,0.007544714689612992,0.011014312258290816,0.02560567976925329,5,0,0,1.0,1.0,1.0,0.0,True,6,False,0.012175500014564022,134.1550037194095,1.7239412111240058,5,5,0.3
22,contamination-sweep,Huber,9022,0.02377452522560075,0.0285081678437425,0.09882793111087498,5,1,0,0.8333333333333334,1.0,0.9090909090909091,0.09090909090909091,False,29,True,0.024348000006284565,107.9620057655528,12.62873901319097,6,5,0.3
22,contamination-sweep,Hampel,9022,0.007473551578603002,0.01134166721152723,0.0225620903431608,5,0,0,1.0,1.0,1.0,0.0,True,5,True,0.004811833001440391,137.04920353851597,0.3929099728037181,5,5,0.3
23,contamination-sweep,WLS,9023,0.058125101349650515,0.09370619318096438,0.14746948307167373,0,0,5,0.0,0.0,0.0,0.0,False,1,True,0.0007769590010866523,59.87551745152125,66.83893817254457,0,5,0.3
23,contamination-sweep,DIA-reject,9023,0.009136852024958028,0.01556391564304342,0.020059663142140936,5,0,0,1.0,1.0,1.0,0.0,True,6,True,0.013451999984681606,98.18185444788821,0.6631854811433797,5,5,0.3
23,contamination-sweep,DIA-inflate,9023,0.009085894237092806,0.015157182225199977,0.020808096270666054,5,0,0,1.0,1.0,1.0,0.0,True,6,False,0.013247166003566235,95.15920293609277,1.4940010815346054,5,5,0.3
23,contamination-sweep,Huber,9023,0.0407356679445553,0.05591564886145022,0.1517671042878903,4,2,1,0.6666666666666666,0.8,0.7272727272727272,0.18181818181818182,False,36,True,0.033911375008756295,115.43332919702127,11.810497230808554,6,5,0.3
23,contamination-sweep,Hampel,9023,0.037595839189200814,0.03745511548817615,0.1677493158168006,4,1,1,0.8,0.8,0.8000000000000002,0.09090909090909091,False,7,True,0.005877375020645559,119.79726508323813,0.2947491027341675,5,5,0.3
24,contamination-sweep,WLS,9024,0.035601069518355226,0.05523294830710545,0.09436346083953129,0,0,5,0.0,0.0,0.0,0.0,False,1,True,0.0007733329839538783,131.40468648170364,70.96931306929066,0,5,0.3
24,contamination-sweep,DIA-reject,9024,0.009952715364556284,0.013749498325940523,0.037974275040171424,5,0,0,1.0,1.0,1.0,0.0,True,6,True,0.011749541008612141,126.5433055520832,0.7890582239211194,5,5,0.3
24,contamination-sweep,DIA-inflate,9024,0.010169811619559276,0.014220537497366032,0.038957823675711316,5,0,0,1.0,1.0,1.0,0.0,True,6,True,0.01139966701157391,126.34968159320131,1.434494389311881,5,5,0.3
24,contamination-sweep,Huber,9024,0.014638959876219096,0.02343402833832945,0.03727272480020786,5,0,0,1.0,1.0,1.0,0.0,True,37,True,0.027377040998544544,101.25880676363798,11.723222354580924,5,5,0.3
24,contamination-sweep,Hampel,9024,0.009952715364488824,0.01374949832587446,0.03797427503992054,5,0,0,1.0,1.0,1.0,0.0,True,5,True,0.008652791002532467,126.5433055520832,0.3506925439616938,5,5,0.3
25,contamination-sweep,WLS,9025,0.04282520634175164,0.061881107210886195,0.14404326904295658,0,0,5,0.0,0.0,0.0,0.0,False,1,True,0.0014783339865971357,53.90198364149111,40.28692430828809,0,5,0.3
25,contamination-sweep,DIA-reject,9025,0.06480647638974707,0.06408028796732493,0.25966461832721494,3,1,2,0.75,0.6,0.6666666666666665,0.09090909090909091,False,5,True,0.010689999995520338,98.73662679955483,0.7119653790984023,4,5,0.3
25,contamination-sweep,DIA-inflate,9025,0.039211225038057886,0.0424021673262072,0.14065662243625765,3,1,2,0.75,0.6,0.6666666666666665,0.09090909090909091,False,5,True,0.013813792000291869,110.32493020500773,1.0396980687848498,4,5,0.3
25,contamination-sweep,Huber,9025,0.037992930559109114,0.043493394253559484,0.12230072622775759,3,1,2,0.75,0.6,0.6666666666666665,0.09090909090909091,False,15,True,0.0167149169719778,87.6251449858877,8.346685368285243,4,5,0.3
25,contamination-sweep,Hampel,9025,0.03933153953850704,0.04244735455871839,0.14211702996036837,3,1,2,0.75,0.6,0.6666666666666665,0.09090909090909091,False,4,True,0.0035424169909674674,112.52082222453909,0.39553632172373304,4,5,0.3
26,contamination-sweep,WLS,9026,0.07141319452257526,0.0802843632332724,0.3081650023829881,0,0,5,0.0,0.0,0.0,0.0,False,1,True,0.0006833750230725855,120.14840517225855,42.005085912243125,0,5,0.3
26,contamination-sweep,DIA-reject,9026,0.06401436759182057,0.051756443082268885,0.29137748506373906,4,0,1,1.0,0.8,0.888888888888889,0.0,False,5,True,0.01033849999657832,96.3046605743345,0.6131228521937422,4,5,0.3
26,contamination-sweep,DIA-inflate,9026,0.0640663810887502,0.05185348179755067,0.2915851769604163,4,0,1,1.0,0.8,0.888888888888889,0.0,False,5,True,0.01265245900140144,96.27626385810977,0.9553585405625311,4,5,0.3
26,contamination-sweep,Huber,9026,0.06516749326059837,0.05538827500318712,0.29550195222830744,4,0,1,1.0,0.8,0.888888888888889,0.0,False,10,True,0.008417083008680493,95.97969543573558,8.095279178330669,4,5,0.3
26,contamination-sweep,Hampel,9026,0.06401436759162356,0.05175644308192812,0.2913774850629339,4,0,1,1.0,0.8,0.888888888888889,0.0,False,4,True,0.00420141700305976,96.3046605743345,0.3406238067749481,4,5,0.3
27,contamination-sweep,WLS,9027,0.05471754820834701,0.08093874772080534,0.17276953995958716,0,0,5,0.0,0.0,0.0,0.0,False,1,True,0.0006606669921893626,65.77592455188851,40.266903168287776,0,5,0.3
27,contamination-sweep,DIA-reject,9027,0.07601036393069023,0.08269578593745315,0.2552634072320951,4,1,1,0.8,0.8,0.8000000000000002,0.09090909090909091,False,6,True,0.009419291978701949,145.49221240679523,0.4862935841002665,5,5,0.3
27,contamination-sweep,DIA-inflate,9027,0.06879385913070218,0.0765701546002854,0.2228998041333976,3,2,2,0.6,0.6,0.6,0.18181818181818182,False,6,True,0.010211541986791417,71.67066467238402,1.0820809633310673,5,5,0.3
27,contamination-sweep,Huber,9027,0.05206629734534449,0.07051391676942968,0.1607704256135198,5,3,0,0.625,1.0,0.7692307692307693,0.2727272727272727,False,50,True,0.030928791995393112,92.65858401787617,9.53706291531766,8,5,0.3
27,contamination-sweep,Hampel,9027,0.0716163577739306,0.09106934789947488,0.21181478260352243,3,3,2,0.5,0.6,0.5454545454545454,0.2727272727272727,False,50,False,0.031660125008784235,104.1808263750979,2.066640712853245,6,5,0.3
28,contamination-sweep,WLS,9028,0.0484204822796753,0.0789030741404623,0.11298990233797289,0,0,5,0.0,0.0,0.0,0.0,False,1,True,0.000690249988110736,49.244067201537625,50.11725457021672,0,5,0.3
28,contamination-sweep,DIA-reject,9028,0.0422339577962746,0.03844438513497721,0.19074206330761936,4,1,1,0.8,0.8,0.8000000000000002,0.09090909090909091,False,6,True,0.008558625006116927,66.76671406959724,0.42403697565858595,5,5,0.3
28,contamination-sweep,DIA-inflate,9028,0.045191357446687806,0.04153758094095522,0.20387589167289757,4,1,1,0.8,0.8,0.8000000000000002,0.09090909090909091,False,6,True,0.010470750014064834,75.62658825648924,1.2087726889561239,5,5,0.3
28,contamination-sweep,Huber,9028,0.04921564645256425,0.06505400970551957,0.17071485452748847,4,2,1,0.6666666666666666,0.8,0.7272727272727272,0.18181818181818182,False,50,False,0.030766500014578924,75.36046258228392,11.231741988692034,6,5,0.3
28,contamination-sweep,Hampel,9028,0.04223395779626811,0.03844438513485,0.19074206330761936,4,1,1,0.8,0.8,0.8000000000000002,0.09090909090909091,False,6,True,0.004549707984551787,66.76671406959724,0.18846087807181244,5,5,0.3
29,contamination-sweep,WLS,9029,0.05342134116189733,0.08673877827328294,0.14520459327347246,0,0,5,0.0,0.0,0.0,0.0,False,1,True,0.0006925839988980442,66.16861614048202,98.25577363811409,0,5,0.3
29,contamination-sweep,DIA-reject,9029,0.0676722162788265,0.05033452664891314,0.3095240595320009,4,0,1,1.0,0.8,0.888888888888889,0.0,False,5,True,0.007333874993491918,132.91408496517383,1.280784203170146,4,5,0.3
29,contamination-sweep,DIA-inflate,9029,0.030221503720968816,0.02606306571165583,0.1368898110153778,5,0,0,1.0,1.0,1.0,0.0,True,6,False,0.01024883397622034,3270.9415972520246,1.957172857913159,5,5,0.3
29,contamination-sweep,Huber,9029,0.052330080406434165,0.04685237399277694,0.23579851201446222,4,0,1,1.0,0.8,0.888888888888889,0.0,False,16,True,0.010356249986216426,84.37251973340398,12.496567105764875,4,5,0.3
29,contamination-sweep,Hampel,9029,0.03018335033275027,0.025687094090729855,0.13699182011118155,5,0,0,1.0,1.0,1.0,0.0,True,5,True,0.0037540000048466027,32584913.519371692,0.7116718664343481,5,5,0.3
